사고번호,사고일시,요일,시군구,사고내용,사망자수,중상자수,경상자수,부상신고자수,사고유형,법규위반,노면상태,기상상태,도로형태,가해운전자 차종,가해운전자 성별,가해운전자 연령,가해운전자 상해정도,피해운전자 차종,피해운전자 성별,피해운전자 연령,피해운전자 상해정도
2021011800100057,2021년 1월 18일 08시,월요일,전라북도 익산시 왕궁면,경상사고,0,0,1,0,차대차 - 측면충돌,안전운전불이행,서리/결빙,눈,단일로 - 기타,승용,남,45세,상해없음,승용,남,44세,경상
2021011800100077,2021년 1월 18일 09시,월요일,전라북도 군산시 대야면,경상사고,0,0,2,0,차대차 - 추돌,안전운전불이행,적설,눈,단일로 - 기타,승용,여,52세,상해없음,승용,여,58세,경상
2021011800100078,2021년 1월 18일 09시,월요일,전라북도 익산시 덕기동,중상사고,0,2,5,0,차대차 - 측면충돌,기타,서리/결빙,눈,단일로 - 기타,승합,남,57세,경상,승용,남,42세,상해없음
2021011800100100,2021년 1월 18일 10시,월요일,전라북도 임실군 오수면,중상사고,0,1,0,0,차대차 - 추돌,안전운전불이행,적설,눈,기타 - 기타,특수,남,49세,상해없음,화물,남,49세,중상
2021011800100130,2021년 1월 18일 11시,월요일,전라북도 군산시 나운동,경상사고,0,0,1,0,차대차 - 기타,교차로운행방법위반,적설,눈,교차로 - 교차로안,승용,남,39세,상해없음,승용,남,75세,경상
2021011800100151,2021년 1월 18일 12시,월요일,전라북도 순창군 인계면,경상사고,0,0,3,0,차대차 - 측면충돌,안전운전불이행,적설,눈,단일로 - 기타,승용,남,23세,상해없음,승용,여,54세,경상
2021011800100175,2021년 1월 18일 13시,월요일,전라북도 익산시 모현동2가,경상사고,0,0,3,0,차대차 - 측면충돌,신호위반,건조,맑음,교차로 - 교차로안,승용,여,48세,상해없음,승용,남,68세,경상
2021011800100241,2021년 1월 18일 16시,월요일,전라북도 익산시 함라면,경상사고,0,0,2,0,차대차 - 측면충돌,신호위반,젖음/습기,눈,교차로 - 교차로안,승용,남,59세,상해없음,화물,남,56세,경상
2021011800100272,2021년 1월 18일 17시,월요일,전라북도 임실군 임실읍,중상사고,0,1,1,0,차량단독 - 공작물충돌,안전운전불이행,젖음/습기,눈,단일로 - 기타,화물,남,46세,상해없음,,,,
2021011800100377,2021년 1월 18일 19시,월요일,전라북도 익산시 어양동,경상사고,0,0,1,0,차대차 - 정면충돌,안전운전불이행,건조,맑음,교차로 - 교차로부근,승용,남,55세,상해없음,승용,여,59세,경상
2021011900100006,2021년 1월 19일 00시,화요일,전라북도 전주시 완산구 효자동2가,경상사고,0,0,2,0,차대차 - 추돌,기타,건조,맑음,교차로 - 교차로안,승용,남,32세,상해없음,승용,남,22세,경상
2021011900100085,2021년 1월 19일 08시,화요일,전라북도 순창군 순창읍,경상사고,0,0,1,0,차대차 - 추돌,안전운전불이행,건조,맑음,교차로 - 교차로부근,승용,남,45세,상해없음,승용,남,40세,경상
2021011900100112,2021년 1월 19일 09시,화요일,전라북도 군산시 옥산면,경상사고,0,0,1,0,차대차 - 추돌,신호위반,건조,맑음,교차로 - 교차로안,승용,남,59세,상해없음,승용,남,29세,경상
2021011900100150,2021년 1월 19일 10시,화요일,전라북도 익산시 남중동,중상사고,0,1,0,0,차대차 - 측면충돌,안전운전불이행,건조,맑음,단일로 - 기타,자전거,남,88세,중상,승용,남,68세,상해없음
2021011900100249,2021년 1월 19일 13시,화요일,전라북도 임실군 지사면,경상사고,0,0,1,0,차대차 - 기타,중앙선침범,건조,맑음,교차로 - 교차로부근,승용,여,28세,상해없음,승용,여,53세,경상
2021011900100283,2021년 1월 19일 14시,화요일,전라북도 익산시 왕궁면,중상사고,0,1,1,0,차대차 - 추돌,안전거리미확보,건조,맑음,단일로 - 기타,화물,남,39세,중상,화물,남,29세,경상
2021011900100342,2021년 1월 19일 16시,화요일,전라북도 전주시 완산구 서신동,중상사고,0,2,0,0,차대차 - 추돌,신호위반,건조,맑음,교차로 - 교차로부근,화물,남,28세,상해없음,승용,남,74세,중상
2021011900100343,2021년 1월 19일 16시,화요일,전라북도 부안군 하서면,중상사고,0,1,4,0,차대차 - 추돌,안전운전불이행,건조,맑음,단일로 - 기타,화물,남,59세,경상,승용,남,47세,경상
2021011900100382,2021년 1월 19일 17시,화요일,전라북도 완주군 화산면,경상사고,0,0,5,0,차대차 - 측면충돌,중앙선침범,건조,맑음,단일로 - 기타,승용,남,58세,상해없음,승용,여,39세,경상
2021011900100435,2021년 1월 19일 18시,화요일,전라북도 전주시 완산구 경원동3가,중상사고,0,1,0,0,차대사람 - 횡단중,안전운전불이행,건조,맑음,교차로 - 교차로횡단보도내,승용,남,56세,상해없음,보행자,여,78세,중상
2021011900100436,2021년 1월 19일 18시,화요일,전라북도 전주시 완산구 효자동2가,경상사고,0,0,1,0,차대차 - 측면충돌,안전거리미확보,건조,맑음,교차로 - 교차로부근,승용,남,65세,상해없음,승용,여,33세,경상
2021011900100486,2021년 1월 19일 19시,화요일,전라북도 전주시 완산구 효자동1가,경상사고,0,0,1,0,차대사람 - 길가장자리구역통행중,안전운전불이행,건조,맑음,단일로 - 기타,이륜,남,61세,상해없음,보행자,여,63세,경상
2021011900100528,2021년 1월 19일 20시,화요일,전라북도 완주군 삼례읍,중상사고,0,1,0,0,차대차 - 기타,안전운전불이행,건조,맑음,단일로 - 기타,승용,남,29세,상해없음,자전거,여,59세,중상
2021011900100571,2021년 1월 19일 21시,화요일,전라북도 완주군 삼례읍,중상사고,0,1,0,0,차대차 - 기타,안전운전불이행,건조,맑음,단일로 - 기타,승용,남,23세,상해없음,승용,남,34세,중상
2021012000100093,2021년 1월 20일 08시,수요일,전라북도 무주군 설천면,경상사고,0,0,1,0,차대차 - 측면충돌,중앙선침범,건조,맑음,단일로 - 지하차도(도로)내,승용,남,22세,상해없음,승용,여,46세,경상
2021012000100167,2021년 1월 20일 10시,수요일,전라북도 전주시 완산구 효자동3가,경상사고,0,0,2,0,차대차 - 추돌,안전운전불이행,건조,맑음,교차로 - 교차로부근,이륜,남,31세,상해없음,승용,남,37세,경상
2021012000100201,2021년 1월 20일 11시,수요일,전라북도 김제시 상동동,경상사고,0,0,1,0,차대차 - 측면충돌,불법유턴,건조,맑음,교차로 - 교차로부근,승용,남,70세,상해없음,특수,남,52세,경상
2021012000100245,2021년 1월 20일 12시,수요일,전라북도 부안군 부안읍,중상사고,0,1,0,0,차대차 - 측면충돌,안전운전불이행,건조,맑음,단일로 - 기타,화물,남,72세,상해없음,자전거,남,86세,중상
2021012000100278,2021년 1월 20일 13시,수요일,전라북도 군산시 임피면,경상사고,0,0,2,0,차대차 - 추돌,안전운전불이행,건조,맑음,단일로 - 지하차도(도로)내,화물,남,45세,상해없음,승용,남,59세,경상
2021012000100318,2021년 1월 20일 14시,수요일,전라북도 전주시 덕진구 장동,경상사고,0,0,1,0,차대차 - 정면충돌,안전운전불이행,건조,맑음,교차로 - 교차로안,승용,여,54세,상해없음,화물,남,50세,경상
2021012000100380,2021년 1월 20일 16시,수요일,전라북도 정읍시 농소동,경상사고,0,0,2,0,차대차 - 측면충돌,불법유턴,건조,맑음,교차로 - 교차로안,승용,남,71세,경상,승용,여,23세,경상
2021012000100499,2021년 1월 20일 18시,수요일,전라북도 부안군 부안읍,경상사고,0,0,2,0,차대차 - 추돌,안전운전불이행,건조,맑음,교차로 - 교차로부근,승용,남,69세,상해없음,승용,여,52세,경상
2021012000100500,2021년 1월 20일 18시,수요일,전라북도 임실군 관촌면,경상사고,0,0,1,0,차대차 - 추돌,안전운전불이행,건조,맑음,단일로 - 교량,승용,남,58세,상해없음,승용,남,38세,경상
2021012000100596,2021년 1월 20일 20시,수요일,전라북도 전주시 완산구 용복동,경상사고,0,0,1,0,차대차 - 추돌,안전운전불이행,건조,맑음,교차로 - 교차로안,승용,여,50세,상해없음,승용,남,38세,경상
2021012000100597,2021년 1월 20일 20시,수요일,전라북도 군산시 지곡동,경상사고,0,0,3,0,차대차 - 추돌,안전운전불이행,건조,맑음,단일로 - 지하차도(도로)내,승용,남,30세,상해없음,승용,남,31세,기타불명
2021012100100074,2021년 1월 21일 08시,목요일,전라북도 임실군 임실읍,경상사고,0,0,1,0,차대차 - 추돌,안전거리미확보,건조,맑음,교차로 - 교차로부근,승용,여,45세,상해없음,승용,여,34세,경상
2021012100100109,2021년 1월 21일 09시,목요일,전라북도 익산시 여산면,중상사고,0,1,0,0,차대차 - 추돌,안전거리미확보,건조,맑음,교차로 - 교차로안,화물,남,56세,상해없음,화물,남,62세,중상
2021012100100110,2021년 1월 21일 09시,목요일,전라북도 고창군 심원면,중상사고,0,1,0,0,차대차 - 측면충돌,교차로운행방법위반,건조,맑음,교차로 - 교차로안,원동기,남,86세,중상,승용,남,34세,상해없음
2021012100100182,2021년 1월 21일 11시,목요일,전라북도 장수군 장수읍,중상사고,0,1,0,0,차대차 - 측면충돌,안전거리미확보,건조,맑음,교차로 - 교차로안,자전거,남,85세,중상,승용,여,46세,상해없음
2021012100100247,2021년 1월 21일 13시,목요일,전라북도 정읍시 장명동,경상사고,0,0,1,0,차대차 - 측면충돌,안전운전불이행,젖음/습기,흐림,교차로 - 교차로안,승용,여,68세,상해없음,승용,남,73세,경상
2021012100100273,2021년 1월 21일 14시,목요일,전라북도 정읍시 감곡면,경상사고,0,0,1,0,차대차 - 추돌,안전운전불이행,젖음/습기,흐림,단일로 - 기타,승용,남,50세,상해없음,화물,남,74세,경상
2021012100100328,2021년 1월 21일 16시,목요일,전라북도 익산시 남중동,경상사고,0,0,4,0,차대차 - 측면충돌,직진우회전진행방해,건조,맑음,교차로 - 교차로안,승용,남,67세,상해없음,승용,남,59세,경상
2021012100100413,2021년 1월 21일 18시,목요일,전라북도 전주시 완산구 중화산동2가,경상사고,0,0,1,0,차대차 - 측면충돌,중앙선침범,젖음/습기,비,기타 - 기타,승용,여,45세,상해없음,승용,여,59세,경상
2021012100100414,2021년 1월 21일 18시,목요일,전라북도 익산시 인화동1가,사망사고,1,0,1,0,차대차 - 추돌,안전운전불이행,젖음/습기,눈,교차로 - 교차로안,화물,남,63세,사망,승용,남,32세,경상
2021012100100415,2021년 1월 21일 18시,목요일,전라북도 부안군 부안읍,경상사고,0,0,1,0,차대사람 - 횡단중,보행자보호의무위반,젖음/습기,비,교차로 - 교차로안,승용,여,57세,상해없음,보행자,여,66세,경상
2021012100100471,2021년 1월 21일 19시,목요일,전라북도 익산시 영등동,경상사고,0,0,1,0,차대차 - 측면충돌,신호위반,젖음/습기,비,교차로 - 교차로안,이륜,남,34세,상해없음,승용,여,52세,경상
2021012100100514,2021년 1월 21일 20시,목요일,전라북도 군산시 오식도동,경상사고,0,0,1,0,차대차 - 측면충돌,안전운전불이행,건조,맑음,교차로 - 교차로안,승용,남,40세,상해없음,승합,남,47세,경상
2021012100100558,2021년 1월 21일 21시,목요일,전라북도 전주시 덕진구 여의동2가,경상사고,0,0,2,0,차대차 - 측면충돌,안전운전불이행,젖음/습기,비,단일로 - 기타,승용,남,41세,상해없음,승용,남,51세,경상
2021012100100598,2021년 1월 21일 22시,목요일,전라북도 부안군 변산면,경상사고,0,0,3,0,차대차 - 정면충돌,중앙선침범,건조,맑음,단일로 - 기타,승용,남,30세,상해없음,승용,남,19세,경상
2021012200100005,2021년 1월 22일 00시,금요일,전라북도 전주시 완산구 효자동3가,중상사고,0,1,0,0,차대차 - 측면충돌,신호위반,젖음/습기,비,교차로 - 교차로안,승용,남,23세,상해없음,승용,남,45세,중상
2021012200100019,2021년 1월 22일 04시,금요일,전라북도 완주군 이서면,중상사고,0,1,0,0,차대차 - 추돌,안전운전불이행,젖음/습기,안개,단일로 - 기타,화물,남,57세,상해없음,특수,남,41세,중상
2021012200100042,2021년 1월 22일 06시,금요일,전라북도 장수군 계북면,중상사고,0,1,0,0,차대차 - 추돌,안전운전불이행,젖음/습기,안개,기타 - 기타,특수,남,62세,상해없음,승용,남,41세,중상
2021012200100073,2021년 1월 22일 08시,금요일,전라북도 전주시 완산구 효자동2가,경상사고,0,0,1,0,차대차 - 측면충돌,안전운전불이행,건조,맑음,단일로 - 기타,승용,남,68세,상해없음,승용,여,39세,경상
2021012200100097,2021년 1월 22일 09시,금요일,전라북도 군산시 옥산면,중상사고,0,1,1,0,차대차 - 측면충돌,신호위반,건조,맑음,교차로 - 교차로안,화물,남,28세,중상,화물,남,56세,경상
2021012200100098,2021년 1월 22일 09시,금요일,전라북도 익산시 신동,경상사고,0,0,1,0,차대차 - 측면충돌,안전운전불이행,건조,맑음,교차로 - 교차로부근,승용,남,31세,상해없음,자전거,남,19세,경상
2021012200100221,2021년 1월 22일 14시,금요일,전라북도 순창군 동계면,중상사고,0,1,0,1,차량단독 - 도로외이탈 - 기타,안전운전불이행,건조,맑음,단일로 - 기타,화물,남,69세,부상신고,,,,
2021012200100246,2021년 1월 22일 15시,금요일,전라북도 전주시 덕진구 송천동2가,경상사고,0,0,1,0,차대사람 - 횡단중,보행자보호의무위반,건조,맑음,단일로 - 기타,승용,여,44세,상해없음,보행자,남,8세,경상
2021012200100281,2021년 1월 22일 16시,금요일,전라북도 전주시 완산구 중화산동2가,중상사고,0,1,0,0,차대차 - 기타,직진우회전진행방해,건조,맑음,교차로 - 교차로안,승합,남,49세,상해없음,이륜,남,34세,중상
2021012200100282,2021년 1월 22일 16시,금요일,전라북도 익산시 창인동1가,경상사고,0,0,1,0,차대사람 - 횡단중,보행자보호의무위반,건조,맑음,교차로 - 교차로횡단보도내,화물,남,48세,상해없음,보행자,남,72세,경상
2021012200100328,2021년 1월 22일 17시,금요일,전라북도 전주시 덕진구 장동,중상사고,0,1,0,0,차대차 - 추돌,안전운전불이행,건조,맑음,단일로 - 기타,자전거,기타불명,미분류,기타불명,자전거,여,61세,중상
2021012200100394,2021년 1월 22일 18시,금요일,전라북도 군산시 수송동,경상사고,0,0,2,0,차대차 - 추돌,안전운전불이행,건조,맑음,단일로 - 기타,승용,남,77세,상해없음,승용,여,20세,경상
2021012200100395,2021년 1월 22일 18시,금요일,전라북도 군산시 수송동,경상사고,0,0,1,0,차대차 - 측면충돌,안전운전불이행,건조,맑음,교차로 - 교차로안,승용,남,29세,상해없음,원동기,남,52세,경상
2021012200100396,2021년 1월 22일 18시,금요일,전라북도 익산시 남중동,경상사고,0,0,1,0,차대차 - 추돌,안전운전불이행,건조,맑음,단일로 - 기타,승용,남,53세,상해없음,승용,남,43세,경상
2021012200100465,2021년 1월 22일 19시,금요일,전라북도 전주시 완산구 중화산동2가,경상사고,0,0,1,0,차대차 - 측면충돌,안전거리미확보,건조,맑음,단일로 - 기타,승용,여,50세,기타불명,승용,여,40세,경상
2021012200100466,2021년 1월 22일 19시,금요일,전라북도 진안군 부귀면,사망사고,1,0,2,0,차대차 - 정면충돌,중앙선침범,젖음/습기,안개,단일로 - 지하차도(도로)내,승용,남,58세,사망,승용,남,49세,경상
2021012200100504,2021년 1월 22일 20시,금요일,전라북도 전주시 완산구 서신동,경상사고,0,0,1,0,차대사람 - 횡단중,보행자보호의무위반,건조,맑음,교차로 - 교차로횡단보도내,승용,남,71세,상해없음,보행자,여,25세,경상
2021012200100578,2021년 1월 22일 22시,금요일,전라북도 군산시 나운동,경상사고,0,0,1,0,차대차 - 측면충돌,안전운전불이행,건조,맑음,교차로 - 교차로안,승용,여,50세,상해없음,승용,남,46세,경상
2021012200100579,2021년 1월 22일 22시,금요일,전라북도 군산시 내초동,경상사고,0,0,1,0,차대차 - 추돌,안전운전불이행,건조,맑음,교차로 - 교차로부근,승용,남,59세,상해없음,특수,남,46세,경상
2021012200100598,2021년 1월 22일 23시,금요일,전라북도 전주시 완산구 평화동1가,중상사고,0,2,1,0,차대차 - 기타,신호위반,건조,맑음,교차로 - 교차로안,승용,남,66세,상해없음,승용,남,19세,경상
2021012300100069,2021년 1월 23일 09시,토요일,전라북도 군산시 개정면,경상사고,0,0,3,0,차대차 - 추돌,안전운전불이행,건조,맑음,단일로 - 기타,화물,남,46세,상해없음,승용,여,42세,경상
2021012300100070,2021년 1월 23일 09시,토요일,전라북도 완주군 봉동읍,중상사고,0,1,1,0,차대차 - 측면충돌,신호위반,건조,맑음,교차로 - 교차로안,승용,남,66세,기타불명,화물,남,43세,중상
2021012300100151,2021년 1월 23일 12시,토요일,전라북도 익산시 창인동1가,중상사고,0,1,0,0,차대차 - 측면충돌,안전운전불이행,건조,맑음,교차로 - 교차로안,승합,남,62세,상해없음,이륜,남,50세,중상
2021012300100152,2021년 1월 23일 12시,토요일,전라북도 익산시 함열읍,경상사고,0,0,4,0,차대차 - 측면충돌,안전운전불이행,건조,맑음,교차로 - 교차로부근,승용,남,71세,상해없음,승용,남,38세,경상
2021012300100215,2021년 1월 23일 14시,토요일,전라북도 전주시 완산구 중화산동2가,경상사고,0,0,1,0,차대차 - 추돌,안전운전불이행,건조,맑음,단일로 - 기타,승용,남,54세,상해없음,승용,남,29세,경상
2021012300100216,2021년 1월 23일 14시,토요일,전라북도 김제시 만경읍,경상사고,0,0,1,0,차대차 - 측면충돌,안전운전불이행,건조,맑음,교차로 - 교차로부근,승용,남,50세,상해없음,승용,남,71세,경상
2021012300100282,2021년 1월 23일 16시,토요일,전라북도 전주시 덕진구 진북동,경상사고,0,0,3,0,차대차 - 측면충돌,신호위반,건조,맑음,교차로 - 교차로부근,승용,여,43세,상해없음,승용,여,42세,경상
2021012300100283,2021년 1월 23일 16시,토요일,전라북도 고창군 고창읍,경상사고,0,0,1,0,차대차 - 측면충돌,교차로운행방법위반,건조,맑음,교차로 - 교차로안,승용,남,43세,상해없음,승용,남,61세,경상
2021012300100284,2021년 1월 23일 16시,토요일,전라북도 완주군 소양면,중상사고,0,1,0,0,차량단독 - 기타,안전운전불이행,건조,흐림,기타 - 기타,자전거,남,75세,중상,,,,
2021012300100419,2021년 1월 23일 20시,토요일,전라북도 군산시 개정면,경상사고,0,0,2,0,차대차 - 측면충돌,안전운전불이행,건조,흐림,교차로 - 교차로부근,승용,남,65세,상해없음,승용,여,49세,경상
2021012300100420,2021년 1월 23일 20시,토요일,전라북도 익산시 인화동2가,경상사고,0,0,2,0,차대차 - 측면충돌,차로위반,건조,맑음,교차로 - 교차로안,승용,남,80세,상해없음,승용,남,26세,경상
2021012300100452,2021년 1월 23일 21시,토요일,전라북도 군산시 명산동,경상사고,0,0,5,0,차대차 - 추돌,안전운전불이행,건조,맑음,교차로 - 교차로부근,승용,남,33세,상해없음,승용,남,22세,경상
2021012300100497,2021년 1월 23일 23시,토요일,전라북도 익산시 남중동,중상사고,0,1,1,0,차대차 - 기타,신호위반,건조,맑음,교차로 - 교차로안,이륜,남,49세,중상,승용,남,56세,경상
2021012400100012,2021년 1월 24일 01시,일요일,전라북도 군산시 대야면,경상사고,0,0,1,0,차대차 - 측면충돌,중앙선침범,건조,맑음,교차로 - 교차로부근,승용,남,29세,상해없음,승용,남,59세,경상
2021012400100150,2021년 1월 24일 14시,일요일,전라북도 순창군 구림면,중상사고,0,1,3,0,차대차 - 측면충돌,안전운전불이행,건조,흐림,교차로 - 교차로안,승용,남,47세,상해없음,승합,남,43세,중상
2021012400100173,2021년 1월 24일 15시,일요일,전라북도 전주시 완산구 상림동,경상사고,0,0,1,0,차대차 - 추돌,안전운전불이행,건조,맑음,단일로 - 기타,승용,남,58세,상해없음,승용,남,49세,경상
2021012400100174,2021년 1월 24일 15시,일요일,전라북도 전주시 완산구 상림동,경상사고,0,0,3,0,차대차 - 추돌,안전운전불이행,건조,맑음,교차로 - 교차로부근,승용,남,58세,상해없음,승용,남,49세,경상
2021012400100214,2021년 1월 24일 17시,일요일,전라북도 김제시 백구면,경상사고,0,0,1,0,차대차 - 측면충돌,신호위반,건조,맑음,교차로 - 교차로안,승용,남,43세,상해없음,승용,남,25세,상해없음
2021012400100247,2021년 1월 24일 18시,일요일,전라북도 익산시 신동,경상사고,0,0,1,0,차량단독 - 공작물충돌,안전운전불이행,건조,맑음,교차로 - 교차로부근,승용,남,66세,상해없음,,,,
2021012400100276,2021년 1월 24일 19시,일요일,전라북도 전주시 덕진구 장동,경상사고,0,0,1,0,차대차 - 측면충돌,안전거리미확보,건조,맑음,단일로 - 기타,승용,여,42세,상해없음,화물,남,41세,경상
2021012400100277,2021년 1월 24일 19시,일요일,전라북도 남원시 금지면,사망사고,1,0,0,0,차대사람 - 횡단중,안전운전불이행,건조,맑음,교차로 - 교차로안,화물,남,56세,상해없음,보행자,남,81세,사망
2021012500100203,2021년 1월 25일 12시,월요일,전라북도 전주시 완산구 효자동2가,경상사고,0,0,1,0,차대차 - 기타,안전거리미확보,건조,맑음,교차로 - 교차로안,승용,남,40세,상해없음,승합,남,57세,경상
2021012500100314,2021년 1월 25일 15시,월요일,전라북도 정읍시 상동,중상사고,0,1,1,0,차대차 - 측면충돌,차로위반,건조,맑음,교차로 - 교차로부근,승용,남,80세,상해없음,승용,여,47세,중상
2021012500100345,2021년 1월 25일 16시,월요일,전라북도 전주시 덕진구 우아동3가,경상사고,0,0,1,0,차대차 - 후진중충돌,안전운전불이행,건조,맑음,교차로 - 교차로안,승용,남,66세,상해없음,승용,남,61세,경상
2021012500100389,2021년 1월 25일 17시,월요일,전라북도 완주군 이서면,경상사고,0,0,1,0,차대차 - 측면충돌,신호위반,건조,맑음,교차로 - 교차로안,승용,남,21세,상해없음,승용,여,37세,경상
2021012500100475,2021년 1월 25일 19시,월요일,전라북도 정읍시 북면,경상사고,0,0,1,0,차량단독 - 공작물충돌,안전운전불이행,건조,맑음,단일로 - 기타,화물,남,58세,경상,,,,
2021012500100539,2021년 1월 25일 21시,월요일,전라북도 전주시 덕진구 금암동,경상사고,0,0,1,0,차대차 - 추돌,안전운전불이행,건조,맑음,교차로 - 교차로부근,승용,남,40세,상해없음,승용,남,73세,경상
2021012500100540,2021년 1월 25일 21시,월요일,전라북도 익산시 삼기면,경상사고,0,0,1,0,차대차 - 추돌,안전운전불이행,건조,맑음,교차로 - 교차로부근,승용,남,30세,상해없음,승용,여,56세,경상
2021012500100541,2021년 1월 25일 21시,월요일,전라북도 정읍시 상동,경상사고,0,0,1,0,차대차 - 기타,직진우회전진행방해,건조,맑음,교차로 - 교차로안,승용,남,29세,상해없음,이륜,남,19세,경상
2021012600100007,2021년 1월 26일 00시,화요일,전라북도 전주시 덕진구 인후동1가,경상사고,0,0,1,0,차대차 - 추돌,안전운전불이행,건조,맑음,단일로 - 기타,승용,남,28세,상해없음,승용,남,27세,경상
2021012600100073,2021년 1월 26일 07시,화요일,전라북도 전주시 완산구 효자동2가,중상사고,0,1,1,0,차대차 - 측면충돌,신호위반,젖음/습기,비,교차로 - 교차로안,승용,여,64세,상해없음,승용,여,43세,중상
2021012600100074,2021년 1월 26일 07시,화요일,전라북도 전주시 완산구 효자동3가,경상사고,0,0,1,0,차대차 - 추돌,안전운전불이행,건조,맑음,교차로 - 교차로부근,승용,여,55세,경상,승용,남,37세,상해없음
2021012600100075,2021년 1월 26일 07시,화요일,전라북도 군산시 소룡동,경상사고,0,0,1,0,차대차 - 기타,안전운전불이행,젖음/습기,비,단일로 - 기타,건설기계,남,54세,상해없음,승용,남,40세,경상
2021012600100076,2021년 1월 26일 07시,화요일,전라북도 남원시 죽항동,중상사고,0,1,0,0,차대차 - 측면충돌,차로위반,젖음/습기,비,단일로 - 기타,자전거,여,75세,중상,승용,남,30세,기타불명
2021012600100100,2021년 1월 26일 08시,화요일,전라북도 군산시 산북동,사망사고,1,0,0,0,차대사람 - 횡단중,보행자보호의무위반,젖음/습기,비,교차로 - 교차로횡단보도내,화물,남,60세,상해없음,보행자,여,56세,사망
2021012600100101,2021년 1월 26일 08시,화요일,전라북도 익산시 평화동,경상사고,0,0,1,0,차대차 - 측면충돌,안전운전불이행,건조,맑음,교차로 - 교차로안,승합,남,60세,상해없음,승용,남,73세,경상
2021012600100206,2021년 1월 26일 12시,화요일,전라북도 남원시 향교동,중상사고,0,1,0,0,차대차 - 측면충돌,안전운전불이행,젖음/습기,비,단일로 - 기타,승용,여,58세,상해없음,이륜,여,36세,중상
2021012600100329,2021년 1월 26일 16시,화요일,전라북도 익산시 마동,중상사고,0,1,0,0,차대차 - 측면충돌,안전운전불이행,건조,맑음,단일로 - 기타,승용,여,43세,상해없음,자전거,여,62세,중상
2021012600100330,2021년 1월 26일 16시,화요일,전라북도 익산시 남중동,경상사고,0,0,1,0,차대차 - 측면충돌,안전운전불이행,건조,맑음,교차로 - 교차로부근,승용,남,53세,상해없음,승용,남,36세,경상
2021012600100359,2021년 1월 26일 17시,화요일,전라북도 전주시 완산구 효자동2가,경상사고,0,0,1,0,차대차 - 추돌,안전운전불이행,건조,맑음,교차로 - 교차로부근,화물,남,64세,상해없음,승용,남,53세,경상
2021012600100360,2021년 1월 26일 17시,화요일,전라북도 전주시 완산구 중화산동2가,경상사고,0,0,1,0,차대차 - 측면충돌,안전운전불이행,건조,맑음,단일로 - 기타,승용,여,33세,상해없음,승용,여,40세,경상
2021012600100404,2021년 1월 26일 18시,화요일,전라북도 전주시 덕진구 여의동,중상사고,0,1,0,0,차대차 - 측면충돌,중앙선침범,건조,흐림,교차로 - 교차로부근,승용,남,39세,상해없음,승용,남,29세,중상
2021012600100405,2021년 1월 26일 18시,화요일,전라북도 전주시 덕진구 송천동1가,경상사고,0,0,4,0,차대차 - 측면충돌,안전거리미확보,건조,흐림,교차로 - 교차로안,승용,남,68세,기타불명,승용,남,72세,경상
2021012600100459,2021년 1월 26일 19시,화요일,전라북도 전주시 완산구 다가동3가,중상사고,0,1,0,0,차대차 - 추돌,안전운전불이행,건조,맑음,교차로 - 교차로안,승용,남,68세,상해없음,이륜,남,55세,중상
2021012600100460,2021년 1월 26일 19시,화요일,전라북도 전주시 덕진구 금암동,경상사고,0,0,1,0,차대차 - 측면충돌,불법유턴,건조,흐림,단일로 - 기타,승용,남,55세,상해없음,이륜,남,16세,경상
2021012600100461,2021년 1월 26일 19시,화요일,전라북도 군산시 산북동,경상사고,0,0,1,0,차대차 - 기타,안전운전불이행,젖음/습기,비,교차로 - 교차로안,이륜,남,33세,경상,승합,남,65세,상해없음
2021012600100462,2021년 1월 26일 19시,화요일,전라북도 군산시 나운동,경상사고,0,0,1,0,차대차 - 기타,교차로운행방법위반,건조,맑음,교차로 - 교차로안,승용,남,50세,상해없음,승용,남,54세,경상
2021012600100499,2021년 1월 26일 20시,화요일,전라북도 전주시 덕진구 인후동1가,경상사고,0,0,3,0,차대차 - 추돌,안전운전불이행,건조,흐림,단일로 - 기타,승용,남,41세,상해없음,승용,여,48세,경상
2021012700100075,2021년 1월 27일 08시,수요일,전라북도 정읍시 시기동,경상사고,0,0,3,0,차대차 - 측면충돌,신호위반,건조,맑음,교차로 - 교차로안,승용,여,42세,상해없음,승용,여,35세,경상
2021012700100105,2021년 1월 27일 09시,수요일,전라북도 김제시 갈공동,경상사고,0,0,2,0,차대차 - 추돌,안전거리미확보,건조,맑음,단일로 - 기타,건설기계,남,49세,상해없음,화물,남,48세,경상
2021012700100142,2021년 1월 27일 11시,수요일,전라북도 익산시 신동,중상사고,0,1,0,0,차대차 - 정면충돌,신호위반,건조,맑음,교차로 - 교차로안,승용,여,79세,상해없음,이륜,남,24세,중상
2021012700100174,2021년 1월 27일 12시,수요일,전라북도 전주시 완산구 중화산동1가,사망사고,1,0,0,0,차대차 - 기타,안전운전불이행,건조,맑음,단일로 - 기타,승용,남,55세,상해없음,승용,남,68세,상해없음