사고번호,사고일시,요일,시군구,사고내용,사망자수,중상자수,경상자수,부상신고자수,사고유형,법규위반,노면상태,기상상태,도로형태,가해운전자 차종,가해운전자 성별,가해운전자 연령,가해운전자 상해정도,피해운전자 차종,피해운전자 성별,피해운전자 연령,피해운전자 상해정도
2021012700100175,2021년 1월 27일 12시,수요일,전라북도 전주시 덕진구 인후동1가,경상사고,0,0,1,0,차대사람 - 보도통행중,안전운전불이행,건조,맑음,단일로 - 기타,승용,여,40세,상해없음,보행자,여,9세,경상
2021012700100240,2021년 1월 27일 14시,수요일,전라북도 완주군 고산면,경상사고,0,0,2,0,차대차 - 측면충돌,안전운전불이행,건조,맑음,교차로 - 교차로안,승용,여,61세,경상,승용,남,27세,경상
2021012700100272,2021년 1월 27일 15시,수요일,전라북도 부안군 보안면,중상사고,0,1,2,0,차대차 - 측면충돌,안전운전불이행,건조,맑음,교차로 - 교차로안,승용,남,79세,경상,승용,여,43세,경상
2021012700100299,2021년 1월 27일 16시,수요일,전라북도 전주시 덕진구 우아동2가,경상사고,0,0,1,0,차대사람 - 차도통행중,보행자보호의무위반,건조,맑음,교차로 - 교차로횡단보도내,승용,남,70세,상해없음,보행자,남,78세,경상
2021012700100328,2021년 1월 27일 17시,수요일,전라북도 군산시 구암동,경상사고,0,0,1,0,차대차 - 측면충돌,안전운전불이행,건조,맑음,단일로 - 기타,승용,남,52세,상해없음,자전거,남,73세,경상
2021012700100382,2021년 1월 27일 18시,수요일,전라북도 김제시 요촌동,경상사고,0,0,1,0,차대차 - 측면충돌,안전운전불이행,건조,맑음,교차로 - 교차로안,승용,여,52세,상해없음,승용,여,26세,경상
2021012700100426,2021년 1월 27일 19시,수요일,전라북도 전주시 완산구 평화동1가,경상사고,0,0,1,0,차대사람 - 횡단중,안전운전불이행,건조,맑음,교차로 - 교차로안,승용,남,58세,상해없음,보행자,여,70세,경상
2021012700100500,2021년 1월 27일 21시,수요일,전라북도 전주시 완산구 서신동,경상사고,0,0,1,0,차대차 - 측면충돌,안전거리미확보,건조,맑음,단일로 - 기타,승용,남,55세,상해없음,승용,남,25세,경상
2021012800100037,2021년 1월 28일 07시,목요일,전라북도 고창군 해리면,중상사고,0,1,0,0,차대차 - 측면충돌,교차로운행방법위반,건조,맑음,교차로 - 교차로안,승용,남,70세,상해없음,화물,남,39세,중상
2021012800100054,2021년 1월 28일 08시,목요일,전라북도 군산시 나운동,경상사고,0,0,1,0,차대사람 - 횡단중,보행자보호의무위반,건조,맑음,교차로 - 교차로횡단보도내,승용,여,30세,상해없음,보행자,여,39세,경상
2021012800100055,2021년 1월 28일 08시,목요일,전라북도 익산시 창인동1가,경상사고,0,0,2,0,차대차 - 측면충돌,신호위반,건조,맑음,교차로 - 교차로안,승용,남,62세,상해없음,승용,남,34세,경상
2021012800100056,2021년 1월 28일 08시,목요일,전라북도 남원시 용정동,중상사고,0,1,0,0,차대사람 - 길가장자리구역통행중,안전운전불이행,건조,맑음,단일로 - 기타,이륜,남,59세,상해없음,보행자,남,38세,중상
2021012800100076,2021년 1월 28일 09시,목요일,전라북도 김제시 광활면,중상사고,0,1,1,0,차대차 - 측면충돌,기타,건조,맑음,교차로 - 교차로안,화물,남,34세,상해없음,화물,남,60세,경상
2021012800100350,2021년 1월 28일 17시,목요일,전라북도 정읍시 흑암동,중상사고,0,1,0,0,차량단독 - 전도전복 - 전도,안전운전불이행,젖음/습기,눈,단일로 - 지하차도(도로)내,사륜오토바이(ATV),남,78세,중상,,,,
2021012800100390,2021년 1월 28일 18시,목요일,전라북도 전주시 덕진구 중동,경상사고,0,0,1,0,차대차 - 측면충돌,신호위반,젖음/습기,눈,교차로 - 교차로안,이륜,여,53세,상해없음,승용,남,26세,경상
2021012800100391,2021년 1월 28일 18시,목요일,전라북도 임실군 강진면,경상사고,0,0,1,0,차대차 - 추돌,안전운전불이행,적설,눈,단일로 - 교량,승합,남,53세,상해없음,화물,남,39세,경상
2021012800100533,2021년 1월 28일 23시,목요일,전라북도 진안군 진안읍,경상사고,0,0,1,0,차대차 - 측면충돌,직진우회전진행방해,서리/결빙,눈,교차로 - 교차로안,승용,남,38세,경상,승용,여,45세,상해없음
2021012900100046,2021년 1월 29일 06시,금요일,전라북도 군산시 오식도동,경상사고,0,0,1,0,차대차 - 측면충돌,안전거리미확보,건조,맑음,단일로 - 지하차도(도로)내,특수,남,55세,상해없음,승용,여,56세,경상
2021012900100133,2021년 1월 29일 09시,금요일,전라북도 전주시 덕진구 금암동,경상사고,0,0,1,0,차대차 - 측면충돌,안전운전불이행,건조,맑음,교차로 - 교차로부근,승용,남,81세,상해없음,화물,남,40세,경상
2021012900100134,2021년 1월 29일 09시,금요일,전라북도 완주군 봉동읍,경상사고,0,0,1,0,차대차 - 측면충돌,안전거리미확보,건조,맑음,교차로 - 교차로안,승용,여,44세,상해없음,승용,남,40세,경상
2021012900100169,2021년 1월 29일 10시,금요일,전라북도 전주시 완산구 효자동1가,중상사고,0,1,0,0,차대사람 - 횡단중,보행자보호의무위반,건조,맑음,교차로 - 교차로부근,화물,남,63세,상해없음,보행자,남,73세,중상
2021012900100195,2021년 1월 29일 11시,금요일,전라북도 군산시 나운동,경상사고,0,0,2,0,차대차 - 후진중충돌,안전운전불이행,건조,맑음,교차로 - 교차로안,승용,남,59세,상해없음,승용,남,38세,경상
2021012900100230,2021년 1월 29일 12시,금요일,전라북도 전주시 완산구 상림동,경상사고,0,0,4,0,차대차 - 추돌,안전거리미확보,건조,맑음,교차로 - 교차로부근,화물,남,61세,경상,승용,여,60세,경상
2021012900100231,2021년 1월 29일 12시,금요일,전라북도 전주시 덕진구 진북동,경상사고,0,0,1,0,차대차 - 측면충돌,안전운전불이행,건조,맑음,교차로 - 교차로안,승용,남,54세,상해없음,자전거,남,68세,경상
2021012900100314,2021년 1월 29일 15시,금요일,전라북도 군산시 나운동,중상사고,0,1,0,0,차대사람 - 횡단중,안전운전불이행,건조,맑음,교차로 - 교차로부근,승용,여,46세,상해없음,보행자,여,56세,중상
2021012900100315,2021년 1월 29일 15시,금요일,전라북도 익산시 영등동,중상사고,0,1,0,0,차량단독 - 기타,기타,건조,맑음,단일로 - 기타,승합,남,60세,상해없음,,,,
2021012900100316,2021년 1월 29일 15시,금요일,전라북도 김제시 신풍동,경상사고,0,0,1,0,차대사람 - 횡단중,보행자보호의무위반,건조,맑음,교차로 - 교차로안,승합,남,74세,상해없음,보행자,여,72세,경상
2021012900100317,2021년 1월 29일 15시,금요일,전라북도 부안군 부안읍,중상사고,0,1,0,0,차대사람 - 횡단중,보행자보호의무위반,건조,맑음,단일로 - 지하차도(도로)내,화물,남,43세,상해없음,보행자,남,86세,중상
2021012900100429,2021년 1월 29일 18시,금요일,전라북도 정읍시 농소동,경상사고,0,0,1,0,차대차 - 측면충돌,안전운전불이행,건조,맑음,교차로 - 교차로부근,자전거,여,75세,경상,승용,여,57세,상해없음
2021012900100475,2021년 1월 29일 19시,금요일,전라북도 군산시 경암동,경상사고,0,0,2,0,차대차 - 측면충돌,안전운전불이행,건조,맑음,교차로 - 교차로안,승용,남,60세,상해없음,승용,남,46세,경상
2021012900100511,2021년 1월 29일 20시,금요일,전라북도 익산시 남중동,경상사고,0,0,3,0,차대차 - 측면충돌,안전운전불이행,건조,맑음,교차로 - 교차로안,승용,여,49세,상해없음,승용,여,50세,경상
2021012900100555,2021년 1월 29일 21시,금요일,전라북도 익산시 신흥동,중상사고,0,1,0,0,차대차 - 측면충돌,신호위반,건조,맑음,교차로 - 교차로안,승용,남,21세,상해없음,이륜,남,39세,중상
2021013000100007,2021년 1월 30일 00시,토요일,전라북도 전주시 완산구 서서학동,중상사고,0,1,0,0,차대차 - 기타,안전운전불이행,젖음/습기,맑음,단일로 - 교량,승용,남,59세,상해없음,이륜,남,25세,중상
2021013000100022,2021년 1월 30일 02시,토요일,전라북도 정읍시 시기동,경상사고,0,0,1,0,차대차 - 추돌,안전운전불이행,건조,맑음,기타 - 기타,개인형이동수단(PM),남,20세,경상,승용,여,39세,상해없음
2021013000100115,2021년 1월 30일 11시,토요일,전라북도 전주시 완산구 삼천동1가,경상사고,0,0,1,0,차대사람 - 기타,안전운전불이행,건조,맑음,단일로 - 기타,승용,남,39세,기타불명,보행자,남,28세,경상
2021013000100116,2021년 1월 30일 11시,토요일,전라북도 익산시 황등면,경상사고,0,0,6,0,차대차 - 추돌,안전거리미확보,건조,맑음,교차로 - 교차로부근,승용,남,48세,경상,승용,남,81세,경상
2021013000100151,2021년 1월 30일 12시,토요일,전라북도 전주시 완산구 서신동,경상사고,0,0,4,0,차대차 - 추돌,안전거리미확보,건조,맑음,교차로 - 교차로안,승용,여,33세,상해없음,승용,남,44세,경상
2021013000100152,2021년 1월 30일 12시,토요일,전라북도 전주시 덕진구 호성동2가,경상사고,0,0,2,0,차대차 - 측면충돌,신호위반,건조,맑음,교차로 - 교차로안,원동기,남,55세,경상,원동기,남,24세,경상
2021013000100153,2021년 1월 30일 12시,토요일,전라북도 익산시 망성면,경상사고,0,0,1,0,차대차 - 측면충돌,직진우회전진행방해,건조,맑음,교차로 - 교차로안,승용,남,63세,상해없음,승용,남,21세,경상
2021013000100188,2021년 1월 30일 13시,토요일,전라북도 전주시 완산구 효자동3가,경상사고,0,0,1,0,차대사람 - 횡단중,안전운전불이행,건조,맑음,교차로 - 교차로부근,승용,여,47세,상해없음,보행자,여,16세,경상
2021013000100189,2021년 1월 30일 13시,토요일,전라북도 부안군 변산면,중상사고,0,1,0,0,차량단독 - 공작물충돌,안전운전불이행,건조,맑음,단일로 - 기타,승용,남,72세,중상,,,,
2021013000100224,2021년 1월 30일 14시,토요일,전라북도 군산시 금동,중상사고,0,1,4,0,차대차 - 측면충돌,신호위반,건조,맑음,교차로 - 교차로안,화물,남,82세,상해없음,승용,남,37세,경상
2021013000100340,2021년 1월 30일 17시,토요일,전라북도 전주시 덕진구 덕진동1가,중상사고,0,1,0,0,차대사람 - 길가장자리구역통행중,안전운전불이행,건조,맑음,기타 - 기타,화물,남,49세,상해없음,보행자,여,71세,중상
2021013000100341,2021년 1월 30일 17시,토요일,전라북도 익산시 덕기동,중상사고,0,1,2,0,차대차 - 기타,안전운전불이행,건조,맑음,교차로 - 교차로부근,승용,남,37세,상해없음,승합,남,61세,중상
2021013000100342,2021년 1월 30일 17시,토요일,전라북도 남원시 식정동,중상사고,0,1,1,0,차량단독 - 공작물충돌,안전운전불이행,건조,맑음,단일로 - 기타,화물,남,60세,경상,,,,
2021013000100383,2021년 1월 30일 18시,토요일,전라북도 전주시 완산구 삼천동1가,경상사고,0,0,3,0,차대차 - 추돌,안전거리미확보,건조,맑음,교차로 - 교차로횡단보도내,승용,남,58세,상해없음,승용,남,40세,경상
2021013000100421,2021년 1월 30일 19시,토요일,전라북도 전주시 완산구 삼천동1가,중상사고,0,1,0,0,차대사람 - 횡단중,보행자보호의무위반,건조,맑음,교차로 - 교차로횡단보도내,승용,남,62세,상해없음,보행자,남,70세,중상
2021013000100513,2021년 1월 30일 21시,토요일,전라북도 완주군 용진읍,경상사고,0,0,3,0,차대차 - 추돌,안전운전불이행,건조,맑음,단일로 - 기타,화물,남,30세,상해없음,승용,남,23세,경상
2021013100100057,2021년 1월 31일 09시,일요일,전라북도 익산시 마동,경상사고,0,0,1,0,차대차 - 측면충돌,안전거리미확보,건조,맑음,단일로 - 기타,승용,남,74세,상해없음,승용,남,39세,경상
2021013100100071,2021년 1월 31일 10시,일요일,전라북도 전주시 완산구 동완산동,경상사고,0,0,2,0,차대차 - 측면충돌,중앙선침범,건조,맑음,기타 - 기타,승합,남,59세,상해없음,승용,남,63세,경상
2021013100100072,2021년 1월 31일 10시,일요일,전라북도 남원시 운봉읍,중상사고,0,1,0,0,차량단독 - 기타,안전운전불이행,건조,맑음,단일로 - 기타,이륜,남,81세,중상,,,,
2021013100100095,2021년 1월 31일 11시,일요일,전라북도 익산시 황등면,경상사고,0,0,1,0,차대차 - 측면충돌,신호위반,건조,맑음,교차로 - 교차로안,승합,남,59세,상해없음,화물,남,52세,경상
2021013100100110,2021년 1월 31일 12시,일요일,전라북도 고창군 고창읍,중상사고,0,1,0,0,차대사람 - 횡단중,보행자보호의무위반,건조,맑음,교차로 - 교차로안,승용,남,76세,상해없음,보행자,남,67세,중상
2021013100100134,2021년 1월 31일 13시,일요일,전라북도 군산시 나운동,경상사고,0,0,2,0,차대차 - 측면충돌,안전운전불이행,건조,맑음,교차로 - 교차로부근,승용,남,60세,상해없음,승용,여,50세,상해없음
2021013100100135,2021년 1월 31일 13시,일요일,전라북도 군산시 수송동,경상사고,0,0,1,0,차대차 - 측면충돌,안전운전불이행,건조,맑음,교차로 - 교차로부근,승용,남,72세,상해없음,승용,여,70세,경상
2021013100100159,2021년 1월 31일 14시,일요일,전라북도 정읍시 하북동,중상사고,0,1,0,0,차대사람 - 기타,안전운전불이행,건조,맑음,기타 - 기타,승용,남,56세,상해없음,보행자,여,78세,중상
2021013100100187,2021년 1월 31일 15시,일요일,전라북도 군산시 수송동,중상사고,0,1,1,0,차대차 - 정면충돌,중앙선침범,건조,맑음,단일로 - 기타,화물,남,55세,상해없음,승용,여,50세,경상
2021013100100188,2021년 1월 31일 15시,일요일,전라북도 군산시 산북동,경상사고,0,0,1,0,차대차 - 측면충돌,안전운전불이행,건조,맑음,교차로 - 교차로안,승용,남,25세,상해없음,승용,남,47세,경상
2021013100100214,2021년 1월 31일 16시,일요일,전라북도 정읍시 연지동,중상사고,0,1,1,0,차대차 - 측면충돌,신호위반,건조,맑음,교차로 - 교차로안,승용,여,64세,중상,승용,남,58세,상해없음
2021013100100240,2021년 1월 31일 17시,일요일,전라북도 익산시 영등동,경상사고,0,0,2,0,차대차 - 측면충돌,안전운전불이행,건조,맑음,단일로 - 기타,승용,남,60세,상해없음,승용,남,48세,경상
2021013100100275,2021년 1월 31일 18시,일요일,전라북도 전주시 덕진구 금암동,경상사고,0,0,1,0,차대차 - 측면충돌,안전운전불이행,건조,맑음,교차로 - 교차로부근,승용,남,75세,상해없음,승용,여,25세,경상
2021013100100276,2021년 1월 31일 18시,일요일,전라북도 진안군 주천면,중상사고,0,2,0,0,차량단독 - 도로외이탈 - 추락,안전운전불이행,서리/결빙,흐림,단일로 - 지하차도(도로)내,화물,남,42세,상해없음,,,,
2021013100100330,2021년 1월 31일 20시,일요일,전라북도 전주시 완산구 서신동,중상사고,0,1,1,0,차대차 - 추돌,안전운전불이행,건조,맑음,교차로 - 교차로부근,승용,남,49세,상해없음,승용,남,70세,경상
2021013100100355,2021년 1월 31일 21시,일요일,전라북도 군산시 내초동,경상사고,0,0,1,0,차대차 - 기타,안전운전불이행,건조,흐림,교차로 - 교차로안,승용,남,37세,상해없음,승용,남,48세,경상
2021013100100356,2021년 1월 31일 21시,일요일,전라북도 김제시 신풍동,사망사고,1,0,0,0,차대차 - 측면충돌,중앙선침범,건조,맑음,단일로 - 기타,승용,남,28세,상해없음,이륜,남,50세,사망
2021013100100369,2021년 1월 31일 22시,일요일,전라북도 전주시 덕진구 장동,사망사고,1,0,0,0,차대사람 - 기타,안전운전불이행,젖음/습기,비,교차로 - 교차로안,승용,남,50세,상해없음,보행자,남,44세,사망
2021013100100370,2021년 1월 31일 22시,일요일,전라북도 군산시 수송동,중상사고,0,1,0,0,차대차 - 측면충돌,안전운전불이행,건조,맑음,교차로 - 교차로안,승용,남,46세,상해없음,이륜,남,44세,중상
2021013100100371,2021년 1월 31일 22시,일요일,전라북도 군산시 나운동,경상사고,0,0,1,0,차대차 - 측면충돌,안전운전불이행,건조,흐림,교차로 - 교차로안,승용,남,60세,상해없음,이륜,남,47세,경상
2021020100100111,2021년 2월 1일 09시,월요일,전라북도 남원시 천거동,경상사고,0,0,1,0,차대차 - 측면충돌,안전운전불이행,건조,맑음,단일로 - 기타,승용,여,59세,상해없음,승합,남,40세,경상
2021020100100124,2021년 2월 1일 10시,월요일,전라북도 정읍시 시기동,중상사고,0,1,0,0,차대차 - 측면충돌,안전거리미확보,건조,맑음,단일로 - 기타,이륜,남,74세,중상,승용,남,67세,상해없음
2021020100100173,2021년 2월 1일 12시,월요일,전라북도 익산시 창인동1가,중상사고,0,1,0,0,차대사람 - 횡단중,안전운전불이행,건조,맑음,교차로 - 교차로안,승용,남,69세,상해없음,보행자,남,68세,중상
2021020100100224,2021년 2월 1일 14시,월요일,전라북도 군산시 산북동,경상사고,0,0,6,0,차대차 - 추돌,안전거리미확보,건조,맑음,단일로 - 지하차도(도로)내,화물,남,60세,상해없음,승용,남,56세,경상
2021020100100248,2021년 2월 1일 15시,월요일,전라북도 전주시 덕진구 진북동,경상사고,0,0,2,0,차대차 - 측면충돌,신호위반,건조,맑음,교차로 - 교차로안,승용,남,54세,상해없음,승용,남,20세,경상
2021020100100276,2021년 2월 1일 16시,월요일,전라북도 전주시 덕진구 인후동2가,경상사고,0,0,1,0,차량단독 - 기타,기타,건조,맑음,단일로 - 기타,승합,남,59세,상해없음,,,,
2021020100100301,2021년 2월 1일 17시,월요일,전라북도 군산시 산북동,경상사고,0,0,1,0,차대차 - 추돌,안전운전불이행,건조,맑음,교차로 - 교차로부근,화물,남,43세,상해없음,승용,여,63세,경상
2021020100100353,2021년 2월 1일 18시,월요일,전라북도 전주시 완산구 서노송동,경상사고,0,0,1,0,차대차 - 측면충돌,차로위반,건조,맑음,단일로 - 기타,승용,여,30세,상해없음,승용,남,27세,경상
2021020100100354,2021년 2월 1일 18시,월요일,전라북도 완주군 동상면,사망사고,1,0,0,0,차대차 - 기타,안전운전불이행,건조,흐림,단일로 - 기타,승용,남,37세,상해없음,농기계,남,76세,사망
2021020100100399,2021년 2월 1일 19시,월요일,전라북도 전주시 덕진구 인후동1가,경상사고,0,0,1,0,차대차 - 측면충돌,직진우회전진행방해,건조,맑음,교차로 - 교차로부근,승용,남,83세,상해없음,승용,남,63세,상해없음
2021020100100471,2021년 2월 1일 21시,월요일,전라북도 전주시 완산구 서완산동1가,중상사고,0,1,0,0,차대차 - 측면충돌,신호위반,건조,맑음,교차로 - 교차로안,승용,여,53세,상해없음,이륜,남,27세,중상
2021020100100472,2021년 2월 1일 21시,월요일,전라북도 군산시 수송동,경상사고,0,0,3,0,차대차 - 측면충돌,안전운전불이행,건조,맑음,단일로 - 지하차도(도로)내,승용,남,33세,상해없음,승용,여,52세,경상
2021020200100036,2021년 2월 2일 07시,화요일,전라북도 군산시 소룡동,경상사고,0,0,1,0,차대차 - 측면충돌,신호위반,건조,맑음,교차로 - 교차로안,승용,남,35세,상해없음,승용,남,51세,경상
2021020200100037,2021년 2월 2일 07시,화요일,전라북도 부안군 부안읍,중상사고,0,1,0,0,차대차 - 측면충돌,안전운전불이행,건조,맑음,교차로 - 교차로부근,화물,남,48세,상해없음,자전거,남,83세,중상
2021020200100089,2021년 2월 2일 09시,화요일,전라북도 군산시 대야면,중상사고,0,1,4,0,차대차 - 추돌,안전운전불이행,건조,맑음,단일로 - 기타,승용,남,46세,상해없음,승용,여,46세,경상
2021020200100108,2021년 2월 2일 10시,화요일,전라북도 전주시 완산구 효자동3가,경상사고,0,0,1,0,차대사람 - 기타,신호위반,건조,맑음,단일로 - 기타,승용,남,70세,상해없음,보행자,여,24세,경상
2021020200100109,2021년 2월 2일 10시,화요일,전라북도 익산시 웅포면,중상사고,0,2,1,0,차대차 - 측면충돌,안전운전불이행,건조,맑음,교차로 - 교차로안,건설기계,남,49세,상해없음,승용,여,61세,경상
2021020200100110,2021년 2월 2일 10시,화요일,전라북도 정읍시 상동,경상사고,0,0,1,0,차대사람 - 차도통행중,안전운전불이행,건조,맑음,교차로 - 교차로안,승용,남,42세,상해없음,보행자,남,57세,경상
2021020200100176,2021년 2월 2일 12시,화요일,전라북도 군산시 조촌동,중상사고,0,1,0,0,차대차 - 기타,안전운전불이행,건조,맑음,단일로 - 기타,화물,남,61세,상해없음,승용,여,53세,중상
2021020200100226,2021년 2월 2일 14시,화요일,전라북도 군산시 대명동,경상사고,0,0,2,0,차대차 - 추돌,안전운전불이행,건조,맑음,교차로 - 교차로안,승용,남,79세,상해없음,승용,남,74세,경상
2021020200100227,2021년 2월 2일 14시,화요일,전라북도 익산시 남중동,경상사고,0,0,2,0,차대차 - 측면충돌,안전거리미확보,건조,맑음,교차로 - 교차로부근,승용,남,53세,상해없음,승용,남,21세,경상
2021020200100267,2021년 2월 2일 15시,화요일,전라북도 군산시 문화동,중상사고,0,2,1,0,차대차 - 기타,안전운전불이행,건조,맑음,교차로 - 교차로부근,승합,여,61세,상해없음,승용,남,64세,경상
2021020200100293,2021년 2월 2일 16시,화요일,전라북도 군산시 소룡동,경상사고,0,0,1,0,차대차 - 추돌,안전운전불이행,건조,맑음,단일로 - 기타,화물,남,59세,상해없음,승용,남,40세,경상
2021020200100294,2021년 2월 2일 16시,화요일,전라북도 익산시 평화동,경상사고,0,0,1,0,차대차 - 추돌,기타,건조,맑음,단일로 - 기타,이륜,남,37세,상해없음,승용,남,35세,경상
2021020200100295,2021년 2월 2일 16시,화요일,전라북도 정읍시 시기동,경상사고,0,0,2,0,차대차 - 기타,안전거리미확보,건조,맑음,기타 - 기타,승용,남,66세,상해없음,승용,여,27세,경상
2021020200100327,2021년 2월 2일 17시,화요일,전라북도 군산시 조촌동,경상사고,0,0,2,0,차대차 - 측면충돌,안전운전불이행,건조,맑음,교차로 - 교차로안,승용,남,64세,상해없음,승용,여,27세,경상
2021020200100367,2021년 2월 2일 18시,화요일,전라북도 전주시 덕진구 금암동,경상사고,0,0,2,0,차대차 - 측면충돌,직진우회전진행방해,건조,맑음,교차로 - 교차로안,기타불명,기타불명,미분류,기타불명,승합,남,49세,경상
2021020200100399,2021년 2월 2일 19시,화요일,전라북도 정읍시 연지동,경상사고,0,0,2,0,차대차 - 측면충돌,직진우회전진행방해,건조,맑음,교차로 - 교차로안,승용,여,51세,경상,승용,남,50세,경상
2021020200100468,2021년 2월 2일 21시,화요일,전라북도 익산시 남중동,경상사고,0,0,1,0,차대차 - 측면충돌,신호위반,건조,맑음,교차로 - 교차로안,원동기,남,20세,상해없음,승용,여,44세,경상
2021020300100006,2021년 2월 3일 02시,수요일,전라북도 군산시 지곡동,경상사고,0,0,2,0,차대차 - 추돌,안전운전불이행,건조,맑음,교차로 - 교차로부근,승용,여,41세,상해없음,승용,여,48세,경상
2021020300100010,2021년 2월 3일 03시,수요일,전라북도 전주시 완산구 색장동,중상사고,0,1,0,0,차대사람 - 횡단중,안전운전불이행,건조,맑음,단일로 - 기타,승용,남,49세,상해없음,보행자,남,61세,중상
2021020300100016,2021년 2월 3일 05시,수요일,전라북도 전주시 완산구 서신동,경상사고,0,0,1,0,차대차 - 측면충돌,안전거리미확보,건조,맑음,교차로 - 교차로부근,건설기계,남,65세,상해없음,승용,남,55세,경상
2021020300100029,2021년 2월 3일 06시,수요일,전라북도 전주시 덕진구 덕진동2가,중상사고,0,2,2,0,차대차 - 측면충돌,신호위반,건조,맑음,교차로 - 교차로안,승합,남,61세,상해없음,승용,남,49세,중상
2021020300100037,2021년 2월 3일 07시,수요일,전라북도 군산시 사정동,경상사고,0,0,1,0,차대차 - 기타,안전운전불이행,건조,맑음,단일로 - 기타,화물,남,30세,상해없음,승용,여,53세,경상
2021020300100065,2021년 2월 3일 08시,수요일,전라북도 군산시 수송동,부상신고사고,0,0,0,1,차대차 - 추돌,안전거리미확보,건조,맑음,교차로 - 교차로부근,승용,남,67세,상해없음,승용,여,33세,부상신고
2021020300100175,2021년 2월 3일 12시,수요일,전라북도 전주시 완산구 고사동,경상사고,0,0,1,0,차대사람 - 횡단중,보행자보호의무위반,건조,맑음,교차로 - 교차로횡단보도내,승용,남,58세,상해없음,보행자,여,52세,경상
2021020300100176,2021년 2월 3일 12시,수요일,전라북도 김제시 순동,경상사고,0,0,1,0,차대차 - 정면충돌,신호위반,건조,맑음,교차로 - 교차로안,승용,남,73세,상해없음,승합,남,50세,경상
2021020300100207,2021년 2월 3일 13시,수요일,전라북도 전주시 완산구 중노송동,경상사고,0,0,1,0,차대차 - 측면충돌,교차로운행방법위반,건조,맑음,교차로 - 교차로횡단보도내,승용,남,70세,상해없음,화물,남,74세,경상
2021020300100208,2021년 2월 3일 13시,수요일,전라북도 정읍시 연지동,사망사고,1,0,0,0,차대차 - 추돌,기타,건조,맑음,단일로 - 기타,승용,남,67세,상해없음,사륜오토바이(ATV),남,79세,사망
2021020300100317,2021년 2월 3일 16시,수요일,전라북도 전주시 덕진구 우아동3가,중상사고,0,1,0,0,차대차 - 측면충돌,불법유턴,건조,맑음,교차로 - 교차로횡단보도내,자전거,남,73세,중상,승용,여,47세,상해없음
2021020300100318,2021년 2월 3일 16시,수요일,전라북도 정읍시 고부면,경상사고,0,0,2,0,차대차 - 측면충돌,신호위반,건조,맑음,교차로 - 교차로안,화물,여,78세,경상,승용,여,52세,경상
2021020300100352,2021년 2월 3일 17시,수요일,전라북도 전주시 완산구 중노송동,경상사고,0,0,1,0,차대사람 - 보도통행중,안전운전불이행,건조,맑음,단일로 - 기타,승용,여,62세,상해없음,보행자,여,23세,경상
2021020300100353,2021년 2월 3일 17시,수요일,전라북도 전주시 덕진구 여의동,경상사고,0,0,2,0,차대차 - 측면충돌,안전거리미확보,건조,맑음,단일로 - 기타,승용,남,23세,경상,승용,남,44세,경상
2021020300100354,2021년 2월 3일 17시,수요일,전라북도 익산시 영등동,경상사고,0,0,1,0,차대차 - 측면충돌,안전운전불이행,건조,맑음,단일로 - 기타,승용,남,24세,경상,이륜,남,20세,상해없음
2021020300100457,2021년 2월 3일 19시,수요일,전라북도 전주시 완산구 효자동3가,경상사고,0,0,1,0,차대차 - 기타,안전운전불이행,건조,맑음,단일로 - 기타,승용,남,56세,상해없음,이륜,남,23세,경상
2021020400100029,2021년 2월 4일 06시,목요일,전라북도 전주시 완산구 효자동1가,경상사고,0,0,1,0,차대사람 - 횡단중,신호위반,건조,맑음,교차로 - 교차로안,화물,남,57세,상해없음,보행자,여,39세,경상
2021020400100030,2021년 2월 4일 06시,목요일,전라북도 전주시 덕진구 덕진동1가,중상사고,0,1,0,0,차대사람 - 횡단중,보행자보호의무위반,젖음/습기,맑음,교차로 - 교차로안,승용,여,45세,상해없음,보행자,여,62세,중상
2021020400100138,2021년 2월 4일 09시,목요일,전라북도 군산시 조촌동,경상사고,0,0,1,0,차대차 - 추돌,안전거리미확보,건조,맑음,단일로 - 기타,화물,남,60세,상해없음,승용,여,65세,경상
2021020400100200,2021년 2월 4일 11시,목요일,전라북도 정읍시 태인면,경상사고,0,0,1,0,차대차 - 측면충돌,신호위반,건조,맑음,교차로 - 교차로안,승용,남,68세,상해없음,승용,남,32세,경상
2021020400100238,2021년 2월 4일 12시,목요일,전라북도 정읍시 부전동,중상사고,0,1,0,0,차대사람 - 기타,중앙선침범,서리/결빙,맑음,단일로 - 기타,승용,남,81세,상해없음,보행자,여,63세,중상
2021020400100276,2021년 2월 4일 13시,목요일,전라북도 전주시 완산구 효자동1가,경상사고,0,0,1,0,차대사람 - 기타,안전운전불이행,건조,맑음,단일로 - 기타,기타불명,기타불명,미분류,기타불명,보행자,남,36세,경상
2021020400100346,2021년 2월 4일 15시,목요일,전라북도 군산시 조촌동,경상사고,0,0,2,0,차대차 - 추돌,안전거리미확보,건조,맑음,단일로 - 기타,화물,남,54세,기타불명,화물,남,26세,기타불명