사고번호,사고일시,요일,시군구,사고내용,사망자수,중상자수,경상자수,부상신고자수,사고유형,법규위반,노면상태,기상상태,도로형태,가해운전자 차종,가해운전자 성별,가해운전자 연령,가해운전자 상해정도,피해운전자 차종,피해운전자 성별,피해운전자 연령,피해운전자 상해정도
2021020400100347,2021년 2월 4일 15시,목요일,전라북도 임실군 오수면,중상사고,0,1,0,0,차대차 - 기타,안전운전불이행,건조,맑음,단일로 - 기타,승용,여,37세,상해없음,이륜,남,79세,중상
2021020400100392,2021년 2월 4일 16시,목요일,전라북도 전주시 완산구 효자동2가,중상사고,0,2,0,0,차대사람 - 횡단중,신호위반,건조,맑음,단일로 - 기타,승용,남,50세,상해없음,보행자,여,52세,중상
2021020400100433,2021년 2월 4일 17시,목요일,전라북도 익산시 오산면,경상사고,0,0,1,0,차대차 - 측면충돌,안전거리미확보,건조,맑음,단일로 - 기타,화물,남,42세,상해없음,승용,여,52세,경상
2021020400100467,2021년 2월 4일 18시,목요일,전라북도 군산시 수송동,경상사고,0,0,1,0,차대차 - 추돌,신호위반,건조,기타,교차로 - 교차로안,승용,여,51세,상해없음,승용,남,40세,경상
2021020400100468,2021년 2월 4일 18시,목요일,전라북도 군산시 경암동,경상사고,0,0,1,0,차대차 - 추돌,안전운전불이행,서리/결빙,흐림,단일로 - 기타,승용,여,64세,기타불명,화물,남,29세,상해없음
2021020400100469,2021년 2월 4일 18시,목요일,전라북도 군산시 성산면,경상사고,0,0,1,0,차대차 - 추돌,안전거리미확보,건조,흐림,기타 - 기타,승용,남,66세,상해없음,승용,여,45세,경상
2021020400100533,2021년 2월 4일 20시,목요일,전라북도 군산시 나운동,경상사고,0,0,1,0,차대차 - 추돌,안전거리미확보,건조,흐림,기타 - 기타,승용,남,28세,기타불명,승용,남,64세,경상
2021020500100097,2021년 2월 5일 09시,금요일,전라북도 부안군 부안읍,중상사고,0,1,0,0,차대차 - 측면충돌,직진우회전진행방해,건조,맑음,교차로 - 교차로안,화물,여,66세,상해없음,승용,여,50세,중상
2021020500100116,2021년 2월 5일 10시,금요일,전라북도 전주시 덕진구 덕진동1가,사망사고,1,0,0,0,차대사람 - 차도통행중,안전운전불이행,건조,맑음,교차로 - 교차로부근,건설기계,남,60세,상해없음,보행자,여,82세,사망
2021020500100226,2021년 2월 5일 13시,금요일,전라북도 전주시 덕진구 금암동,경상사고,0,0,1,0,차대차 - 측면충돌,차로위반,건조,맑음,단일로 - 기타,승용,남,41세,상해없음,이륜,남,26세,경상
2021020500100303,2021년 2월 5일 15시,금요일,전라북도 군산시 나운동,경상사고,0,0,1,0,차대사람 - 차도통행중,안전운전불이행,건조,맑음,교차로 - 교차로안,승용,남,66세,상해없음,보행자,여,59세,경상
2021020500100345,2021년 2월 5일 16시,금요일,전라북도 순창군 적성면,중상사고,0,1,0,0,차대차 - 측면충돌,교차로운행방법위반,건조,맑음,교차로 - 교차로안,승용,여,65세,상해없음,승용,남,61세,중상
2021020500100398,2021년 2월 5일 17시,금요일,전라북도 전주시 완산구 용복동,경상사고,0,0,1,0,차대차 - 측면충돌,신호위반,건조,맑음,교차로 - 교차로부근,승용,남,58세,상해없음,승용,남,24세,경상
2021020500100399,2021년 2월 5일 17시,금요일,전라북도 전주시 덕진구 진북동,중상사고,0,1,0,0,차량단독 - 기타,안전운전불이행,건조,맑음,단일로 - 기타,승합,남,55세,상해없음,,,,
2021020500100608,2021년 2월 5일 21시,금요일,전라북도 완주군 봉동읍,중상사고,0,1,0,0,차대사람 - 차도통행중,기타,건조,맑음,단일로 - 기타,승용,남,25세,상해없음,보행자,남,16세,중상
2021020500100638,2021년 2월 5일 22시,금요일,전라북도 전주시 덕진구 산정동,부상신고사고,0,0,0,1,차대차 - 측면충돌,신호위반,건조,맑음,교차로 - 교차로안,승용,남,29세,상해없음,승용,여,26세,부상신고
2021020500100655,2021년 2월 5일 23시,금요일,전라북도 전주시 완산구 상림동,중상사고,0,1,0,0,차대차 - 추돌,안전운전불이행,건조,맑음,기타 - 기타,승용,남,29세,상해없음,승용,남,34세,중상
2021020500100656,2021년 2월 5일 23시,금요일,전라북도 익산시 마동,경상사고,0,0,2,0,차대차 - 추돌,안전운전불이행,건조,맑음,단일로 - 기타,화물,남,41세,상해없음,승용,남,62세,경상
2021020600100008,2021년 2월 6일 00시,토요일,전라북도 전주시 덕진구 금암동,부상신고사고,0,0,0,1,차대차 - 추돌,안전운전불이행,건조,맑음,교차로 - 교차로부근,승용,남,29세,상해없음,승용,여,47세,부상신고
2021020600100084,2021년 2월 6일 10시,토요일,전라북도 익산시 부송동,경상사고,0,0,1,0,차대차 - 측면충돌,신호위반,건조,맑음,교차로 - 교차로안,승용,여,44세,상해없음,승용,남,65세,경상
2021020600100110,2021년 2월 6일 11시,토요일,전라북도 전주시 완산구 평화동2가,경상사고,0,0,2,0,차대차 - 측면충돌,신호위반,건조,맑음,교차로 - 교차로안,승용,남,29세,경상,승용,남,38세,경상
2021020600100141,2021년 2월 6일 12시,토요일,전라북도 익산시 황등면,중상사고,0,1,7,0,차대차 - 추돌,안전운전불이행,건조,맑음,교차로 - 교차로부근,승용,남,18세,상해없음,승용,남,61세,경상
2021020600100220,2021년 2월 6일 14시,토요일,전라북도 군산시 영화동,경상사고,0,0,2,0,차대차 - 측면충돌,중앙선침범,건조,맑음,교차로 - 교차로부근,승용,남,69세,상해없음,승용,남,36세,경상
2021020600100280,2021년 2월 6일 16시,토요일,전라북도 군산시 대명동,경상사고,0,0,1,0,차대사람 - 횡단중,보행자보호의무위반,건조,맑음,교차로 - 교차로횡단보도내,화물,여,67세,상해없음,보행자,남,54세,경상
2021020600100320,2021년 2월 6일 17시,토요일,전라북도 전주시 완산구 삼천동1가,경상사고,0,0,2,0,차대차 - 기타,신호위반,건조,맑음,교차로 - 교차로안,승용,남,60세,상해없음,승용,남,57세,경상
2021020600100468,2021년 2월 6일 21시,토요일,전라북도 전주시 덕진구 송천동1가,경상사고,0,0,1,0,차대차 - 측면충돌,안전운전불이행,건조,맑음,교차로 - 교차로안,승용,남,28세,상해없음,승용,남,41세,경상
2021020600100469,2021년 2월 6일 21시,토요일,전라북도 군산시 나운동,경상사고,0,0,1,0,차대차 - 기타,안전운전불이행,건조,맑음,교차로 - 교차로안,승용,남,45세,상해없음,이륜,남,27세,경상
2021020600100470,2021년 2월 6일 21시,토요일,전라북도 익산시 영등동,경상사고,0,0,1,0,차대차 - 정면충돌,교차로운행방법위반,건조,맑음,교차로 - 교차로안,승용,남,30세,상해없음,이륜,남,18세,경상
2021020600100493,2021년 2월 6일 22시,토요일,전라북도 군산시 옥산면,사망사고,1,0,1,0,차대사람 - 횡단중,안전운전불이행,젖음/습기,비,단일로 - 기타,승용,남,31세,경상,보행자,남,58세,사망
2021020600100494,2021년 2월 6일 22시,토요일,전라북도 익산시 동산동,경상사고,0,0,3,0,차대차 - 측면충돌,차로위반,건조,맑음,교차로 - 교차로안,승용,남,61세,상해없음,승합,남,52세,경상
2021020600100495,2021년 2월 6일 22시,토요일,전라북도 완주군 봉동읍,경상사고,0,0,1,0,차량단독 - 공작물충돌,안전운전불이행,건조,맑음,단일로 - 기타,승용,남,18세,상해없음,,,,
2021020700100055,2021년 2월 7일 08시,일요일,전라북도 군산시 경장동,경상사고,0,0,1,0,차대차 - 측면충돌,중앙선침범,건조,맑음,단일로 - 기타,화물,남,65세,상해없음,화물,남,66세,경상
2021020700100056,2021년 2월 7일 08시,일요일,전라북도 군산시 선양동,경상사고,0,0,1,0,차대차 - 측면충돌,직진우회전진행방해,건조,맑음,교차로 - 교차로안,화물,여,63세,상해없음,자전거,여,66세,경상
2021020700100065,2021년 2월 7일 09시,일요일,전라북도 전주시 완산구 효자동2가,중상사고,0,1,0,0,차대차 - 측면충돌,신호위반,건조,맑음,교차로 - 교차로안,승용,여,44세,상해없음,승용,남,44세,중상
2021020700100108,2021년 2월 7일 12시,일요일,전라북도 전주시 완산구 교동,경상사고,0,0,1,0,차대차 - 측면충돌,직진우회전진행방해,건조,맑음,교차로 - 교차로안,이륜,남,29세,상해없음,승용,남,41세,경상
2021020700100130,2021년 2월 7일 13시,일요일,전라북도 군산시 미룡동,중상사고,0,2,0,0,차대차 - 측면충돌,중앙선침범,건조,맑음,교차로 - 교차로안,승용,여,62세,상해없음,승용,남,58세,중상
2021020700100200,2021년 2월 7일 15시,일요일,전라북도 남원시 왕정동,중상사고,0,2,0,0,차대차 - 측면충돌,신호위반,건조,맑음,교차로 - 교차로안,이륜,남,63세,중상,승용,여,55세,상해없음
2021020700100224,2021년 2월 7일 16시,일요일,전라북도 전주시 완산구 평화동2가,경상사고,0,0,2,0,차대차 - 측면충돌,안전운전불이행,건조,맑음,단일로 - 기타,원동기,남,51세,상해없음,승용,남,32세,경상
2021020700100279,2021년 2월 7일 18시,일요일,전라북도 익산시 신동,중상사고,0,1,0,0,차대차 - 추돌,안전운전불이행,건조,맑음,단일로 - 기타,승용,남,65세,상해없음,이륜,남,37세,중상
2021020700100322,2021년 2월 7일 19시,일요일,전라북도 전주시 완산구 효자동3가,중상사고,0,1,1,0,차대차 - 기타,안전운전불이행,건조,맑음,교차로 - 교차로안,승용,남,21세,경상,이륜,남,56세,중상
2021020700100323,2021년 2월 7일 19시,일요일,전라북도 전주시 완산구 평화동1가,중상사고,0,1,0,0,차대차 - 측면충돌,신호위반,건조,맑음,교차로 - 교차로횡단보도내,승용,남,61세,상해없음,이륜,남,66세,중상
2021020700100324,2021년 2월 7일 19시,일요일,전라북도 익산시 중앙동1가,중상사고,0,1,0,0,차대차 - 기타,기타,건조,맑음,교차로 - 교차로부근,승용,남,23세,상해없음,이륜,남,62세,중상
2021020700100352,2021년 2월 7일 20시,일요일,전라북도 전주시 덕진구 중동,경상사고,0,0,1,0,차대사람 - 횡단중,보행자보호의무위반,건조,맑음,교차로 - 교차로안,승용,남,23세,상해없음,보행자,여,32세,경상
2021020700100353,2021년 2월 7일 20시,일요일,전라북도 익산시 왕궁면,경상사고,0,0,1,1,차대차 - 기타,안전운전불이행,건조,맑음,단일로 - 기타,승용,남,42세,상해없음,승용,남,40세,경상
2021020700100377,2021년 2월 7일 21시,일요일,전라북도 군산시 미장동,중상사고,0,1,0,0,차대차 - 기타,신호위반,건조,맑음,교차로 - 교차로안,승용,남,29세,상해없음,이륜,남,27세,중상
2021020800100015,2021년 2월 8일 05시,월요일,전라북도 익산시 현영동,경상사고,0,0,1,0,차대차 - 측면충돌,신호위반,건조,맑음,교차로 - 교차로안,승용,여,41세,상해없음,화물,남,67세,경상
2021020800100031,2021년 2월 8일 06시,월요일,전라북도 군산시 나운동,경상사고,0,0,1,0,차대차 - 측면충돌,안전운전불이행,건조,맑음,교차로 - 교차로안,승용,남,46세,상해없음,승용,여,56세,경상
2021020800100081,2021년 2월 8일 08시,월요일,전라북도 군산시 신풍동,경상사고,0,0,3,0,차대차 - 추돌,안전운전불이행,건조,맑음,교차로 - 교차로부근,승용,남,48세,상해없음,승용,여,44세,경상
2021020800100155,2021년 2월 8일 10시,월요일,전라북도 정읍시 태인면,경상사고,0,0,1,0,차대차 - 기타,안전운전불이행,건조,맑음,교차로 - 교차로부근,자전거,남,75세,경상,승용,남,47세,상해없음
2021020800100156,2021년 2월 8일 10시,월요일,전라북도 남원시 금동,중상사고,0,1,0,0,차대차 - 기타,신호위반,건조,맑음,교차로 - 교차로안,화물,남,67세,상해없음,자전거,남,80세,중상
2021020800100184,2021년 2월 8일 11시,월요일,전라북도 순창군 순창읍,중상사고,0,1,0,0,차량단독 - 전도전복 - 전도,안전운전불이행,건조,맑음,단일로 - 기타,이륜,여,72세,중상,,,,
2021020800100227,2021년 2월 8일 12시,월요일,전라북도 고창군 고창읍,경상사고,0,0,1,0,차대차 - 기타,신호위반,건조,맑음,교차로 - 교차로안,승용,여,62세,상해없음,화물,남,68세,경상
2021020800100275,2021년 2월 8일 13시,월요일,전라북도 장수군 산서면,경상사고,0,0,1,0,차대사람 - 차도통행중,안전운전불이행,건조,맑음,단일로 - 교량,건설기계,남,45세,상해없음,보행자,여,79세,경상
2021020800100321,2021년 2월 8일 14시,월요일,전라북도 전주시 덕진구 덕진동2가,경상사고,0,0,2,0,차대차 - 측면충돌,안전거리미확보,건조,맑음,교차로 - 교차로안,승용,여,31세,상해없음,승용,남,30세,경상
2021020800100346,2021년 2월 8일 15시,월요일,전라북도 전주시 덕진구 인후동1가,경상사고,0,0,1,0,차량단독 - 기타,안전운전불이행,건조,맑음,단일로 - 기타,승합,남,43세,상해없음,,,,
2021020800100347,2021년 2월 8일 15시,월요일,전라북도 김제시 검산동,경상사고,0,0,1,0,차대차 - 측면충돌,안전거리미확보,건조,맑음,교차로 - 교차로안,승용,남,70세,상해없음,승용,남,33세,경상
2021020800100393,2021년 2월 8일 16시,월요일,전라북도 군산시 영화동,경상사고,0,0,1,0,차대차 - 측면충돌,안전운전불이행,건조,흐림,교차로 - 교차로안,승용,여,57세,상해없음,승용,여,38세,경상
2021020800100438,2021년 2월 8일 17시,월요일,전라북도 전주시 완산구 효자동3가,경상사고,0,0,1,0,차대차 - 기타,안전거리미확보,건조,맑음,단일로 - 기타,승용,남,63세,상해없음,이륜,남,23세,경상
2021020800100439,2021년 2월 8일 17시,월요일,전라북도 전주시 완산구 서신동,경상사고,0,0,1,0,차대차 - 추돌,안전운전불이행,건조,맑음,기타 - 기타,승용,여,71세,상해없음,승용,여,32세,경상
2021020800100486,2021년 2월 8일 18시,월요일,전라북도 전주시 완산구 효자동2가,경상사고,0,0,1,0,차대차 - 측면충돌,안전운전불이행,건조,맑음,교차로 - 교차로부근,승용,남,42세,상해없음,승용,남,39세,경상
2021020800100487,2021년 2월 8일 18시,월요일,전라북도 전주시 덕진구 우아동3가,경상사고,0,0,2,0,차대차 - 측면충돌,안전운전불이행,건조,맑음,단일로 - 기타,승용,남,50세,경상,승용,남,59세,경상
2021020800100488,2021년 2월 8일 18시,월요일,전라북도 익산시 황등면,중상사고,0,1,0,0,차대사람 - 길가장자리구역통행중,안전운전불이행,건조,맑음,단일로 - 기타,승용,남,50세,상해없음,보행자,남,62세,중상
2021020800100528,2021년 2월 8일 19시,월요일,전라북도 무주군 설천면,경상사고,0,0,3,0,차대차 - 측면충돌,신호위반,건조,맑음,교차로 - 교차로안,승용,남,56세,상해없음,승용,남,50세,경상
2021020800100604,2021년 2월 8일 21시,월요일,전라북도 전주시 덕진구 금암동,중상사고,0,2,0,0,차대차 - 추돌,신호위반,건조,맑음,교차로 - 교차로안,승용,남,43세,상해없음,승용,여,23세,중상
2021020800100605,2021년 2월 8일 21시,월요일,전라북도 전주시 덕진구 금암동,중상사고,0,1,0,0,차대사람 - 횡단중,기타,건조,맑음,단일로 - 기타,원동기,남,16세,상해없음,보행자,남,62세,중상
2021020800100636,2021년 2월 8일 22시,월요일,전라북도 전주시 완산구 효자동2가,경상사고,0,0,2,0,차대차 - 후진중충돌,불법유턴,건조,맑음,단일로 - 기타,승용,남,24세,상해없음,승용,남,24세,경상
2021020900100012,2021년 2월 9일 02시,화요일,전라북도 전주시 덕진구 우아동3가,중상사고,0,1,0,0,차대차 - 측면충돌,신호위반,건조,맑음,교차로 - 교차로안,승용,남,62세,상해없음,승용,남,60세,중상
2021020900100016,2021년 2월 9일 03시,화요일,전라북도 익산시 신동,경상사고,0,0,1,0,차대차 - 추돌,안전운전불이행,건조,맑음,교차로 - 교차로부근,승용,남,26세,상해없음,승용,남,31세,경상
2021020900100081,2021년 2월 9일 08시,화요일,전라북도 익산시 목천동,경상사고,0,0,2,0,차대차 - 추돌,안전운전불이행,건조,맑음,단일로 - 기타,승용,남,28세,상해없음,승용,남,68세,경상
2021020900100155,2021년 2월 9일 10시,화요일,전라북도 익산시 남중동,경상사고,0,0,1,0,차대사람 - 횡단중,안전운전불이행,건조,맑음,단일로 - 기타,승용,여,65세,상해없음,보행자,여,58세,경상
2021020900100196,2021년 2월 9일 11시,화요일,전라북도 김제시 황산면,중상사고,0,1,0,0,차대차 - 측면충돌,중앙선침범,건조,맑음,교차로 - 교차로부근,건설기계,남,36세,상해없음,승용,남,54세,중상
2021020900100316,2021년 2월 9일 14시,화요일,전라북도 전주시 완산구 효자동2가,경상사고,0,0,2,1,차대차 - 측면충돌,안전거리미확보,건조,맑음,단일로 - 기타,승용,여,41세,상해없음,승용,남,55세,경상
2021020900100317,2021년 2월 9일 14시,화요일,전라북도 군산시 영화동,경상사고,0,0,1,0,차대차 - 기타,직진우회전진행방해,건조,맑음,교차로 - 교차로안,승용,남,55세,상해없음,자전거,여,65세,경상
2021020900100411,2021년 2월 9일 16시,화요일,전라북도 전주시 덕진구 송천동2가,경상사고,0,0,2,0,차대차 - 측면충돌,안전운전불이행,건조,맑음,단일로 - 기타,승용,남,76세,상해없음,화물,남,38세,경상
2021020900100457,2021년 2월 9일 17시,화요일,전라북도 군산시 산북동,경상사고,0,0,3,0,차대차 - 측면충돌,기타,건조,맑음,교차로 - 교차로안,승용,남,35세,경상,승용,여,44세,경상
2021020900100513,2021년 2월 9일 18시,화요일,전라북도 전주시 완산구 효자동1가,경상사고,0,0,1,0,차대차 - 추돌,안전운전불이행,건조,맑음,단일로 - 기타,승용,남,20세,상해없음,승용,여,60세,경상
2021020900100514,2021년 2월 9일 18시,화요일,전라북도 전주시 덕진구 송천동1가,중상사고,0,1,0,0,차대차 - 측면충돌,불법유턴,건조,맑음,단일로 - 기타,승용,여,55세,상해없음,이륜,남,22세,중상
2021020900100716,2021년 2월 9일 22시,화요일,전라북도 익산시 영등동,중상사고,0,1,2,0,차대사람 - 보도통행중,보행자보호의무위반,건조,맑음,교차로 - 교차로횡단보도내,승용,남,28세,상해없음,보행자,남,58세,중상
2021021000100031,2021년 2월 10일 04시,수요일,전라북도 전주시 완산구 효자동1가,중상사고,0,1,0,0,차대사람 - 횡단중,신호위반,건조,맑음,교차로 - 교차로안,승용,남,42세,상해없음,보행자,여,47세,중상
2021021000100047,2021년 2월 10일 06시,수요일,전라북도 익산시 부송동,경상사고,0,0,1,0,차대차 - 측면충돌,안전운전불이행,건조,맑음,교차로 - 교차로부근,승용,남,36세,상해없음,승용,남,28세,경상
2021021000100153,2021년 2월 10일 10시,수요일,전라북도 전주시 완산구 효자동3가,경상사고,0,0,2,0,차대차 - 기타,신호위반,건조,맑음,교차로 - 교차로안,승용,여,48세,상해없음,화물,남,33세,경상
2021021000100194,2021년 2월 10일 11시,수요일,전라북도 전주시 완산구 효자동1가,중상사고,0,1,0,0,차대차 - 기타,중앙선침범,건조,맑음,교차로 - 교차로부근,승용,남,84세,상해없음,승용,남,38세,중상
2021021000100195,2021년 2월 10일 11시,수요일,전라북도 전주시 덕진구 인후동1가,경상사고,0,0,2,0,차대차 - 추돌,안전운전불이행,건조,맑음,단일로 - 기타,승용,남,23세,상해없음,승용,남,54세,경상
2021021000100196,2021년 2월 10일 11시,수요일,전라북도 익산시 신동,중상사고,0,1,0,0,차대차 - 측면충돌,안전거리미확보,건조,맑음,교차로 - 교차로안,승용,남,70세,상해없음,원동기,남,35세,중상
2021021000100235,2021년 2월 10일 12시,수요일,전라북도 전주시 완산구 서신동,경상사고,0,0,2,0,차대차 - 기타,신호위반,건조,맑음,교차로 - 교차로안,승용,남,81세,상해없음,승용,남,63세,경상
2021021000100236,2021년 2월 10일 12시,수요일,전라북도 정읍시 시기동,경상사고,0,0,1,0,차대차 - 측면충돌,직진우회전진행방해,건조,맑음,교차로 - 교차로안,자전거,남,75세,경상,승용,여,55세,상해없음
2021021000100262,2021년 2월 10일 13시,수요일,전라북도 정읍시 수성동,경상사고,0,0,2,0,차대차 - 측면충돌,신호위반,건조,맑음,교차로 - 교차로안,승용,남,39세,경상,승용,남,42세,경상
2021021000100314,2021년 2월 10일 14시,수요일,전라북도 군산시 금암동,경상사고,0,0,1,0,차대차 - 기타,안전운전불이행,건조,맑음,교차로 - 교차로안,승용,남,37세,상해없음,화물,남,72세,경상
2021021000100315,2021년 2월 10일 14시,수요일,전라북도 김제시 교동,중상사고,0,1,0,0,차대차 - 측면충돌,신호위반,건조,맑음,교차로 - 교차로안,승용,여,45세,상해없음,화물,남,67세,중상
2021021000100354,2021년 2월 10일 15시,수요일,전라북도 전주시 덕진구 진북동,중상사고,0,1,0,0,차대차 - 측면충돌,안전운전불이행,건조,맑음,단일로 - 기타,승용,남,54세,상해없음,자전거,남,67세,중상
2021021000100355,2021년 2월 10일 15시,수요일,전라북도 군산시 나운동,경상사고,0,0,1,0,차대사람 - 기타,기타,건조,맑음,단일로 - 기타,화물,남,27세,상해없음,보행자,여,51세,경상
2021021000100445,2021년 2월 10일 17시,수요일,전라북도 전주시 덕진구 우아동2가,경상사고,0,0,1,0,차대차 - 측면충돌,직진우회전진행방해,건조,맑음,교차로 - 교차로안,승용,남,44세,상해없음,이륜,남,34세,경상
2021021000100446,2021년 2월 10일 17시,수요일,전라북도 군산시 나운동,경상사고,0,0,3,0,차대차 - 추돌,안전운전불이행,건조,맑음,단일로 - 기타,승용,남,73세,상해없음,승용,남,36세,경상
2021021000100447,2021년 2월 10일 17시,수요일,전라북도 김제시 금산면,중상사고,0,1,0,0,차대차 - 측면충돌,안전운전불이행,건조,맑음,교차로 - 교차로안,승용,남,39세,상해없음,이륜,남,66세,중상
2021021000100510,2021년 2월 10일 18시,수요일,전라북도 전주시 완산구 효자동1가,중상사고,0,1,0,0,차대사람 - 횡단중,기타,건조,맑음,교차로 - 교차로안,승용,여,43세,상해없음,보행자,여,77세,중상
2021021000100511,2021년 2월 10일 18시,수요일,전라북도 전주시 덕진구 금암동,경상사고,0,0,1,0,차대차 - 측면충돌,중앙선침범,건조,맑음,단일로 - 기타,승용,남,66세,상해없음,승용,남,73세,경상
2021021000100512,2021년 2월 10일 18시,수요일,전라북도 장수군 장수읍,경상사고,0,0,1,0,차대차 - 정면충돌,중앙선침범,젖음/습기,맑음,단일로 - 기타,승용,남,58세,상해없음,승용,남,43세,경상
2021021000100581,2021년 2월 10일 19시,수요일,전라북도 군산시 문화동,경상사고,0,0,1,0,차대차 - 추돌,안전운전불이행,건조,맑음,교차로 - 교차로부근,승용,여,44세,상해없음,승용,여,52세,경상
2021021000100582,2021년 2월 10일 19시,수요일,전라북도 정읍시 북면,경상사고,0,0,2,0,차대차 - 측면충돌,안전운전불이행,건조,맑음,기타 - 기타,승용,남,33세,상해없음,승용,남,40세,경상
2021021000100641,2021년 2월 10일 20시,수요일,전라북도 전주시 완산구 동서학동,경상사고,0,0,1,0,차대사람 - 횡단중,안전운전불이행,건조,맑음,교차로 - 교차로안,승용,여,44세,상해없음,보행자,여,47세,경상
2021021000100696,2021년 2월 10일 21시,수요일,전라북도 전주시 완산구 효자동3가,경상사고,0,0,1,0,차대차 - 후진중충돌,안전운전불이행,건조,맑음,단일로 - 기타,승용,여,26세,상해없음,승용,여,44세,경상
2021021000100721,2021년 2월 10일 22시,수요일,전라북도 전주시 덕진구 송천동2가,경상사고,0,0,1,0,차대차 - 정면충돌,신호위반,건조,맑음,교차로 - 교차로안,승용,남,60세,상해없음,승합,남,73세,경상
2021021000100722,2021년 2월 10일 22시,수요일,전라북도 전주시 덕진구 덕진동1가,경상사고,0,0,1,0,차대사람 - 횡단중,신호위반,건조,맑음,기타 - 기타,승용,남,28세,상해없음,보행자,남,41세,경상
2021021000100723,2021년 2월 10일 22시,수요일,전라북도 정읍시 시기동,중상사고,0,1,1,0,차대차 - 측면충돌,직진우회전진행방해,건조,맑음,교차로 - 교차로안,승용,남,64세,상해없음,승용,여,64세,중상
2021021100100018,2021년 2월 11일 01시,목요일,전라북도 완주군 이서면,경상사고,0,0,1,0,차대차 - 정면충돌,중앙선침범,건조,맑음,교차로 - 교차로부근,승용,남,28세,상해없음,승용,남,39세,경상
2021021100100046,2021년 2월 11일 06시,목요일,전라북도 전주시 덕진구 우아동2가,사망사고,1,0,0,0,차대사람 - 기타,안전운전불이행,건조,맑음,단일로 - 기타,승용,남,58세,상해없음,보행자,남,58세,사망
2021021100100068,2021년 2월 11일 09시,목요일,전라북도 군산시 개정면,경상사고,0,0,1,0,차대차 - 추돌,안전운전불이행,건조,맑음,교차로 - 교차로부근,승용,남,26세,상해없음,승용,여,49세,경상
2021021100100080,2021년 2월 11일 10시,목요일,전라북도 고창군 고창읍,경상사고,0,0,1,0,차대차 - 기타,안전운전불이행,건조,맑음,단일로 - 기타,승용,남,47세,상해없음,승용,남,27세,경상
2021021100100137,2021년 2월 11일 13시,목요일,전라북도 전주시 완산구 삼천동1가,경상사고,0,0,1,0,차대차 - 정면충돌,안전운전불이행,건조,맑음,교차로 - 교차로안,승용,여,32세,상해없음,승용,여,37세,경상
2021021100100352,2021년 2월 11일 22시,목요일,전라북도 익산시 인화동2가,경상사고,0,0,2,0,차대차 - 추돌,안전운전불이행,건조,맑음,단일로 - 기타,승용,남,26세,상해없음,승용,남,27세,경상
2021021200100044,2021년 2월 12일 09시,금요일,전라북도 익산시 황등면,중상사고,0,1,0,0,차량단독 - 기타,안전운전불이행,건조,맑음,단일로 - 기타,이륜,남,66세,중상,,,,
2021021200100064,2021년 2월 12일 11시,금요일,전라북도 김제시 금구면,경상사고,0,0,1,0,차대차 - 측면충돌,안전운전불이행,건조,맑음,단일로 - 기타,승용,남,67세,상해없음,승합,남,67세,경상
2021021200100158,2021년 2월 12일 16시,금요일,전라북도 익산시 영등동,경상사고,0,0,1,0,차대차 - 측면충돌,신호위반,건조,맑음,교차로 - 교차로안,이륜,남,37세,상해없음,승용,남,60세,경상
2021021200100159,2021년 2월 12일 16시,금요일,전라북도 익산시 부송동,경상사고,0,0,1,0,차량단독 - 주/정차차량 충돌,안전운전불이행,건조,맑음,단일로 - 기타,승용,남,22세,경상,,,,
2021021200100276,2021년 2월 12일 22시,금요일,전라북도 전주시 완산구 중화산동2가,경상사고,0,0,4,0,차대차 - 정면충돌,신호위반,건조,맑음,교차로 - 교차로부근,승용,남,19세,경상,승용,여,60세,경상
2021021200100277,2021년 2월 12일 22시,금요일,전라북도 군산시 수송동,경상사고,0,0,1,0,차대사람 - 길가장자리구역통행중,보행자보호의무위반,건조,맑음,교차로 - 교차로안,승용,남,73세,상해없음,보행자,남,37세,경상
2021021200100278,2021년 2월 12일 22시,금요일,전라북도 익산시 부송동,사망사고,1,0,0,0,차대사람 - 횡단중,보행자보호의무위반,건조,맑음,교차로 - 교차로부근,승용,남,59세,상해없음,보행자,여,71세,사망
2021021200100279,2021년 2월 12일 22시,금요일,전라북도 익산시 월성동,경상사고,0,0,4,0,차대차 - 측면충돌,안전운전불이행,건조,맑음,교차로 - 교차로부근,화물,남,50세,경상,승용,여,63세,경상
2021021200100295,2021년 2월 12일 23시,금요일,전라북도 김제시 공덕면,경상사고,0,0,3,0,차대차 - 측면충돌,안전거리미확보,젖음/습기,안개,단일로 - 기타,승용,남,29세,상해없음,승용,남,50세,상해없음
2021021300100005,2021년 2월 13일 00시,토요일,전라북도 군산시 명산동,경상사고,0,0,1,0,차대사람 - 길가장자리구역통행중,보행자보호의무위반,건조,맑음,교차로 - 교차로부근,승용,여,47세,상해없음,보행자,여,40세,경상
2021021300100062,2021년 2월 13일 11시,토요일,전라북도 완주군 운주면,사망사고,1,0,0,0,차량단독 - 전도전복 - 전도,안전운전불이행,건조,맑음,단일로 - 기타,농기계,남,78세,사망,,,,