사고번호,사고일시,요일,시군구,사고내용,사망자수,중상자수,경상자수,부상신고자수,사고유형,법규위반,노면상태,기상상태,도로형태,가해운전자 차종,가해운전자 성별,가해운전자 연령,가해운전자 상해정도,피해운전자 차종,피해운전자 성별,피해운전자 연령,피해운전자 상해정도
2021021300100113,2021년 2월 13일 13시,토요일,전라북도 전주시 덕진구 송천동1가,중상사고,0,1,0,0,차대사람 - 횡단중,신호위반,건조,맑음,교차로 - 교차로횡단보도내,승용,여,28세,상해없음,보행자,여,26세,중상
2021021300100114,2021년 2월 13일 13시,토요일,전라북도 익산시 오산면,경상사고,0,0,2,0,차대차 - 측면충돌,차로위반,건조,맑음,단일로 - 기타,승용,여,62세,상해없음,승용,남,23세,경상
2021021300100138,2021년 2월 13일 14시,토요일,전라북도 전주시 완산구 평화동2가,경상사고,0,0,2,0,차대차 - 추돌,안전운전불이행,건조,맑음,교차로 - 교차로부근,승용,남,25세,상해없음,승용,남,25세,경상
2021021300100163,2021년 2월 13일 15시,토요일,전라북도 익산시 왕궁면,경상사고,0,0,2,0,차대차 - 추돌,안전거리미확보,건조,맑음,단일로 - 기타,승용,남,46세,상해없음,승용,남,27세,경상
2021021300100222,2021년 2월 13일 17시,토요일,전라북도 전주시 완산구 다가동2가,경상사고,0,0,4,0,차대차 - 측면충돌,안전운전불이행,건조,맑음,교차로 - 교차로안,화물,남,52세,상해없음,승용,남,36세,경상
2021021300100223,2021년 2월 13일 17시,토요일,전라북도 군산시 조촌동,경상사고,0,0,1,0,차대사람 - 횡단중,보행자보호의무위반,건조,맑음,교차로 - 교차로안,승용,남,60세,상해없음,보행자,남,64세,경상
2021021300100254,2021년 2월 13일 18시,토요일,전라북도 익산시 신동,경상사고,0,0,1,0,차대차 - 측면충돌,기타,건조,맑음,교차로 - 교차로안,승용,남,73세,상해없음,자전거,남,51세,경상
2021021300100255,2021년 2월 13일 18시,토요일,전라북도 부안군 부안읍,경상사고,0,0,1,0,차대차 - 측면충돌,교차로운행방법위반,건조,맑음,교차로 - 교차로안,승용,남,69세,상해없음,원동기,남,18세,경상
2021021300100283,2021년 2월 13일 19시,토요일,전라북도 군산시 대야면,경상사고,0,0,3,0,차대차 - 측면충돌,직진우회전진행방해,건조,맑음,교차로 - 교차로안,승용,남,62세,경상,승용,여,26세,경상
2021021300100284,2021년 2월 13일 19시,토요일,전라북도 익산시 신용동,중상사고,0,1,1,0,차대차 - 측면충돌,직진우회전진행방해,건조,맑음,교차로 - 교차로안,승용,남,33세,상해없음,이륜,남,19세,중상
2021021300100374,2021년 2월 13일 22시,토요일,전라북도 전주시 덕진구 팔복동1가,경상사고,0,0,1,0,차대차 - 추돌,안전운전불이행,건조,맑음,교차로 - 교차로부근,승용,여,26세,상해없음,승용,남,68세,경상
2021021400100032,2021년 2월 14일 09시,일요일,전라북도 전주시 덕진구 인후동1가,중상사고,0,1,1,0,차대차 - 측면충돌,신호위반,젖음/습기,비,교차로 - 교차로안,승용,여,51세,상해없음,승용,남,33세,경상
2021021400100055,2021년 2월 14일 11시,일요일,전라북도 전주시 덕진구 덕진동2가,경상사고,0,0,1,0,차대사람 - 횡단중,보행자보호의무위반,젖음/습기,흐림,단일로 - 기타,승용,남,71세,상해없음,보행자,남,26세,경상
2021021400100112,2021년 2월 14일 14시,일요일,전라북도 군산시 옥구읍,경상사고,0,0,1,0,차대차 - 측면충돌,중앙선침범,건조,맑음,교차로 - 교차로안,승용,남,49세,상해없음,승용,남,21세,경상
2021021400100202,2021년 2월 14일 18시,일요일,전라북도 전주시 완산구 전동,경상사고,0,0,1,0,차대사람 - 횡단중,보행자보호의무위반,젖음/습기,비,교차로 - 교차로부근,기타불명,기타불명,미분류,기타불명,보행자,여,65세,경상
2021021400100231,2021년 2월 14일 19시,일요일,전라북도 전주시 완산구 평화동1가,경상사고,0,0,2,0,차대사람 - 횡단중,보행자보호의무위반,젖음/습기,비,교차로 - 교차로부근,승용,남,68세,상해없음,보행자,남,17세,경상
2021021400100260,2021년 2월 14일 20시,일요일,전라북도 전주시 완산구 효자동3가,경상사고,0,0,2,0,차대차 - 측면충돌,안전운전불이행,젖음/습기,비,교차로 - 교차로안,승용,남,65세,상해없음,승용,남,62세,경상
2021021400100261,2021년 2월 14일 20시,일요일,전라북도 전주시 덕진구 인후동1가,경상사고,0,0,1,0,차대차 - 측면충돌,안전거리미확보,젖음/습기,비,단일로 - 기타,승용,남,21세,상해없음,승용,남,56세,경상
2021021500100015,2021년 2월 15일 05시,월요일,전라북도 군산시 수송동,중상사고,0,1,6,0,차대차 - 측면충돌,신호위반,젖음/습기,흐림,교차로 - 교차로안,승합,남,72세,경상,승용,남,66세,경상
2021021500100027,2021년 2월 15일 06시,월요일,전라북도 군산시 소룡동,경상사고,0,0,1,0,차대차 - 측면충돌,안전운전불이행,젖음/습기,비,교차로 - 교차로안,승용,남,35세,상해없음,화물,남,48세,경상
2021021500100055,2021년 2월 15일 08시,월요일,전라북도 전주시 완산구 중화산동2가,경상사고,0,0,1,0,차대사람 - 기타,안전운전불이행,건조,흐림,단일로 - 기타,승용,남,68세,상해없음,보행자,남,24세,경상
2021021500100056,2021년 2월 15일 08시,월요일,전라북도 부안군 부안읍,중상사고,0,1,1,0,차대차 - 정면충돌,기타,젖음/습기,맑음,교차로 - 교차로안,승용,여,56세,경상,승용,여,57세,중상
2021021500100057,2021년 2월 15일 08시,월요일,전라북도 임실군 신평면,경상사고,0,0,1,0,차량단독 - 도로외이탈 - 추락,안전운전불이행,젖음/습기,비,단일로 - 지하차도(도로)내,건설기계,남,50세,경상,,,,
2021021500100176,2021년 2월 15일 13시,월요일,전라북도 익산시 석암동,경상사고,0,0,1,0,차대차 - 측면충돌,직진우회전진행방해,건조,맑음,교차로 - 교차로안,승용,여,61세,상해없음,화물,남,44세,경상
2021021500100240,2021년 2월 15일 15시,월요일,전라북도 군산시 미룡동,경상사고,0,0,1,0,차대차 - 정면충돌,안전운전불이행,건조,맑음,기타 - 기타,승용,남,51세,상해없음,승용,남,60세,경상
2021021500100241,2021년 2월 15일 15시,월요일,전라북도 익산시 금마면,경상사고,0,0,2,0,차대차 - 추돌,안전운전불이행,건조,맑음,교차로 - 교차로부근,승용,남,46세,상해없음,승용,여,53세,경상
2021021500100242,2021년 2월 15일 15시,월요일,전라북도 익산시 팔봉동,경상사고,0,0,1,0,차대차 - 측면충돌,신호위반,건조,맑음,교차로 - 교차로안,승용,여,65세,상해없음,화물,남,60세,경상
2021021500100280,2021년 2월 15일 16시,월요일,전라북도 전주시 덕진구 인후동1가,경상사고,0,0,1,0,차대사람 - 횡단중,신호위반,건조,맑음,교차로 - 교차로안,승용,남,56세,상해없음,보행자,여,16세,경상
2021021500100311,2021년 2월 15일 17시,월요일,전라북도 진안군 진안읍,중상사고,0,1,0,0,차대사람 - 길가장자리구역통행중,안전운전불이행,건조,맑음,교차로 - 교차로안,승용,남,49세,상해없음,보행자,남,85세,중상
2021021500100417,2021년 2월 15일 20시,월요일,전라북도 익산시 영등동,경상사고,0,0,1,0,차대차 - 추돌,안전운전불이행,건조,맑음,교차로 - 교차로부근,승용,남,58세,상해없음,승용,남,40세,경상
2021021500100418,2021년 2월 15일 20시,월요일,전라북도 익산시 영등동,경상사고,0,0,1,0,차대차 - 측면충돌,중앙선침범,건조,맑음,단일로 - 기타,승용,남,58세,상해없음,승용,남,56세,경상
2021021500100419,2021년 2월 15일 20시,월요일,전라북도 익산시 영등동,경상사고,0,0,1,0,차대차 - 추돌,안전운전불이행,건조,맑음,단일로 - 기타,승용,남,58세,기타불명,승용,남,39세,경상
2021021500100438,2021년 2월 15일 21시,월요일,전라북도 전주시 덕진구 송천동1가,중상사고,0,1,0,0,차대차 - 측면충돌,안전운전불이행,건조,흐림,단일로 - 기타,승용,남,49세,상해없음,이륜,남,23세,중상
2021021500100439,2021년 2월 15일 21시,월요일,전라북도 남원시 사매면,사망사고,1,0,1,0,차량단독 - 전도전복 - 전도,안전운전불이행,건조,맑음,단일로 - 기타,개인형이동수단(PM),남,17세,경상,,,,
2021021500100456,2021년 2월 15일 22시,월요일,전라북도 전주시 완산구 효자동3가,중상사고,0,1,0,0,차대차 - 추돌,안전운전불이행,건조,맑음,단일로 - 기타,승용,남,51세,상해없음,승용,남,43세,중상
2021021500100479,2021년 2월 15일 23시,월요일,전라북도 정읍시 상동,경상사고,0,0,1,0,차대사람 - 횡단중,안전운전불이행,건조,흐림,단일로 - 지하차도(도로)내,승용,여,46세,상해없음,보행자,남,50세,경상
2021021600100048,2021년 2월 16일 07시,화요일,전라북도 남원시 도통동,중상사고,0,1,0,0,차대차 - 기타,안전운전불이행,건조,맑음,교차로 - 교차로안,화물,남,49세,상해없음,자전거,여,60세,중상
2021021600100071,2021년 2월 16일 08시,화요일,전라북도 익산시 신흥동,경상사고,0,0,1,0,차대차 - 측면충돌,신호위반,건조,맑음,교차로 - 교차로안,승용,여,63세,상해없음,승용,여,39세,경상
2021021600100100,2021년 2월 16일 09시,화요일,전라북도 전주시 덕진구 호성동1가,중상사고,0,1,2,0,차대차 - 측면충돌,신호위반,건조,맑음,교차로 - 교차로안,화물,남,71세,상해없음,승합,남,55세,상해없음
2021021600100119,2021년 2월 16일 10시,화요일,전라북도 전주시 완산구 중화산동2가,경상사고,0,0,1,0,차대차 - 추돌,안전운전불이행,건조,맑음,단일로 - 기타,승용,남,85세,상해없음,승용,남,29세,경상
2021021600100293,2021년 2월 16일 15시,화요일,전라북도 군산시 미룡동,중상사고,0,1,0,0,차대차 - 측면충돌,안전운전불이행,젖음/습기,흐림,교차로 - 교차로안,승용,여,54세,상해없음,이륜,남,79세,중상
2021021600100407,2021년 2월 16일 18시,화요일,전라북도 전주시 완산구 서노송동,경상사고,0,0,1,0,차대차 - 후진중충돌,안전운전불이행,건조,흐림,교차로 - 교차로부근,화물,남,60세,상해없음,승용,여,48세,경상
2021021600100408,2021년 2월 16일 18시,화요일,전라북도 남원시 도통동,중상사고,0,1,0,0,차대사람 - 횡단중,안전운전불이행,건조,맑음,교차로 - 교차로부근,이륜,남,30세,상해없음,보행자,여,39세,중상
2021021600100439,2021년 2월 16일 19시,화요일,전라북도 전주시 완산구 서서학동,경상사고,0,0,1,0,차대차 - 추돌,안전거리미확보,건조,흐림,교차로 - 교차로안,승용,남,27세,상해없음,승용,여,34세,경상
2021021600100465,2021년 2월 16일 20시,화요일,전라북도 전주시 덕진구 송천동2가,중상사고,0,1,0,0,차대차 - 측면충돌,신호위반,건조,맑음,교차로 - 교차로안,승용,남,34세,상해없음,승용,남,49세,중상
2021021600100466,2021년 2월 16일 20시,화요일,전라북도 익산시 송학동,경상사고,0,0,1,0,차대차 - 측면충돌,안전운전불이행,건조,맑음,교차로 - 교차로안,이륜,남,59세,상해없음,이륜,남,17세,경상
2021021600100489,2021년 2월 16일 21시,화요일,전라북도 전주시 완산구 효자동1가,경상사고,0,0,1,0,차대차 - 후진중충돌,불법유턴,건조,맑음,단일로 - 기타,승용,남,41세,상해없음,승용,여,52세,경상
2021021600100510,2021년 2월 16일 22시,화요일,전라북도 전주시 덕진구 인후동1가,경상사고,0,0,1,0,차대차 - 기타,교차로운행방법위반,건조,맑음,교차로 - 교차로안,승용,남,60세,상해없음,원동기,남,33세,경상
2021021600100527,2021년 2월 16일 23시,화요일,전라북도 군산시 조촌동,경상사고,0,0,1,0,차대차 - 측면충돌,신호위반,건조,흐림,교차로 - 교차로안,승용,남,18세,상해없음,승용,남,28세,경상
2021021600100528,2021년 2월 16일 23시,화요일,전라북도 군산시 오식도동,사망사고,1,0,0,0,차량단독 - 전도전복 - 전도,안전운전불이행,젖음/습기,눈,교차로 - 교차로부근,승용,남,57세,사망,,,,
2021021700100016,2021년 2월 17일 01시,수요일,전라북도 남원시 대산면,사망사고,1,0,0,0,차대차 - 추돌,안전운전불이행,적설,눈,단일로 - 기타,화물,남,64세,사망,건설기계,남,62세,상해없음
2021021700100025,2021년 2월 17일 04시,수요일,전라북도 군산시 미장동,중상사고,0,1,0,0,차대차 - 측면충돌,신호위반,젖음/습기,흐림,교차로 - 교차로안,화물,남,55세,상해없음,승합,남,72세,중상
2021021700100080,2021년 2월 17일 08시,수요일,전라북도 정읍시 덕천면,경상사고,0,0,2,0,차대차 - 측면충돌,직진우회전진행방해,적설,눈,교차로 - 교차로안,승용,남,54세,경상,승용,남,48세,경상
2021021700100081,2021년 2월 17일 08시,수요일,전라북도 정읍시 신태인읍,경상사고,0,0,1,0,차대차 - 추돌,안전운전불이행,적설,눈,단일로 - 기타,승용,여,32세,상해없음,승용,여,68세,경상
2021021700100082,2021년 2월 17일 08시,수요일,전라북도 순창군 순창읍,경상사고,0,0,1,0,차대사람 - 횡단중,보행자보호의무위반,적설,눈,교차로 - 교차로횡단보도내,승용,여,33세,상해없음,보행자,여,40세,경상
2021021700100116,2021년 2월 17일 09시,수요일,전라북도 군산시 조촌동,중상사고,0,1,0,0,차대사람 - 횡단중,안전운전불이행,적설,눈,교차로 - 교차로안,승용,남,59세,상해없음,보행자,여,82세,중상
2021021700100117,2021년 2월 17일 09시,수요일,전라북도 김제시 금구면,경상사고,0,0,1,0,차대차 - 측면충돌,신호위반,적설,눈,교차로 - 교차로안,승합,남,61세,상해없음,승용,남,31세,경상
2021021700100332,2021년 2월 17일 16시,수요일,전라북도 전주시 완산구 중화산동2가,중상사고,0,1,0,0,차대차 - 측면충돌,신호위반,건조,맑음,교차로 - 교차로안,승합,남,69세,상해없음,승용,남,56세,중상
2021021700100407,2021년 2월 17일 18시,수요일,전라북도 전주시 덕진구 인후동1가,중상사고,0,1,0,0,차대차 - 기타,신호위반,건조,맑음,교차로 - 교차로부근,승용,남,61세,상해없음,이륜,남,34세,중상
2021021700100564,2021년 2월 17일 23시,수요일,전라북도 군산시 지곡동,경상사고,0,0,1,0,차대차 - 측면충돌,직진우회전진행방해,적설,눈,교차로 - 교차로안,승용,여,50세,상해없음,화물,남,53세,경상
2021021700100565,2021년 2월 17일 23시,수요일,전라북도 정읍시 입암면,중상사고,0,2,0,0,차량단독 - 공작물충돌,안전운전불이행,적설,눈,교차로 - 교차로부근,승용,남,35세,중상,,,,
2021021800100006,2021년 2월 18일 00시,목요일,전라북도 익산시 모현동2가,경상사고,0,0,4,0,차대차 - 추돌,안전운전불이행,적설,흐림,교차로 - 교차로부근,승용,남,41세,상해없음,승용,남,43세,경상
2021021800100015,2021년 2월 18일 01시,목요일,전라북도 전주시 덕진구 진북동,경상사고,0,0,1,0,차대차 - 측면충돌,신호위반,젖음/습기,눈,교차로 - 교차로안,승용,남,31세,상해없음,승용,남,51세,경상
2021021800100073,2021년 2월 18일 08시,목요일,전라북도 김제시 백산면,경상사고,0,0,1,1,차대차 - 측면충돌,신호위반,적설,맑음,교차로 - 교차로안,승용,남,48세,부상신고,승용,남,28세,경상
2021021800100100,2021년 2월 18일 09시,목요일,전라북도 전주시 덕진구 덕진동2가,중상사고,0,1,1,0,차대차 - 측면충돌,신호위반,건조,맑음,교차로 - 교차로안,승용,남,64세,상해없음,승용,남,34세,중상
2021021800100182,2021년 2월 18일 12시,목요일,전라북도 전주시 덕진구 덕진동2가,경상사고,0,0,2,0,차대차 - 추돌,안전거리미확보,건조,맑음,교차로 - 교차로부근,이륜,남,35세,상해없음,승용,남,54세,경상
2021021800100216,2021년 2월 18일 13시,목요일,전라북도 전주시 완산구 중화산동2가,경상사고,0,0,2,0,차대차 - 추돌,안전운전불이행,건조,맑음,단일로 - 기타,승용,여,48세,상해없음,승용,여,25세,경상
2021021800100217,2021년 2월 18일 13시,목요일,전라북도 전주시 덕진구 팔복동3가,중상사고,0,1,0,0,차대차 - 측면충돌,중앙선침범,건조,맑음,미분류 - 미분류,승용,여,52세,상해없음,이륜,남,43세,중상
2021021800100218,2021년 2월 18일 13시,목요일,전라북도 군산시 나운동,경상사고,0,0,1,0,차대차 - 기타,신호위반,건조,맑음,교차로 - 교차로안,승용,남,56세,상해없음,이륜,남,59세,경상
2021021800100250,2021년 2월 18일 14시,목요일,전라북도 완주군 이서면,중상사고,0,1,0,0,차대차 - 측면충돌,직진우회전진행방해,건조,맑음,교차로 - 교차로안,승용,여,35세,상해없음,승용,남,61세,중상
2021021800100286,2021년 2월 18일 15시,목요일,전라북도 전주시 덕진구 여의동,경상사고,0,0,2,0,차대차 - 추돌,신호위반,건조,맑음,교차로 - 교차로안,승용,남,58세,상해없음,승용,남,49세,경상
2021021800100325,2021년 2월 18일 16시,목요일,전라북도 익산시 남중동,경상사고,0,0,1,0,차대차 - 측면충돌,안전운전불이행,건조,맑음,교차로 - 교차로안,승용,남,66세,상해없음,원동기,남,20세,경상
2021021800100326,2021년 2월 18일 16시,목요일,전라북도 익산시 영등동,경상사고,0,0,1,0,차대사람 - 횡단중,안전운전불이행,건조,맑음,단일로 - 기타,승용,남,63세,상해없음,보행자,남,10세,경상
2021021800100362,2021년 2월 18일 17시,목요일,전라북도 전주시 덕진구 덕진동1가,중상사고,0,2,0,0,차대차 - 후진중충돌,안전운전불이행,건조,맑음,단일로 - 기타,승용,남,45세,상해없음,승용,남,49세,중상
2021021800100410,2021년 2월 18일 18시,목요일,전라북도 익산시 부송동,경상사고,0,0,1,0,차대차 - 측면충돌,안전운전불이행,건조,맑음,단일로 - 기타,승용,여,56세,상해없음,이륜,남,40세,경상
2021021800100437,2021년 2월 18일 19시,목요일,전라북도 전주시 덕진구 만성동,경상사고,0,0,3,0,차대차 - 측면충돌,신호위반,건조,맑음,교차로 - 교차로안,승용,여,49세,상해없음,승용,여,33세,경상
2021021800100466,2021년 2월 18일 20시,목요일,전라북도 군산시 수송동,경상사고,0,0,1,0,차대차 - 후진중충돌,안전운전불이행,건조,맑음,단일로 - 기타,승용,남,38세,상해없음,승용,남,58세,상해없음
2021021800100496,2021년 2월 18일 21시,목요일,전라북도 전주시 덕진구 여의동,중상사고,0,2,0,0,차대차 - 정면충돌,신호위반,건조,맑음,교차로 - 교차로안,승합,남,29세,상해없음,승용,여,25세,중상
2021021800100549,2021년 2월 18일 23시,목요일,전라북도 전주시 완산구 효자동2가,중상사고,0,1,0,0,차대차 - 측면충돌,불법유턴,건조,맑음,교차로 - 교차로안,승용,여,60세,상해없음,이륜,남,18세,중상
2021021900100033,2021년 2월 19일 06시,금요일,전라북도 익산시 덕기동,중상사고,0,1,1,0,차대차 - 측면충돌,기타,건조,맑음,기타 - 기타,화물,남,50세,경상,승용,남,59세,중상
2021021900100051,2021년 2월 19일 07시,금요일,전라북도 고창군 고창읍,경상사고,0,0,1,0,차대차 - 측면충돌,안전운전불이행,건조,맑음,교차로 - 교차로안,화물,남,65세,상해없음,승용,남,39세,경상
2021021900100119,2021년 2월 19일 09시,금요일,전라북도 전주시 완산구 서서학동,중상사고,0,1,1,0,차대차 - 측면충돌,안전운전불이행,건조,맑음,교차로 - 교차로안,승용,남,38세,상해없음,승용,남,38세,경상
2021021900100120,2021년 2월 19일 09시,금요일,전라북도 김제시 요촌동,경상사고,0,0,1,0,차대사람 - 차도통행중,안전운전불이행,건조,맑음,교차로 - 교차로안,승용,여,64세,상해없음,보행자,여,61세,경상
2021021900100151,2021년 2월 19일 10시,금요일,전라북도 전주시 덕진구 금암동,경상사고,0,0,1,0,차대차 - 측면충돌,신호위반,건조,맑음,교차로 - 교차로안,승용,남,71세,상해없음,승용,여,27세,경상
2021021900100185,2021년 2월 19일 11시,금요일,전라북도 전주시 완산구 효자동2가,경상사고,0,0,1,0,차대차 - 추돌,안전운전불이행,건조,맑음,교차로 - 교차로부근,승합,남,61세,상해없음,화물,여,57세,경상
2021021900100186,2021년 2월 19일 11시,금요일,전라북도 전주시 덕진구 팔복동1가,경상사고,0,0,1,0,차대차 - 측면충돌,신호위반,건조,맑음,교차로 - 교차로안,승용,남,79세,상해없음,승용,남,37세,경상
2021021900100187,2021년 2월 19일 11시,금요일,전라북도 전주시 덕진구 우아동3가,경상사고,0,0,2,0,차대차 - 측면충돌,안전운전불이행,건조,맑음,교차로 - 교차로안,승용,남,64세,상해없음,승용,남,71세,상해없음
2021021900100188,2021년 2월 19일 11시,금요일,전라북도 군산시 경암동,부상신고사고,0,0,0,1,차대차 - 측면충돌,직진우회전진행방해,건조,맑음,교차로 - 교차로안,이륜,남,26세,부상신고,승용,남,73세,기타불명
2021021900100233,2021년 2월 19일 12시,금요일,전라북도 전주시 완산구 경원동3가,경상사고,0,0,1,0,차대차 - 추돌,안전운전불이행,건조,맑음,교차로 - 교차로안,승용,남,29세,상해없음,승용,여,65세,경상
2021021900100234,2021년 2월 19일 12시,금요일,전라북도 정읍시 수성동,경상사고,0,0,1,0,차대사람 - 기타,안전운전불이행,건조,맑음,단일로 - 기타,화물,남,72세,상해없음,보행자,여,25세,경상
2021021900100274,2021년 2월 19일 13시,금요일,전라북도 전주시 완산구 삼천동1가,경상사고,0,0,1,0,차대차 - 측면충돌,안전거리미확보,건조,맑음,단일로 - 교량,화물,남,71세,상해없음,화물,남,38세,경상
2021021900100313,2021년 2월 19일 14시,금요일,전라북도 전주시 완산구 서신동,부상신고사고,0,0,0,1,차대차 - 측면충돌,안전거리미확보,건조,맑음,교차로 - 교차로횡단보도내,승용,여,59세,부상신고,승용,남,55세,상해없음
2021021900100314,2021년 2월 19일 14시,금요일,전라북도 익산시 금마면,경상사고,0,0,2,0,차대차 - 측면충돌,신호위반,건조,맑음,교차로 - 교차로안,승용,여,50세,상해없음,승용,여,60세,경상
2021021900100356,2021년 2월 19일 15시,금요일,전라북도 무주군 안성면,경상사고,0,0,1,0,차대차 - 측면충돌,직진우회전진행방해,건조,맑음,교차로 - 교차로안,이륜,남,73세,경상,화물,남,62세,상해없음
2021021900100412,2021년 2월 19일 16시,금요일,전라북도 전주시 완산구 중화산동1가,경상사고,0,0,2,0,차대차 - 추돌,안전운전불이행,건조,맑음,교차로 - 교차로부근,승용,남,67세,상해없음,승용,여,40세,경상
2021021900100413,2021년 2월 19일 16시,금요일,전라북도 전주시 덕진구 팔복동1가,경상사고,0,0,1,0,차대차 - 측면충돌,신호위반,건조,맑음,교차로 - 교차로안,화물,남,41세,상해없음,승용,여,33세,경상
2021021900100414,2021년 2월 19일 16시,금요일,전라북도 전주시 덕진구 금암동,경상사고,0,0,1,0,차대사람 - 기타,기타,건조,맑음,단일로 - 기타,개인형이동수단(PM),여,19세,상해없음,보행자,여,79세,경상
2021021900100415,2021년 2월 19일 16시,금요일,전라북도 익산시 남중동,경상사고,0,0,1,0,차대차 - 측면충돌,안전운전불이행,건조,맑음,교차로 - 교차로안,자전거,남,61세,경상,화물,남,63세,상해없음
2021021900100416,2021년 2월 19일 16시,금요일,전라북도 정읍시 칠보면,중상사고,0,1,2,0,차대차 - 측면충돌,직진우회전진행방해,건조,맑음,교차로 - 교차로안,승용,여,56세,경상,승용,남,69세,경상
2021021900100463,2021년 2월 19일 17시,금요일,전라북도 전주시 덕진구 우아동2가,경상사고,0,0,2,0,차대차 - 추돌,안전운전불이행,건조,맑음,교차로 - 교차로부근,승용,남,70세,상해없음,승용,남,62세,경상
2021021900100509,2021년 2월 19일 18시,금요일,전라북도 군산시 수송동,경상사고,0,0,2,0,차대차 - 기타,신호위반,건조,맑음,교차로 - 교차로안,화물,남,66세,상해없음,승용,남,49세,경상
2021021900100563,2021년 2월 19일 19시,금요일,전라북도 익산시 모현동2가,중상사고,0,1,0,0,차대차 - 측면충돌,안전운전불이행,건조,맑음,교차로 - 교차로안,승용,남,40세,상해없음,이륜,남,34세,중상
2021021900100647,2021년 2월 19일 21시,금요일,전라북도 전주시 완산구 효자동3가,경상사고,0,0,2,0,차대차 - 기타,교차로운행방법위반,건조,맑음,교차로 - 교차로안,승용,여,31세,상해없음,승용,여,36세,경상
2021021900100648,2021년 2월 19일 21시,금요일,전라북도 전주시 덕진구 덕진동2가,경상사고,0,0,1,0,차대차 - 측면충돌,신호위반,건조,맑음,교차로 - 교차로안,승용,남,40세,상해없음,이륜,남,30세,경상
2021021900100697,2021년 2월 19일 22시,금요일,전라북도 전주시 완산구 삼천동1가,경상사고,0,0,1,0,차대사람 - 기타,안전운전불이행,건조,맑음,교차로 - 교차로안,이륜,남,26세,상해없음,보행자,여,59세,경상
2021022000100006,2021년 2월 20일 00시,토요일,전라북도 전주시 덕진구 진북동,중상사고,0,1,1,0,차대차 - 측면충돌,신호위반,건조,맑음,교차로 - 교차로안,승용,남,66세,상해없음,승용,남,43세,경상
2021022000100034,2021년 2월 20일 03시,토요일,전라북도 전주시 덕진구 덕진동2가,경상사고,0,0,2,0,차대차 - 정면충돌,신호위반,건조,맑음,교차로 - 교차로안,승용,남,29세,상해없음,승용,남,22세,경상
2021022000100044,2021년 2월 20일 05시,토요일,전라북도 군산시 나운동,부상신고사고,0,0,0,1,차량단독 - 공작물충돌,안전운전불이행,건조,맑음,교차로 - 교차로부근,승용,남,22세,부상신고,,,,
2021022000100049,2021년 2월 20일 06시,토요일,전라북도 김제시 성덕면,경상사고,0,0,2,0,차대차 - 측면충돌,안전운전불이행,건조,흐림,단일로 - 기타,승용,남,64세,경상,건설기계,남,64세,경상
2021022000100185,2021년 2월 20일 12시,토요일,전라북도 전주시 덕진구 산정동,경상사고,0,0,1,0,차대차 - 정면충돌,중앙선침범,건조,맑음,교차로 - 교차로부근,승용,남,32세,상해없음,승용,남,50세,경상
2021022000100221,2021년 2월 20일 13시,토요일,전라북도 정읍시 태인면,사망사고,1,2,2,0,차대차 - 정면충돌,신호위반,건조,맑음,교차로 - 교차로부근,화물,남,73세,경상,화물,남,61세,중상
2021022000100290,2021년 2월 20일 15시,토요일,전라북도 전주시 완산구 전동,경상사고,0,0,3,0,차대차 - 기타,신호위반,건조,맑음,교차로 - 교차로안,승용,남,63세,상해없음,승용,남,28세,경상
2021022000100291,2021년 2월 20일 15시,토요일,전라북도 군산시 비응도동,경상사고,0,0,4,0,차대차 - 추돌,안전운전불이행,건조,맑음,단일로 - 기타,승용,남,21세,상해없음,승용,남,53세,기타불명
2021022000100327,2021년 2월 20일 16시,토요일,전라북도 전주시 완산구 효자동2가,경상사고,0,0,1,0,차대차 - 기타,중앙선침범,건조,맑음,단일로 - 기타,승용,여,40세,상해없음,이륜,남,28세,경상
2021022000100365,2021년 2월 20일 17시,토요일,전라북도 군산시 개정면,경상사고,0,0,1,0,차대차 - 추돌,안전운전불이행,건조,맑음,교차로 - 교차로부근,승용,남,53세,상해없음,승용,여,61세,경상
2021022000100404,2021년 2월 20일 18시,토요일,전라북도 전주시 완산구 경원동3가,경상사고,0,0,2,1,차대차 - 측면충돌,직진우회전진행방해,건조,맑음,교차로 - 교차로안,승용,남,71세,부상신고,승용,남,55세,경상
2021022000100405,2021년 2월 20일 18시,토요일,전라북도 김제시 검산동,중상사고,0,1,0,0,차대사람 - 횡단중,안전운전불이행,건조,맑음,교차로 - 교차로안,화물,남,69세,상해없음,보행자,여,84세,중상
2021022000100406,2021년 2월 20일 18시,토요일,전라북도 고창군 고창읍,경상사고,0,0,1,0,차대차 - 측면충돌,교차로운행방법위반,건조,맑음,교차로 - 교차로부근,승용,여,43세,상해없음,이륜,남,41세,경상
2021022000100434,2021년 2월 20일 19시,토요일,전라북도 전주시 완산구 중화산동2가,중상사고,0,1,0,0,차대차 - 측면충돌,직진우회전진행방해,건조,맑음,교차로 - 교차로부근,승용,여,58세,상해없음,이륜,남,26세,중상