사고번호,사고일시,요일,시군구,사고내용,사망자수,중상자수,경상자수,부상신고자수,사고유형,법규위반,노면상태,기상상태,도로형태,가해운전자 차종,가해운전자 성별,가해운전자 연령,가해운전자 상해정도,피해운전자 차종,피해운전자 성별,피해운전자 연령,피해운전자 상해정도
2021022800100076,2021년 2월 28일 10시,일요일,전라북도 전주시 덕진구 여의동,경상사고,0,0,1,0,차대차 - 추돌,안전운전불이행,건조,맑음,주차장 - 주차장,승용,여,59세,상해없음,승용,여,56세,경상
2021022800100077,2021년 2월 28일 10시,일요일,전라북도 완주군 삼례읍,중상사고,0,1,0,0,차대차 - 측면충돌,안전운전불이행,건조,맑음,단일로 - 기타,자전거,남,86세,중상,승용,여,64세,상해없음
2021022800100123,2021년 2월 28일 12시,일요일,전라북도 익산시 신용동,중상사고,0,1,3,0,차대차 - 추돌,교차로운행방법위반,건조,맑음,교차로 - 교차로부근,승용,남,70세,상해없음,승용,여,41세,중상
2021022800100181,2021년 2월 28일 14시,일요일,전라북도 전주시 덕진구 금암동,경상사고,0,0,3,0,차대차 - 후진중충돌,안전운전불이행,건조,맑음,교차로 - 교차로부근,승용,남,21세,상해없음,승용,남,50세,경상
2021022800100211,2021년 2월 28일 15시,일요일,전라북도 전주시 완산구 삼천동1가,경상사고,0,0,1,0,차대차 - 기타,차로위반,젖음/습기,비,교차로 - 교차로부근,승용,남,62세,상해없음,승용,남,67세,경상
2021022800100279,2021년 2월 28일 18시,일요일,전라북도 익산시 모현동2가,경상사고,0,0,1,0,차대사람 - 횡단중,보행자보호의무위반,건조,맑음,교차로 - 교차로횡단보도내,승용,남,39세,상해없음,보행자,남,26세,경상
2021022800100304,2021년 2월 28일 19시,일요일,전라북도 전주시 완산구 효자동1가,경상사고,0,0,1,0,차대사람 - 횡단중,안전운전불이행,젖음/습기,비,교차로 - 교차로횡단보도내,승용,남,33세,상해없음,보행자,남,72세,경상
2021022800100305,2021년 2월 28일 19시,일요일,전라북도 군산시 개사동,경상사고,0,0,2,0,차량단독 - 공작물충돌,안전운전불이행,건조,맑음,교차로 - 교차로부근,특수,남,55세,상해없음,,,,
2021022800100365,2021년 2월 28일 22시,일요일,전라북도 전주시 덕진구 인후동1가,경상사고,0,0,2,0,차대차 - 측면충돌,불법유턴,젖음/습기,비,교차로 - 교차로부근,승용,남,41세,상해없음,승용,남,50세,상해없음
2021022800100392,2021년 2월 28일 23시,일요일,전라북도 정읍시 내장동,경상사고,0,0,1,0,차대차 - 측면충돌,중앙선침범,젖음/습기,비,단일로 - 기타,승용,남,31세,상해없음,승용,여,56세,경상
2021022800100393,2021년 2월 28일 23시,일요일,전라북도 남원시 하정동,경상사고,0,0,1,0,차대사람 - 기타,안전운전불이행,건조,맑음,단일로 - 기타,승용,남,27세,상해없음,보행자,여,21세,경상
2021030100100001,2021년 3월 1일 00시,월요일,전라북도 전주시 완산구 중앙동1가,경상사고,0,0,1,0,차대사람 - 횡단중,안전운전불이행,건조,맑음,기타 - 기타,승용,여,21세,상해없음,보행자,남,26세,경상
2021030100100019,2021년 3월 1일 02시,월요일,전라북도 완주군 봉동읍,경상사고,0,0,1,0,차대차 - 후진중충돌,안전운전불이행,건조,맑음,단일로 - 기타,승용,남,60세,상해없음,승용,여,33세,경상
2021030100100066,2021년 3월 1일 10시,월요일,전라북도 군산시 조촌동,경상사고,0,0,2,0,차대차 - 추돌,안전거리미확보,젖음/습기,흐림,교차로 - 교차로부근,승합,남,53세,상해없음,승용,여,46세,경상
2021030100100095,2021년 3월 1일 12시,월요일,전라북도 군산시 금동,경상사고,0,0,1,0,차대차 - 측면충돌,신호위반,젖음/습기,비,교차로 - 교차로안,화물,남,60세,상해없음,승용,여,63세,경상
2021030100100096,2021년 3월 1일 12시,월요일,전라북도 익산시 신흥동,경상사고,0,0,1,0,차대차 - 추돌,안전운전불이행,젖음/습기,비,단일로 - 기타,승용,남,53세,상해없음,화물,남,46세,경상
2021030100100097,2021년 3월 1일 12시,월요일,전라북도 익산시 신흥동,경상사고,0,0,3,0,차대차 - 추돌,안전운전불이행,젖음/습기,비,단일로 - 기타,승용,남,53세,상해없음,화물,남,70세,경상
2021030100100147,2021년 3월 1일 14시,월요일,전라북도 익산시 금마면,경상사고,0,0,2,0,차대차 - 측면충돌,안전운전불이행,젖음/습기,비,단일로 - 기타,승용,여,57세,상해없음,승용,남,34세,경상
2021030100100172,2021년 3월 1일 15시,월요일,전라북도 김제시 금구면,사망사고,1,0,1,0,차대차 - 측면충돌,기타,젖음/습기,비,교차로 - 교차로부근,승용,남,26세,사망,건설기계,남,36세,경상
2021030100100173,2021년 3월 1일 15시,월요일,전라북도 김제시 죽산면,경상사고,0,0,1,0,차대차 - 측면충돌,안전운전불이행,젖음/습기,비,단일로 - 기타,화물,남,64세,상해없음,승용,남,39세,경상
2021030100100286,2021년 3월 1일 18시,월요일,전라북도 완주군 이서면,사망사고,1,0,0,0,차대사람 - 횡단중,안전운전불이행,젖음/습기,비,교차로 - 교차로안,승용,남,49세,상해없음,보행자,여,81세,사망
2021030100100338,2021년 3월 1일 19시,월요일,전라북도 고창군 고창읍,경상사고,0,0,1,0,차대차 - 추돌,안전운전불이행,젖음/습기,비,교차로 - 교차로횡단보도내,화물,남,67세,상해없음,승용,여,38세,경상
2021030100100372,2021년 3월 1일 20시,월요일,전라북도 고창군 고창읍,경상사고,0,0,3,0,차대차 - 정면충돌,중앙선침범,젖음/습기,비,단일로 - 기타,승용,남,60세,상해없음,승용,남,59세,경상
2021030100100437,2021년 3월 1일 22시,월요일,전라북도 완주군 이서면,중상사고,0,1,0,0,차대차 - 추돌,안전운전불이행,젖음/습기,비,단일로 - 기타,승용,남,37세,중상,특수,남,38세,기타불명
2021030200100073,2021년 3월 2일 08시,화요일,전라북도 전주시 완산구 삼천동1가,중상사고,0,1,0,0,차대사람 - 횡단중,보행자보호의무위반,건조,맑음,교차로 - 교차로부근,승용,남,53세,상해없음,보행자,남,11세,중상
2021030200100074,2021년 3월 2일 08시,화요일,전라북도 전주시 완산구 효자동1가,경상사고,0,0,1,0,차대차 - 측면충돌,신호위반,건조,맑음,교차로 - 교차로횡단보도내,승용,남,32세,상해없음,자전거,남,59세,경상
2021030200100106,2021년 3월 2일 09시,화요일,전라북도 군산시 영화동,경상사고,0,0,1,0,차대사람 - 횡단중,안전운전불이행,건조,맑음,교차로 - 교차로부근,승용,남,54세,상해없음,보행자,남,80세,경상
2021030200100107,2021년 3월 2일 09시,화요일,전라북도 순창군 순창읍,경상사고,0,0,1,1,차대차 - 측면충돌,안전운전불이행,건조,맑음,교차로 - 교차로안,승용,여,44세,부상신고,화물,남,66세,상해없음
2021030200100164,2021년 3월 2일 11시,화요일,전라북도 군산시 수송동,경상사고,0,0,1,0,차대사람 - 횡단중,보행자보호의무위반,건조,맑음,교차로 - 교차로횡단보도내,자전거,남,75세,기타불명,보행자,여,67세,경상
2021030200100218,2021년 3월 2일 13시,화요일,전라북도 정읍시 장명동,중상사고,0,1,0,0,차대사람 - 횡단중,보행자보호의무위반,건조,맑음,교차로 - 교차로횡단보도내,승용,남,69세,상해없음,보행자,여,24세,중상
2021030200100245,2021년 3월 2일 14시,화요일,전라북도 무주군 적상면,경상사고,0,0,2,0,차대차 - 추돌,안전운전불이행,젖음/습기,흐림,단일로 - 지하차도(도로)내,승용,남,34세,경상,승용,남,48세,경상
2021030200100311,2021년 3월 2일 16시,화요일,전라북도 전주시 완산구 서서학동,경상사고,0,0,1,0,차대차 - 기타,교차로운행방법위반,건조,맑음,교차로 - 교차로횡단보도내,승용,남,62세,상해없음,자전거,남,25세,경상
2021030200100312,2021년 3월 2일 16시,화요일,전라북도 전주시 완산구 효자동1가,경상사고,0,0,1,0,차대사람 - 기타,안전운전불이행,건조,맑음,교차로 - 교차로안,승용,여,53세,상해없음,보행자,여,8세,경상
2021030200100313,2021년 3월 2일 16시,화요일,전라북도 익산시 모현동2가,경상사고,0,0,1,0,차대차 - 기타,교차로운행방법위반,건조,맑음,교차로 - 교차로안,화물,남,61세,상해없음,승용,여,44세,경상
2021030200100352,2021년 3월 2일 17시,화요일,전라북도 전주시 완산구 효자동3가,경상사고,0,0,3,0,차대차 - 기타,안전운전불이행,건조,맑음,교차로 - 교차로안,승합,남,69세,상해없음,승용,남,28세,경상
2021030200100353,2021년 3월 2일 17시,화요일,전라북도 전주시 덕진구 인후동1가,중상사고,0,1,1,0,차대사람 - 횡단중,안전운전불이행,건조,맑음,단일로 - 기타,이륜,남,28세,경상,보행자,여,15세,중상
2021030200100386,2021년 3월 2일 18시,화요일,전라북도 전주시 완산구 서신동,경상사고,0,0,1,0,차대차 - 측면충돌,신호위반,건조,맑음,교차로 - 교차로안,승용,남,65세,상해없음,승용,여,49세,경상
2021030200100388,2021년 3월 2일 18시,화요일,전라북도 남원시 월락동,중상사고,0,1,0,0,차대차 - 측면충돌,안전운전불이행,건조,맑음,교차로 - 교차로안,승용,남,48세,상해없음,이륜,남,77세,중상
2021030200100435,2021년 3월 2일 19시,화요일,전라북도 전주시 덕진구 팔복동2가,경상사고,0,0,3,0,차대차 - 추돌,안전운전불이행,건조,맑음,단일로 - 기타,승용,남,56세,상해없음,승용,남,68세,경상
2021030200100461,2021년 3월 2일 20시,화요일,전라북도 군산시 미룡동,경상사고,0,0,1,0,차대사람 - 횡단중,안전운전불이행,건조,맑음,교차로 - 교차로안,승용,남,30세,기타불명,보행자,남,61세,경상
2021030200100462,2021년 3월 2일 20시,화요일,전라북도 부안군 부안읍,경상사고,0,0,1,0,차대차 - 추돌,안전운전불이행,건조,맑음,단일로 - 기타,승용,남,71세,상해없음,승용,남,40세,경상
2021030200100481,2021년 3월 2일 21시,화요일,전라북도 전주시 덕진구 인후동1가,경상사고,0,0,2,0,차대차 - 측면충돌,신호위반,건조,맑음,단일로 - 기타,승용,남,66세,상해없음,승용,남,37세,경상
2021030300100006,2021년 3월 3일 00시,수요일,전라북도 전주시 완산구 효자동3가,경상사고,0,0,1,0,차대차 - 기타,안전운전불이행,건조,맑음,교차로 - 교차로부근,승용,남,46세,상해없음,승용,남,37세,경상
2021030300100061,2021년 3월 3일 07시,수요일,전라북도 고창군 아산면,경상사고,0,0,1,0,차대차 - 정면충돌,안전운전불이행,건조,맑음,단일로 - 기타,승용,여,31세,상해없음,승용,남,71세,경상
2021030300100099,2021년 3월 3일 08시,수요일,전라북도 익산시 부송동,경상사고,0,0,2,0,차대차 - 측면충돌,직진우회전진행방해,건조,맑음,교차로 - 교차로안,승용,남,28세,상해없음,승용,여,37세,경상
2021030300100152,2021년 3월 3일 10시,수요일,전라북도 정읍시 수성동,경상사고,0,0,2,0,차대차 - 측면충돌,신호위반,건조,맑음,교차로 - 교차로안,승용,여,45세,경상,화물,남,58세,경상
2021030300100181,2021년 3월 3일 11시,수요일,전라북도 군산시 옥산면,경상사고,0,0,1,0,차대차 - 추돌,안전운전불이행,건조,맑음,단일로 - 기타,승용,남,53세,상해없음,승용,남,39세,경상
2021030300100224,2021년 3월 3일 12시,수요일,전라북도 익산시 목천동,경상사고,0,0,3,0,차대차 - 측면충돌,교차로운행방법위반,건조,맑음,교차로 - 교차로안,승용,남,65세,상해없음,승용,남,37세,경상
2021030300100225,2021년 3월 3일 12시,수요일,전라북도 부안군 줄포면,경상사고,0,0,1,0,차대차 - 측면충돌,안전운전불이행,건조,맑음,단일로 - 기타,자전거,여,64세,경상,화물,남,39세,상해없음
2021030300100254,2021년 3월 3일 13시,수요일,전라북도 군산시 영화동,경상사고,0,0,1,0,차대차 - 측면충돌,교차로운행방법위반,건조,맑음,교차로 - 교차로안,승용,여,30세,상해없음,승용,여,62세,경상
2021030300100282,2021년 3월 3일 14시,수요일,전라북도 김제시 교동,경상사고,0,0,1,0,차대차 - 추돌,안전운전불이행,건조,맑음,교차로 - 교차로안,승용,남,77세,상해없음,승용,여,37세,경상
2021030300100283,2021년 3월 3일 14시,수요일,전라북도 남원시 산내면,중상사고,0,1,0,0,차대사람 - 길가장자리구역통행중,안전운전불이행,건조,맑음,단일로 - 기타,건설기계,남,44세,상해없음,보행자,남,82세,중상
2021030300100316,2021년 3월 3일 15시,수요일,전라북도 전주시 완산구 풍남동1가,경상사고,0,0,1,0,차대차 - 후진중충돌,불법유턴,건조,맑음,단일로 - 기타,승용,남,69세,상해없음,승용,남,33세,경상
2021030300100346,2021년 3월 3일 16시,수요일,전라북도 정읍시 상동,경상사고,0,0,2,0,차대차 - 측면충돌,교차로운행방법위반,건조,맑음,교차로 - 교차로안,승용,남,59세,상해없음,승용,남,35세,경상
2021030300100364,2021년 3월 3일 17시,수요일,전라북도 장수군 장계면,사망사고,1,0,0,0,차대차 - 추돌,안전운전불이행,건조,맑음,단일로 - 기타,승용,여,45세,상해없음,농기계,남,78세,사망
2021030300100433,2021년 3월 3일 19시,수요일,전라북도 전주시 완산구 서서학동,경상사고,0,0,1,0,차대사람 - 횡단중,보행자보호의무위반,건조,맑음,교차로 - 교차로횡단보도내,화물,남,43세,상해없음,보행자,남,41세,경상
2021030300100515,2021년 3월 3일 22시,수요일,전라북도 전주시 완산구 효자동2가,경상사고,0,0,1,0,차대차 - 측면충돌,신호위반,건조,맑음,교차로 - 교차로안,승용,여,55세,상해없음,승용,남,34세,경상
2021030400100186,2021년 3월 4일 12시,목요일,전라북도 전주시 완산구 효자동3가,경상사고,0,0,3,0,차대차 - 추돌,안전운전불이행,건조,맑음,교차로 - 교차로안,승합,남,38세,기타불명,승용,여,60세,경상
2021030400100289,2021년 3월 4일 16시,목요일,전라북도 익산시 신동,경상사고,0,0,2,0,차대차 - 측면충돌,안전거리미확보,젖음/습기,흐림,교차로 - 교차로부근,승용,여,55세,상해없음,승용,남,69세,경상
2021030400100316,2021년 3월 4일 17시,목요일,전라북도 완주군 봉동읍,중상사고,0,2,0,0,차대차 - 측면충돌,교차로운행방법위반,젖음/습기,비,교차로 - 교차로안,승용,남,41세,상해없음,화물,남,33세,중상
2021030400100343,2021년 3월 4일 18시,목요일,전라북도 전주시 덕진구 장동,경상사고,0,0,2,0,차대차 - 측면충돌,안전운전불이행,젖음/습기,비,교차로 - 교차로안,승용,남,57세,경상,승용,여,50세,경상
2021030400100344,2021년 3월 4일 18시,목요일,전라북도 전주시 덕진구 금암동,경상사고,0,0,1,0,차대사람 - 차도통행중,안전운전불이행,젖음/습기,비,교차로 - 교차로부근,승용,남,65세,상해없음,보행자,여,27세,경상
2021030400100345,2021년 3월 4일 18시,목요일,전라북도 남원시 신촌동,경상사고,0,0,1,0,차대차 - 측면충돌,교차로운행방법위반,젖음/습기,비,교차로 - 교차로안,승용,남,69세,상해없음,승용,여,55세,경상
2021030400100395,2021년 3월 4일 19시,목요일,전라북도 김제시 공덕면,경상사고,0,0,2,0,차대차 - 측면충돌,신호위반,건조,맑음,단일로 - 기타,승용,남,29세,상해없음,승용,여,41세,경상
2021030400100431,2021년 3월 4일 20시,목요일,전라북도 남원시 주천면,경상사고,0,0,1,0,차량단독 - 공작물충돌,안전운전불이행,젖음/습기,비,단일로 - 기타,화물,남,53세,경상,,,,
2021030400100461,2021년 3월 4일 21시,목요일,전라북도 익산시 남중동,경상사고,0,0,1,0,차대차 - 측면충돌,안전운전불이행,건조,맑음,교차로 - 교차로안,승용,남,31세,상해없음,승용,여,43세,경상
2021030400100495,2021년 3월 4일 22시,목요일,전라북도 전주시 완산구 중화산동2가,경상사고,0,0,1,0,차대차 - 측면충돌,직진우회전진행방해,건조,맑음,교차로 - 교차로안,화물,남,56세,상해없음,승용,여,39세,경상
2021030400100520,2021년 3월 4일 23시,목요일,전라북도 전주시 덕진구 우아동3가,경상사고,0,0,2,0,차대차 - 추돌,안전운전불이행,젖음/습기,흐림,교차로 - 교차로부근,승용,남,42세,상해없음,승용,남,66세,경상
2021030500100006,2021년 3월 5일 00시,금요일,전라북도 익산시 어양동,중상사고,0,1,0,0,차량단독 - 공작물충돌,안전운전불이행,건조,맑음,교차로 - 교차로안,승용,남,31세,상해없음,,,,
2021030500100071,2021년 3월 5일 07시,금요일,전라북도 익산시 함열읍,중상사고,0,1,0,0,차대차 - 측면충돌,안전운전불이행,건조,맑음,교차로 - 교차로안,승용,남,78세,상해없음,화물,남,34세,중상
2021030500100139,2021년 3월 5일 09시,금요일,전라북도 군산시 수송동,중상사고,0,1,1,0,차대사람 - 기타,안전운전불이행,건조,맑음,기타 - 기타,승용,여,73세,상해없음,보행자,여,54세,중상
2021030500100140,2021년 3월 5일 09시,금요일,전라북도 군산시 조촌동,경상사고,0,0,4,0,차대차 - 측면충돌,기타,건조,맑음,교차로 - 교차로안,승용,남,69세,경상,승용,여,34세,경상
2021030500100141,2021년 3월 5일 09시,금요일,전라북도 정읍시 장명동,중상사고,0,1,2,0,차대차 - 추돌,안전운전불이행,건조,맑음,단일로 - 지하차도(도로)내,승합,남,43세,경상,승용,여,60세,경상
2021030500100142,2021년 3월 5일 09시,금요일,전라북도 정읍시 수성동,중상사고,0,1,0,0,차대사람 - 횡단중,신호위반,건조,맑음,교차로 - 교차로안,이륜,남,23세,상해없음,보행자,여,64세,중상
2021030500100171,2021년 3월 5일 10시,금요일,전라북도 정읍시 시기동,경상사고,0,0,1,0,차대차 - 측면충돌,신호위반,건조,맑음,교차로 - 교차로안,자전거,남,85세,경상,화물,남,69세,상해없음
2021030500100198,2021년 3월 5일 11시,금요일,전라북도 전주시 덕진구 금암동,경상사고,0,0,1,0,차대차 - 측면충돌,신호위반,건조,맑음,교차로 - 교차로안,승용,남,27세,상해없음,승용,남,40세,경상
2021030500100199,2021년 3월 5일 11시,금요일,전라북도 김제시 요촌동,경상사고,0,0,2,0,차대차 - 측면충돌,교차로운행방법위반,건조,맑음,교차로 - 교차로안,승용,남,76세,상해없음,화물,남,56세,경상
2021030500100221,2021년 3월 5일 12시,금요일,전라북도 전주시 완산구 효자동1가,경상사고,0,0,1,0,차대사람 - 보도통행중,보행자보호의무위반,건조,맑음,교차로 - 교차로횡단보도내,승용,여,56세,상해없음,보행자,여,36세,경상
2021030500100252,2021년 3월 5일 13시,금요일,전라북도 정읍시 시기동,중상사고,0,1,0,0,차대사람 - 횡단중,보행자보호의무위반,건조,맑음,단일로 - 기타,화물,남,40세,상해없음,보행자,여,72세,중상
2021030500100284,2021년 3월 5일 14시,금요일,전라북도 전주시 완산구 삼천동1가,경상사고,0,0,2,0,차대차 - 측면충돌,신호위반,건조,맑음,교차로 - 교차로안,승용,여,69세,상해없음,승용,여,33세,경상
2021030500100323,2021년 3월 5일 15시,금요일,전라북도 완주군 소양면,사망사고,1,0,0,0,차량단독 - 도로외이탈 - 추락,안전운전불이행,건조,맑음,단일로 - 기타,농기계,남,79세,사망,,,,
2021030500100363,2021년 3월 5일 16시,금요일,전라북도 전주시 덕진구 장동,중상사고,0,1,0,0,차대차 - 측면충돌,신호위반,건조,맑음,교차로 - 교차로안,승용,여,35세,상해없음,승용,남,62세,중상
2021030500100364,2021년 3월 5일 16시,금요일,전라북도 익산시 팔봉동,경상사고,0,0,1,0,차대차 - 측면충돌,신호위반,건조,맑음,교차로 - 교차로안,화물,남,39세,상해없음,자전거,여,32세,경상
2021030500100397,2021년 3월 5일 17시,금요일,전라북도 전주시 완산구 효자동2가,경상사고,0,0,1,0,차대차 - 측면충돌,안전거리미확보,건조,맑음,교차로 - 교차로횡단보도내,승합,남,67세,상해없음,승용,남,30세,경상
2021030500100485,2021년 3월 5일 19시,금요일,전라북도 전주시 완산구 효자동3가,경상사고,0,0,1,0,차대차 - 기타,직진우회전진행방해,건조,맑음,교차로 - 교차로안,승용,남,37세,상해없음,이륜,남,48세,경상
2021030500100486,2021년 3월 5일 19시,금요일,전라북도 전주시 완산구 서노송동,사망사고,1,0,0,0,차대사람 - 기타,중앙선침범,건조,맑음,단일로 - 기타,승용,남,41세,상해없음,보행자,여,62세,사망
2021030500100521,2021년 3월 5일 20시,금요일,전라북도 전주시 덕진구 중동,경상사고,0,0,1,0,차대차 - 측면충돌,안전거리미확보,건조,맑음,단일로 - 기타,승용,남,75세,상해없음,승용,남,39세,경상
2021030500100603,2021년 3월 5일 23시,금요일,전라북도 익산시 어양동,경상사고,0,0,1,0,차대차 - 후진중충돌,안전운전불이행,건조,맑음,주차장 - 주차장,승합,남,42세,상해없음,승용,남,64세,상해없음
2021030500100604,2021년 3월 5일 23시,금요일,전라북도 익산시 신동,경상사고,0,0,1,0,차대차 - 측면충돌,직진우회전진행방해,건조,맑음,교차로 - 교차로안,승용,남,51세,상해없음,이륜,남,33세,경상
2021030500100605,2021년 3월 5일 23시,금요일,전라북도 익산시 동산동,중상사고,0,2,0,0,차대사람 - 횡단중,안전운전불이행,건조,맑음,교차로 - 교차로부근,이륜,남,57세,중상,보행자,남,59세,중상
2021030600100005,2021년 3월 6일 00시,토요일,전라북도 정읍시 망제동,경상사고,0,0,1,0,차량단독 - 공작물충돌,안전운전불이행,건조,맑음,단일로 - 기타,승용,남,35세,경상,,,,
2021030600100018,2021년 3월 6일 01시,토요일,전라북도 군산시 소룡동,경상사고,0,0,3,0,차대차 - 기타,안전운전불이행,건조,맑음,단일로 - 기타,승용,남,71세,상해없음,승용,여,38세,경상
2021030600100065,2021년 3월 6일 07시,토요일,전라북도 완주군 이서면,경상사고,0,0,1,0,차대차 - 측면충돌,안전거리미확보,젖음/습기,안개,단일로 - 기타,승용,여,58세,상해없음,승용,남,59세,경상
2021030600100144,2021년 3월 6일 11시,토요일,전라북도 전주시 완산구 경원동1가,경상사고,0,0,2,0,차대차 - 추돌,안전운전불이행,건조,맑음,교차로 - 교차로부근,승용,남,23세,상해없음,승용,여,39세,경상
2021030600100145,2021년 3월 6일 11시,토요일,전라북도 전주시 완산구 서신동,경상사고,0,0,1,0,차대차 - 기타,안전거리미확보,건조,맑음,단일로 - 기타,승용,여,39세,상해없음,승용,남,49세,경상
2021030600100146,2021년 3월 6일 11시,토요일,전라북도 고창군 대산면,경상사고,0,0,1,0,차대차 - 측면충돌,차로위반,건조,맑음,교차로 - 교차로안,이륜,남,80세,경상,승용,남,33세,상해없음
2021030600100147,2021년 3월 6일 11시,토요일,전라북도 고창군 신림면,경상사고,0,0,1,0,차대차 - 정면충돌,중앙선침범,건조,맑음,단일로 - 기타,건설기계,남,57세,상해없음,화물,남,44세,경상
2021030600100174,2021년 3월 6일 12시,토요일,전라북도 익산시 모현동1가,경상사고,0,0,1,0,차대차 - 측면충돌,안전운전불이행,건조,맑음,교차로 - 교차로부근,승용,남,40세,상해없음,승용,남,47세,경상
2021030600100200,2021년 3월 6일 13시,토요일,전라북도 군산시 경장동,경상사고,0,0,2,1,차대차 - 추돌,안전운전불이행,건조,맑음,교차로 - 교차로부근,승용,여,45세,상해없음,승용,남,56세,부상신고
2021030600100201,2021년 3월 6일 13시,토요일,전라북도 진안군 진안읍,중상사고,0,1,0,0,차대차 - 측면충돌,직진우회전진행방해,건조,맑음,교차로 - 교차로안,승용,여,63세,중상,화물,남,74세,상해없음
2021030600100232,2021년 3월 6일 14시,토요일,전라북도 군산시 옥구읍,경상사고,0,0,1,0,차대차 - 기타,안전운전불이행,건조,맑음,교차로 - 교차로안,승용,여,51세,상해없음,화물,남,65세,경상
2021030600100271,2021년 3월 6일 15시,토요일,전라북도 전주시 덕진구 우아동2가,경상사고,0,0,1,0,차대차 - 측면충돌,직진우회전진행방해,건조,맑음,교차로 - 교차로안,승용,여,44세,상해없음,승용,남,73세,경상
2021030600100298,2021년 3월 6일 16시,토요일,전라북도 완주군 이서면,중상사고,0,1,1,0,차대차 - 측면충돌,안전운전불이행,건조,맑음,교차로 - 교차로부근,승용,여,44세,상해없음,승용,남,56세,중상
2021030600100331,2021년 3월 6일 17시,토요일,전라북도 부안군 보안면,경상사고,0,0,4,0,차대차 - 측면충돌,신호위반,건조,맑음,교차로 - 교차로안,승용,여,27세,경상,승용,남,56세,경상
2021030600100399,2021년 3월 6일 19시,토요일,전라북도 정읍시 수성동,경상사고,0,0,1,0,차대차 - 측면충돌,안전운전불이행,건조,맑음,교차로 - 교차로안,승용,남,70세,상해없음,승용,남,56세,경상
2021030600100400,2021년 3월 6일 19시,토요일,전라북도 남원시 도통동,사망사고,1,0,0,0,차대사람 - 횡단중,보행자보호의무위반,건조,맑음,단일로 - 기타,화물,남,27세,상해없음,보행자,남,49세,사망
2021030600100448,2021년 3월 6일 21시,토요일,전라북도 전주시 완산구 삼천동1가,중상사고,0,1,0,0,차대차 - 측면충돌,안전운전불이행,건조,맑음,교차로 - 교차로부근,승용,남,42세,상해없음,승합,여,56세,중상
2021030700100102,2021년 3월 7일 12시,일요일,전라북도 전주시 덕진구 송천동1가,중상사고,0,1,0,0,차대차 - 측면충돌,안전운전불이행,건조,맑음,교차로 - 교차로안,승용,여,50세,상해없음,원동기,남,36세,중상
2021030700100103,2021년 3월 7일 12시,일요일,전라북도 군산시 명산동,경상사고,0,0,2,0,차대차 - 기타,교차로운행방법위반,건조,맑음,교차로 - 교차로안,승용,남,60세,상해없음,승용,남,55세,경상
2021030700100132,2021년 3월 7일 13시,일요일,전라북도 전주시 완산구 서서학동,경상사고,0,0,1,0,차대차 - 정면충돌,안전운전불이행,건조,맑음,단일로 - 기타,승용,남,76세,상해없음,특수,남,54세,경상
2021030700100155,2021년 3월 7일 14시,일요일,전라북도 전주시 완산구 평화동2가,경상사고,0,0,1,0,차대차 - 후진중충돌,안전운전불이행,건조,맑음,교차로 - 교차로안,승용,남,60세,상해없음,승합,남,48세,경상
2021030700100156,2021년 3월 7일 14시,일요일,전라북도 익산시 신용동,중상사고,0,2,1,0,차대차 - 정면충돌,중앙선침범,건조,맑음,단일로 - 기타,승용,남,71세,상해없음,승용,남,62세,중상
2021030700100191,2021년 3월 7일 15시,일요일,전라북도 군산시 경암동,경상사고,0,0,1,0,차대차 - 기타,안전운전불이행,건조,맑음,단일로 - 기타,승용,여,58세,상해없음,승합,남,47세,상해없음
2021030700100250,2021년 3월 7일 17시,일요일,전라북도 전주시 완산구 효자동1가,부상신고사고,0,0,0,4,차대차 - 측면충돌,안전운전불이행,건조,맑음,교차로 - 교차로안,승용,남,61세,상해없음,승용,남,18세,부상신고
2021030700100251,2021년 3월 7일 17시,일요일,전라북도 군산시 미원동,중상사고,0,1,0,0,차대사람 - 횡단중,보행자보호의무위반,건조,맑음,단일로 - 기타,승합,여,60세,상해없음,보행자,남,74세,중상
2021030700100274,2021년 3월 7일 18시,일요일,전라북도 정읍시 연지동,경상사고,0,0,2,0,차대차 - 측면충돌,신호위반,건조,맑음,교차로 - 교차로안,승용,남,56세,경상,승용,여,24세,경상
2021030700100304,2021년 3월 7일 19시,일요일,전라북도 군산시 신창동,경상사고,0,0,3,0,차대차 - 기타,교차로운행방법위반,건조,맑음,교차로 - 교차로안,승용,남,51세,상해없음,승용,여,40세,경상
2021030700100325,2021년 3월 7일 20시,일요일,전라북도 전주시 완산구 중화산동2가,중상사고,0,1,0,0,차대차 - 기타,교차로운행방법위반,건조,맑음,교차로 - 교차로안,승용,남,43세,상해없음,이륜,남,23세,중상
2021030700100372,2021년 3월 7일 22시,일요일,전라북도 전주시 완산구 효자동3가,경상사고,0,0,1,0,차대차 - 기타,신호위반,건조,맑음,교차로 - 교차로안,승용,남,63세,상해없음,승용,남,27세,경상
2021030700100385,2021년 3월 7일 23시,일요일,전라북도 익산시 부송동,경상사고,0,0,1,0,차대차 - 측면충돌,신호위반,건조,맑음,교차로 - 교차로안,승용,남,30세,상해없음,승용,남,41세,경상