사고번호,사고일시,요일,시군구,사고내용,사망자수,중상자수,경상자수,부상신고자수,사고유형,법규위반,노면상태,기상상태,도로형태,가해운전자 차종,가해운전자 성별,가해운전자 연령,가해운전자 상해정도,피해운전자 차종,피해운전자 성별,피해운전자 연령,피해운전자 상해정도
2021031400100285,2021년 3월 14일 18시,일요일,전라북도 익산시 영등동,경상사고,0,0,2,0,차대차 - 측면충돌,신호위반,건조,맑음,교차로 - 교차로부근,원동기,남,16세,경상,승용,남,51세,경상
2021031400100326,2021년 3월 14일 19시,일요일,전라북도 전주시 완산구 서서학동,경상사고,0,0,1,0,차대사람 - 횡단중,신호위반,건조,맑음,교차로 - 교차로횡단보도내,이륜,남,66세,상해없음,보행자,남,10세,경상
2021031400100327,2021년 3월 14일 19시,일요일,전라북도 전주시 덕진구 덕진동2가,경상사고,0,0,4,0,차대차 - 후진중충돌,안전운전불이행,건조,맑음,교차로 - 교차로부근,이륜,남,20세,상해없음,승용,남,39세,경상
2021031400100343,2021년 3월 14일 20시,일요일,전라북도 익산시 남중동,중상사고,0,1,0,0,차대사람 - 기타,안전운전불이행,건조,맑음,교차로 - 교차로안,승용,남,61세,상해없음,보행자,남,58세,중상
2021031400100344,2021년 3월 14일 20시,일요일,전라북도 익산시 왕궁면,중상사고,0,1,2,0,차대차 - 측면충돌,안전거리미확보,건조,맑음,단일로 - 기타,화물,남,65세,상해없음,승용,남,41세,경상
2021031400100366,2021년 3월 14일 21시,일요일,전라북도 군산시 경암동,경상사고,0,0,1,0,차대차 - 추돌,안전운전불이행,건조,맑음,교차로 - 교차로부근,승용,남,61세,상해없음,승용,여,26세,경상
2021031400100395,2021년 3월 14일 22시,일요일,전라북도 익산시 동산동,중상사고,0,1,1,0,차대사람 - 차도통행중,안전운전불이행,건조,맑음,교차로 - 교차로안,승용,남,65세,상해없음,보행자,남,60세,중상
2021031500100003,2021년 3월 15일 00시,월요일,전라북도 전주시 덕진구 팔복동3가,경상사고,0,0,2,0,차대차 - 측면충돌,안전운전불이행,건조,맑음,교차로 - 교차로안,승용,여,21세,상해없음,승용,남,64세,경상
2021031500100050,2021년 3월 15일 07시,월요일,전라북도 군산시 내초동,경상사고,0,0,1,0,차대차 - 추돌,안전운전불이행,건조,맑음,교차로 - 교차로부근,승용,남,29세,상해없음,승용,남,26세,경상
2021031500100084,2021년 3월 15일 08시,월요일,전라북도 군산시 산북동,경상사고,0,0,1,0,차대차 - 측면충돌,교차로운행방법위반,건조,맑음,교차로 - 교차로안,승용,여,52세,기타불명,승용,여,37세,경상
2021031500100085,2021년 3월 15일 08시,월요일,전라북도 진안군 진안읍,경상사고,0,0,1,0,차대차 - 추돌,안전운전불이행,건조,맑음,교차로 - 교차로안,화물,남,79세,상해없음,승용,여,49세,경상
2021031500100129,2021년 3월 15일 09시,월요일,전라북도 김제시 봉남면,중상사고,0,1,0,0,차대차 - 측면충돌,기타,건조,맑음,단일로 - 기타,승용,여,68세,상해없음,원동기,남,86세,중상
2021031500100130,2021년 3월 15일 09시,월요일,전라북도 남원시 인월면,경상사고,0,0,5,0,차대차 - 측면충돌,신호위반,기타,맑음,교차로 - 교차로안,화물,남,71세,상해없음,승용,여,48세,경상
2021031500100212,2021년 3월 15일 12시,월요일,전라북도 전주시 완산구 효자동3가,중상사고,0,1,2,0,차대차 - 정면충돌,중앙선침범,건조,맑음,단일로 - 기타,승용,여,45세,경상,승용,남,31세,경상
2021031500100213,2021년 3월 15일 12시,월요일,전라북도 군산시 문화동,중상사고,0,1,0,0,차량단독 - 기타,안전운전불이행,건조,맑음,교차로 - 교차로안,자전거,남,13세,기타불명,,,,
2021031500100269,2021년 3월 15일 14시,월요일,전라북도 전주시 완산구 효자동2가,경상사고,0,0,1,0,차대차 - 측면충돌,안전운전불이행,건조,맑음,교차로 - 교차로안,승용,남,59세,상해없음,승용,남,51세,경상
2021031500100270,2021년 3월 15일 14시,월요일,전라북도 남원시 조산동,경상사고,0,0,1,0,차대차 - 측면충돌,안전운전불이행,기타,맑음,교차로 - 교차로부근,승용,남,68세,상해없음,이륜,남,36세,경상
2021031500100301,2021년 3월 15일 15시,월요일,전라북도 전주시 덕진구 진북동,경상사고,0,0,1,0,차대사람 - 횡단중,보행자보호의무위반,건조,맑음,교차로 - 교차로횡단보도내,승용,남,41세,상해없음,보행자,여,70세,경상
2021031500100302,2021년 3월 15일 15시,월요일,전라북도 전주시 덕진구 인후동1가,경상사고,0,0,1,0,차대차 - 기타,안전운전불이행,건조,맑음,단일로 - 기타,승용,여,59세,상해없음,원동기,남,34세,경상
2021031500100303,2021년 3월 15일 15시,월요일,전라북도 남원시 왕정동,경상사고,0,0,1,0,차대차 - 측면충돌,안전운전불이행,건조,맑음,교차로 - 교차로안,이륜,남,77세,기타불명,승용,여,40세,경상
2021031500100304,2021년 3월 15일 15시,월요일,전라북도 고창군 고창읍,경상사고,0,0,1,0,차대차 - 측면충돌,안전운전불이행,건조,맑음,교차로 - 교차로안,이륜,남,79세,경상,화물,남,49세,상해없음
2021031500100305,2021년 3월 15일 15시,월요일,전라북도 임실군 임실읍,중상사고,0,1,0,0,차량단독 - 공작물충돌,안전운전불이행,건조,맑음,단일로 - 기타,이륜,남,55세,중상,,,,
2021031500100425,2021년 3월 15일 18시,월요일,전라북도 익산시 부송동,경상사고,0,0,1,0,차대사람 - 횡단중,보행자보호의무위반,건조,맑음,교차로 - 교차로횡단보도내,승용,여,37세,상해없음,보행자,남,72세,경상
2021031500100464,2021년 3월 15일 19시,월요일,전라북도 군산시 대명동,경상사고,0,0,1,0,차대차 - 기타,안전운전불이행,건조,흐림,교차로 - 교차로안,자전거,남,54세,경상,승용,남,59세,상해없음
2021031500100496,2021년 3월 15일 20시,월요일,전라북도 군산시 수송동,경상사고,0,0,1,0,차대차 - 기타,교차로운행방법위반,건조,흐림,교차로 - 교차로안,승용,남,62세,상해없음,자전거,남,12세,경상
2021031600100079,2021년 3월 16일 07시,화요일,전라북도 순창군 순창읍,부상신고사고,0,0,0,1,차량단독 - 도로외이탈 - 기타,안전운전불이행,건조,맑음,교차로 - 교차로부근,화물,여,73세,부상신고,,,,
2021031600100113,2021년 3월 16일 08시,화요일,전라북도 군산시 미장동,경상사고,0,0,4,0,차대차 - 측면충돌,신호위반,건조,맑음,교차로 - 교차로안,승용,여,62세,상해없음,승용,남,59세,경상
2021031600100145,2021년 3월 16일 09시,화요일,전라북도 익산시 영등동,경상사고,0,0,1,0,차대차 - 추돌,안전운전불이행,건조,맑음,교차로 - 교차로부근,승용,남,74세,상해없음,승용,남,50세,경상
2021031600100146,2021년 3월 16일 09시,화요일,전라북도 남원시 죽항동,중상사고,0,1,0,0,차대차 - 기타,안전운전불이행,건조,맑음,교차로 - 교차로안,승용,남,83세,상해없음,자전거,남,80세,중상
2021031600100178,2021년 3월 16일 10시,화요일,전라북도 정읍시 하북동,경상사고,0,0,1,0,차대차 - 측면충돌,안전거리미확보,건조,맑음,단일로 - 기타,건설기계,남,62세,상해없음,승합,남,55세,경상
2021031600100213,2021년 3월 16일 11시,화요일,전라북도 부안군 보안면,경상사고,0,0,1,0,차대사람 - 횡단중,안전운전불이행,건조,맑음,교차로 - 교차로안,화물,남,55세,상해없음,보행자,남,45세,경상
2021031600100239,2021년 3월 16일 12시,화요일,전라북도 익산시 남중동,경상사고,0,0,3,0,차대차 - 기타,교차로운행방법위반,건조,맑음,교차로 - 교차로안,승용,남,38세,상해없음,승용,여,24세,경상
2021031600100273,2021년 3월 16일 13시,화요일,전라북도 전주시 덕진구 송천동1가,중상사고,0,2,0,0,차대사람 - 보도통행중,기타,건조,맑음,단일로 - 기타,승용,남,57세,상해없음,보행자,여,69세,중상
2021031600100303,2021년 3월 16일 14시,화요일,전라북도 부안군 부안읍,중상사고,0,1,0,0,차대차 - 측면충돌,안전운전불이행,건조,맑음,교차로 - 교차로안,이륜,남,39세,중상,승용,여,52세,상해없음
2021031600100403,2021년 3월 16일 17시,화요일,전라북도 전주시 완산구 동서학동,경상사고,0,0,2,0,차대차 - 기타,안전운전불이행,건조,맑음,교차로 - 교차로부근,화물,남,77세,상해없음,화물,남,56세,경상
2021031600100452,2021년 3월 16일 18시,화요일,전라북도 전주시 덕진구 여의동2가,경상사고,0,0,1,0,차대사람 - 횡단중,안전운전불이행,건조,맑음,단일로 - 기타,이륜,남,35세,상해없음,보행자,여,75세,경상
2021031700100057,2021년 3월 17일 07시,수요일,전라북도 남원시 향교동,경상사고,0,0,1,0,차대사람 - 기타,안전운전불이행,건조,맑음,단일로 - 기타,승용,여,25세,기타불명,보행자,남,16세,경상
2021031700100084,2021년 3월 17일 08시,수요일,전라북도 고창군 심원면,경상사고,0,0,4,0,차대차 - 측면충돌,교차로운행방법위반,건조,맑음,교차로 - 교차로안,화물,남,64세,상해없음,승용,남,20세,경상
2021031700100112,2021년 3월 17일 09시,수요일,전라북도 전주시 완산구 서노송동,중상사고,0,1,0,0,차대사람 - 횡단중,안전운전불이행,건조,맑음,교차로 - 교차로횡단보도내,승용,여,54세,상해없음,보행자,여,78세,중상
2021031700100113,2021년 3월 17일 09시,수요일,전라북도 남원시 덕과면,중상사고,0,1,0,0,차대차 - 추돌,안전운전불이행,건조,맑음,교차로 - 교차로안,화물,남,71세,상해없음,화물,남,41세,상해없음
2021031700100137,2021년 3월 17일 10시,수요일,전라북도 전주시 덕진구 팔복동2가,경상사고,0,0,1,0,차대차 - 측면충돌,신호위반,건조,맑음,교차로 - 교차로안,승용,남,66세,상해없음,승용,여,47세,경상
2021031700100138,2021년 3월 17일 10시,수요일,전라북도 전주시 덕진구 송천동1가,중상사고,0,1,0,0,차대차 - 측면충돌,신호위반,건조,맑음,교차로 - 교차로안,화물,남,66세,상해없음,자전거,남,81세,중상
2021031700100139,2021년 3월 17일 10시,수요일,전라북도 군산시 소룡동,중상사고,0,1,0,0,차대차 - 측면충돌,안전운전불이행,건조,맑음,교차로 - 교차로안,화물,남,23세,상해없음,이륜,남,38세,중상
2021031700100140,2021년 3월 17일 10시,수요일,전라북도 정읍시 옹동면,경상사고,0,0,1,0,차대사람 - 차도통행중,안전운전불이행,건조,맑음,교차로 - 교차로안,화물,남,51세,상해없음,보행자,여,78세,경상
2021031700100238,2021년 3월 17일 13시,수요일,전라북도 군산시 명산동,중상사고,0,1,0,0,차대차 - 측면충돌,직진우회전진행방해,건조,맑음,교차로 - 교차로안,승용,남,75세,상해없음,이륜,남,65세,중상
2021031700100269,2021년 3월 17일 14시,수요일,전라북도 장수군 번암면,사망사고,1,0,0,0,차대사람 - 보도통행중,기타,건조,맑음,단일로 - 기타,화물,남,61세,상해없음,보행자,여,46세,사망
2021031700100341,2021년 3월 17일 16시,수요일,전라북도 전주시 완산구 중노송동,경상사고,0,0,1,0,차대차 - 측면충돌,신호위반,건조,맑음,교차로 - 교차로안,이륜,남,15세,상해없음,승용,여,40세,경상
2021031700100342,2021년 3월 17일 16시,수요일,전라북도 부안군 부안읍,중상사고,0,1,1,0,차대차 - 추돌,안전거리미확보,건조,맑음,교차로 - 교차로부근,승용,남,30세,중상,승용,남,46세,경상
2021031700100386,2021년 3월 17일 17시,수요일,전라북도 전주시 완산구 효자동2가,경상사고,0,0,1,0,차대차 - 측면충돌,안전거리미확보,건조,맑음,단일로 - 기타,승용,남,69세,상해없음,승용,남,30세,경상
2021031700100463,2021년 3월 17일 19시,수요일,전라북도 군산시 중앙로1가,중상사고,0,1,0,0,차대사람 - 차도통행중,안전운전불이행,건조,맑음,단일로 - 지하차도(도로)내,승용,남,44세,상해없음,보행자,남,51세,중상
2021031700100504,2021년 3월 17일 20시,수요일,전라북도 전주시 완산구 중화산동2가,경상사고,0,0,1,0,차대차 - 추돌,신호위반,건조,맑음,교차로 - 교차로안,승용,여,57세,상해없음,승용,남,24세,경상
2021031700100531,2021년 3월 17일 21시,수요일,전라북도 전주시 완산구 서완산동2가,중상사고,0,1,0,0,차대차 - 기타,신호위반,건조,맑음,교차로 - 교차로횡단보도내,승용,남,53세,상해없음,자전거,남,27세,중상
2021031700100560,2021년 3월 17일 22시,수요일,전라북도 익산시 남중동,경상사고,0,0,1,0,차대사람 - 횡단중,안전운전불이행,건조,맑음,교차로 - 교차로안,승용,남,39세,상해없음,보행자,남,38세,경상
2021031800100097,2021년 3월 18일 08시,목요일,전라북도 전주시 덕진구 금암동,사망사고,1,0,0,0,차대차 - 측면충돌,안전운전불이행,건조,맑음,단일로 - 기타,건설기계,남,59세,상해없음,자전거,남,10세,사망
2021031800100121,2021년 3월 18일 09시,목요일,전라북도 정읍시 수성동,경상사고,0,0,2,0,차대차 - 정면충돌,직진우회전진행방해,건조,맑음,교차로 - 교차로안,승용,여,52세,경상,승용,여,21세,경상
2021031800100143,2021년 3월 18일 10시,목요일,전라북도 고창군 고창읍,사망사고,1,0,0,0,차대차 - 추돌,안전운전불이행,건조,맑음,단일로 - 터널,승용,남,73세,상해없음,원동기,여,70세,사망
2021031800100170,2021년 3월 18일 11시,목요일,전라북도 임실군 오수면,경상사고,0,0,1,0,차대차 - 측면충돌,직진우회전진행방해,건조,맑음,교차로 - 교차로안,건설기계,남,56세,상해없음,화물,남,55세,경상
2021031800100228,2021년 3월 18일 13시,목요일,전라북도 전주시 완산구 효자동3가,중상사고,0,1,0,0,차대차 - 기타,교차로운행방법위반,건조,맑음,교차로 - 교차로안,승용,남,58세,상해없음,승용,남,42세,상해없음
2021031800100263,2021년 3월 18일 14시,목요일,전라북도 전주시 완산구 효자동1가,경상사고,0,0,1,0,차대사람 - 기타,안전운전불이행,건조,맑음,단일로 - 기타,승용,여,63세,상해없음,보행자,여,7세,경상
2021031800100264,2021년 3월 18일 14시,목요일,전라북도 군산시 구암동,경상사고,0,0,1,0,차대차 - 추돌,안전운전불이행,건조,맑음,교차로 - 교차로안,승용,남,28세,상해없음,승용,여,67세,경상
2021031800100265,2021년 3월 18일 14시,목요일,전라북도 임실군 오수면,중상사고,0,1,0,0,차대차 - 측면충돌,신호위반,건조,맑음,교차로 - 교차로안,건설기계,남,30세,상해없음,화물,남,51세,중상
2021031800100367,2021년 3월 18일 17시,목요일,전라북도 전주시 완산구 삼천동1가,경상사고,0,0,2,0,차대차 - 측면충돌,안전운전불이행,건조,맑음,교차로 - 교차로안,승용,남,76세,상해없음,승용,남,47세,경상
2021031800100457,2021년 3월 18일 20시,목요일,전라북도 전주시 완산구 효자동3가,경상사고,0,0,1,0,차대차 - 측면충돌,신호위반,건조,맑음,기타 - 기타,승용,남,50세,상해없음,승용,남,26세,경상
2021031800100504,2021년 3월 18일 22시,목요일,전라북도 익산시 남중동,경상사고,0,0,1,0,차대차 - 후진중충돌,안전운전불이행,건조,맑음,교차로 - 교차로안,자전거,남,46세,경상,승용,여,45세,상해없음
2021031900100012,2021년 3월 19일 01시,금요일,전라북도 전주시 완산구 중화산동2가,중상사고,0,1,1,0,차대차 - 측면충돌,기타,건조,맑음,교차로 - 교차로안,승용,남,35세,중상,승용,남,61세,경상
2021031900100022,2021년 3월 19일 03시,금요일,전라북도 정읍시 하모동,경상사고,0,0,1,0,차대차 - 추돌,안전운전불이행,건조,맑음,단일로 - 기타,화물,남,44세,상해없음,화물,남,43세,경상
2021031900100085,2021년 3월 19일 08시,금요일,전라북도 전주시 완산구 경원동1가,중상사고,0,1,0,0,차대차 - 정면충돌,신호위반,건조,맑음,단일로 - 기타,자전거,남,92세,중상,승용,남,50세,상해없음
2021031900100118,2021년 3월 19일 09시,금요일,전라북도 전주시 완산구 효자동1가,경상사고,0,0,3,0,차대차 - 추돌,안전운전불이행,건조,맑음,단일로 - 기타,승용,남,22세,상해없음,승용,여,33세,경상
2021031900100119,2021년 3월 19일 09시,금요일,전라북도 전주시 덕진구 덕진동1가,경상사고,0,0,1,0,차대차 - 추돌,안전운전불이행,건조,맑음,교차로 - 교차로안,승용,남,69세,상해없음,승용,여,37세,경상
2021031900100144,2021년 3월 19일 10시,금요일,전라북도 전주시 덕진구 덕진동2가,중상사고,0,1,0,0,차대사람 - 횡단중,보행자보호의무위반,건조,맑음,교차로 - 교차로횡단보도내,특수,남,29세,상해없음,보행자,여,67세,중상
2021031900100179,2021년 3월 19일 11시,금요일,전라북도 전주시 완산구 중화산동2가,경상사고,0,0,1,1,차대차 - 기타,신호위반,건조,맑음,교차로 - 교차로횡단보도내,승용,남,45세,상해없음,자전거,남,48세,경상
2021031900100180,2021년 3월 19일 11시,금요일,전라북도 완주군 상관면,중상사고,0,2,2,0,차대차 - 측면충돌,신호위반,건조,맑음,교차로 - 교차로안,승용,남,43세,상해없음,승용,남,62세,경상
2021031900100213,2021년 3월 19일 12시,금요일,전라북도 군산시 나운동,경상사고,0,0,1,0,차대사람 - 기타,안전운전불이행,건조,맑음,교차로 - 교차로안,승용,여,48세,상해없음,보행자,남,41세,경상
2021031900100214,2021년 3월 19일 12시,금요일,전라북도 순창군 금과면,중상사고,0,1,0,0,차량단독 - 공작물충돌,안전운전불이행,건조,맑음,단일로 - 기타,농기계,남,84세,중상,,,,
2021031900100253,2021년 3월 19일 13시,금요일,전라북도 전주시 완산구 서신동,중상사고,0,1,1,0,차대차 - 추돌,안전운전불이행,건조,맑음,교차로 - 교차로부근,승용,남,69세,상해없음,승용,여,26세,경상
2021031900100254,2021년 3월 19일 13시,금요일,전라북도 정읍시 수성동,중상사고,0,1,1,0,차대차 - 측면충돌,신호위반,건조,맑음,교차로 - 교차로횡단보도내,이륜,여,59세,경상,자전거,여,66세,중상
2021031900100255,2021년 3월 19일 13시,금요일,전라북도 진안군 진안읍,중상사고,0,1,0,0,차대차 - 기타,안전운전불이행,건조,맑음,단일로 - 기타,화물,남,60세,상해없음,자전거,남,36세,중상
2021031900100280,2021년 3월 19일 14시,금요일,전라북도 군산시 성산면,경상사고,0,0,1,0,차대차 - 측면충돌,안전운전불이행,건조,맑음,단일로 - 기타,승용,여,61세,상해없음,승용,남,50세,경상
2021031900100281,2021년 3월 19일 14시,금요일,전라북도 군산시 나운동,경상사고,0,0,1,0,차대차 - 측면충돌,안전운전불이행,건조,맑음,단일로 - 기타,승용,여,29세,상해없음,승용,남,70세,경상
2021031900100324,2021년 3월 19일 15시,금요일,전라북도 익산시 남중동,경상사고,0,0,2,0,차대차 - 추돌,안전운전불이행,건조,맑음,교차로 - 교차로부근,승용,여,36세,상해없음,승용,남,33세,경상
2021031900100371,2021년 3월 19일 16시,금요일,전라북도 전주시 덕진구 반월동,경상사고,0,0,1,0,차대차 - 측면충돌,교차로운행방법위반,건조,맑음,교차로 - 교차로안,건설기계,남,55세,상해없음,승용,남,32세,경상
2021031900100372,2021년 3월 19일 16시,금요일,전라북도 정읍시 시기동,경상사고,0,0,1,0,차대차 - 측면충돌,차로위반,건조,맑음,단일로 - 기타,화물,남,70세,상해없음,승용,여,52세,경상
2021031900100419,2021년 3월 19일 17시,금요일,전라북도 전주시 완산구 중화산동2가,경상사고,0,0,2,0,차대차 - 측면충돌,안전운전불이행,건조,맑음,교차로 - 교차로부근,승용,남,18세,상해없음,승용,남,35세,경상
2021031900100420,2021년 3월 19일 17시,금요일,전라북도 전주시 완산구 중화산동2가,경상사고,0,0,2,0,차대차 - 측면충돌,안전운전불이행,건조,맑음,교차로 - 교차로안,승용,남,66세,상해없음,승용,남,21세,경상
2021031900100457,2021년 3월 19일 18시,금요일,전라북도 익산시 오산면,경상사고,0,0,2,0,차대차 - 측면충돌,안전거리미확보,건조,맑음,단일로 - 기타,승용,남,57세,상해없음,승용,남,70세,경상
2021031900100504,2021년 3월 19일 19시,금요일,전라북도 전주시 덕진구 진북동,중상사고,0,1,0,0,차대사람 - 횡단중,안전운전불이행,건조,맑음,단일로 - 기타,이륜,남,25세,상해없음,보행자,여,78세,중상
2021031900100625,2021년 3월 19일 22시,금요일,전라북도 익산시 신흥동,경상사고,0,0,3,0,차대차 - 추돌,안전운전불이행,건조,맑음,교차로 - 교차로부근,승용,남,23세,상해없음,승용,남,68세,경상
2021031900100626,2021년 3월 19일 22시,금요일,전라북도 익산시 마동,중상사고,0,3,3,0,차대차 - 추돌,안전운전불이행,건조,맑음,교차로 - 교차로부근,승용,여,37세,상해없음,승용,여,30세,경상
2021031900100656,2021년 3월 19일 23시,금요일,전라북도 익산시 인화동2가,경상사고,0,0,1,0,차대사람 - 기타,안전운전불이행,건조,맑음,단일로 - 기타,승용,남,63세,상해없음,보행자,남,25세,경상
2021032000100023,2021년 3월 20일 02시,토요일,전라북도 전주시 완산구 태평동,중상사고,0,1,1,0,차대차 - 추돌,안전운전불이행,젖음/습기,비,교차로 - 교차로안,승용,남,29세,기타불명,승용,남,43세,경상
2021032000100036,2021년 3월 20일 05시,토요일,전라북도 전주시 완산구 중화산동2가,경상사고,0,0,1,0,차대사람 - 차도통행중,안전운전불이행,젖음/습기,비,교차로 - 교차로부근,승용,남,39세,상해없음,보행자,여,23세,경상
2021032000100056,2021년 3월 20일 07시,토요일,전라북도 군산시 해망동,경상사고,0,0,2,0,차대차 - 측면충돌,안전운전불이행,젖음/습기,흐림,단일로 - 기타,화물,남,73세,상해없음,승용,남,58세,경상
2021032000100098,2021년 3월 20일 10시,토요일,전라북도 전주시 덕진구 인후동1가,경상사고,0,0,1,0,차대차 - 측면충돌,중앙선침범,젖음/습기,비,단일로 - 기타,승용,남,58세,상해없음,이륜,남,30세,경상
2021032000100099,2021년 3월 20일 10시,토요일,전라북도 임실군 오수면,경상사고,0,0,1,0,차대차 - 후진중충돌,중앙선침범,젖음/습기,비,단일로 - 지하차도(도로)내,승용,남,42세,상해없음,이륜,남,79세,경상
2021032000100126,2021년 3월 20일 11시,토요일,전라북도 익산시 영등동,경상사고,0,0,1,0,차대차 - 측면충돌,차로위반,건조,맑음,단일로 - 기타,승용,남,59세,상해없음,승용,여,29세,경상
2021032000100165,2021년 3월 20일 12시,토요일,전라북도 전주시 덕진구 팔복동2가,경상사고,0,0,2,0,차대차 - 추돌,안전거리미확보,건조,맑음,교차로 - 교차로부근,승용,남,22세,상해없음,승용,남,52세,경상
2021032000100204,2021년 3월 20일 13시,토요일,전라북도 남원시 인월면,중상사고,0,1,0,0,차대차 - 측면충돌,직진우회전진행방해,건조,맑음,교차로 - 교차로안,이륜,여,72세,중상,화물,남,42세,상해없음
2021032000100365,2021년 3월 20일 18시,토요일,전라북도 익산시 모현동1가,경상사고,0,0,1,0,차대차 - 측면충돌,안전운전불이행,건조,흐림,교차로 - 교차로안,승용,남,76세,상해없음,이륜,남,32세,경상
2021032000100399,2021년 3월 20일 19시,토요일,전라북도 김제시 검산동,경상사고,0,0,1,0,차대사람 - 차도통행중,신호위반,건조,맑음,교차로 - 교차로안,승용,남,49세,상해없음,보행자,남,70세,경상
2021032000100436,2021년 3월 20일 20시,토요일,전라북도 전주시 완산구 중노송동,경상사고,0,0,1,0,차대사람 - 횡단중,안전운전불이행,건조,맑음,단일로 - 기타,승용,남,62세,상해없음,보행자,여,73세,경상
2021032000100437,2021년 3월 20일 20시,토요일,전라북도 정읍시 수성동,경상사고,0,0,2,0,차대사람 - 횡단중,보행자보호의무위반,젖음/습기,흐림,교차로 - 교차로안,승용,남,59세,상해없음,보행자,남,8세,경상
2021032000100493,2021년 3월 20일 22시,토요일,전라북도 익산시 남중동,경상사고,0,0,2,0,차대차 - 측면충돌,직진우회전진행방해,건조,맑음,교차로 - 교차로부근,승용,남,67세,상해없음,승용,남,65세,경상
2021032100100005,2021년 3월 21일 00시,일요일,전라북도 전주시 완산구 효자동3가,경상사고,0,0,1,0,차대차 - 기타,안전운전불이행,건조,맑음,단일로 - 기타,승용,남,29세,상해없음,승용,남,62세,경상
2021032100100024,2021년 3월 21일 02시,일요일,전라북도 전주시 완산구 중화산동2가,경상사고,0,0,2,0,차대차 - 추돌,안전운전불이행,건조,맑음,교차로 - 교차로부근,승용,여,34세,상해없음,승용,남,45세,경상
2021032100100048,2021년 3월 21일 07시,일요일,전라북도 김제시 죽산면,중상사고,0,1,1,0,차량단독 - 공작물충돌,안전운전불이행,건조,맑음,단일로 - 기타,승용,남,19세,상해없음,,,,
2021032100100060,2021년 3월 21일 08시,일요일,전라북도 고창군 무장면,경상사고,0,0,3,0,차대차 - 측면충돌,중앙선침범,건조,맑음,단일로 - 기타,승용,남,79세,경상,화물,남,61세,경상
2021032100100097,2021년 3월 21일 11시,일요일,전라북도 군산시 조촌동,경상사고,0,0,1,0,차대차 - 후진중충돌,불법유턴,건조,맑음,단일로 - 기타,승용,여,70세,상해없음,승용,남,32세,경상
2021032100100142,2021년 3월 21일 13시,일요일,전라북도 전주시 완산구 중노송동,경상사고,0,0,1,0,차대차 - 추돌,중앙선침범,건조,맑음,단일로 - 기타,승용,여,45세,상해없음,화물,남,54세,경상
2021032100100171,2021년 3월 21일 14시,일요일,전라북도 익산시 영등동,경상사고,0,0,1,0,차대차 - 측면충돌,차로위반,건조,맑음,교차로 - 교차로안,승용,남,47세,상해없음,원동기,남,39세,경상
2021032100100172,2021년 3월 21일 14시,일요일,전라북도 무주군 부남면,경상사고,0,0,1,0,차대차 - 측면충돌,중앙선침범,건조,맑음,단일로 - 지하차도(도로)내,이륜,남,34세,상해없음,승용,여,37세,경상
2021032100100215,2021년 3월 21일 15시,일요일,전라북도 전주시 완산구 중화산동2가,경상사고,0,0,2,0,차대차 - 측면충돌,신호위반,건조,맑음,교차로 - 교차로안,승용,남,56세,상해없음,승용,남,30세,경상
2021032100100342,2021년 3월 21일 19시,일요일,전라북도 익산시 영등동,경상사고,0,0,1,0,차대차 - 추돌,안전운전불이행,건조,맑음,교차로 - 교차로안,승용,남,61세,상해없음,승용,남,46세,경상
2021032100100343,2021년 3월 21일 19시,일요일,전라북도 정읍시 시기동,경상사고,0,0,2,0,차대차 - 측면충돌,불법유턴,건조,맑음,단일로 - 기타,승용,여,53세,경상,승용,남,75세,경상
2021032100100344,2021년 3월 21일 19시,일요일,전라북도 부안군 행안면,중상사고,0,1,2,0,차대차 - 측면충돌,중앙선침범,건조,맑음,단일로 - 기타,승용,남,62세,중상,승용,남,61세,경상
2021032100100374,2021년 3월 21일 20시,일요일,전라북도 완주군 삼례읍,경상사고,0,0,1,0,차대차 - 추돌,안전운전불이행,건조,맑음,단일로 - 기타,승용,남,22세,상해없음,승용,남,37세,경상
2021032100100401,2021년 3월 21일 21시,일요일,전라북도 군산시 오식도동,경상사고,0,0,1,0,차대차 - 측면충돌,교차로운행방법위반,건조,맑음,교차로 - 교차로부근,승용,남,60세,상해없음,승용,남,31세,경상
2021032200100047,2021년 3월 22일 07시,월요일,전라북도 전주시 덕진구 금암동,경상사고,0,0,3,0,차대차 - 측면충돌,안전운전불이행,건조,맑음,교차로 - 교차로횡단보도내,승용,여,42세,상해없음,승용,남,44세,경상
2021032200100048,2021년 3월 22일 07시,월요일,전라북도 익산시 모현동1가,경상사고,0,0,1,0,차대차 - 측면충돌,신호위반,건조,맑음,교차로 - 교차로안,승용,여,49세,상해없음,승합,남,28세,경상
2021032200100095,2021년 3월 22일 08시,월요일,전라북도 장수군 계북면,사망사고,1,0,0,0,차대차 - 정면충돌,교차로운행방법위반,건조,맑음,교차로 - 교차로안,화물,남,73세,상해없음,승용,여,65세,사망
2021032200100187,2021년 3월 22일 11시,월요일,전라북도 익산시 마동,경상사고,0,0,1,0,차대사람 - 횡단중,안전운전불이행,건조,맑음,교차로 - 교차로안,승용,여,56세,상해없음,보행자,여,72세,경상