사고번호,사고일시,요일,시군구,사고내용,사망자수,중상자수,경상자수,부상신고자수,사고유형,법규위반,노면상태,기상상태,도로형태,가해운전자 차종,가해운전자 성별,가해운전자 연령,가해운전자 상해정도,피해운전자 차종,피해운전자 성별,피해운전자 연령,피해운전자 상해정도
2021032200100188,2021년 3월 22일 11시,월요일,전라북도 익산시 오산면,경상사고,0,0,2,0,차대차 - 측면충돌,차로위반,건조,맑음,교차로 - 교차로부근,화물,남,29세,상해없음,화물,여,26세,경상
2021032200100217,2021년 3월 22일 12시,월요일,전라북도 전주시 덕진구 금암동,경상사고,0,0,1,0,차대사람 - 차도통행중,안전운전불이행,건조,맑음,교차로 - 교차로안,승용,남,73세,상해없음,보행자,여,41세,경상
2021032200100253,2021년 3월 22일 13시,월요일,전라북도 고창군 공음면,경상사고,0,0,1,0,차대차 - 측면충돌,중앙선침범,건조,맑음,단일로 - 기타,화물,남,54세,상해없음,승용,남,67세,경상
2021032200100286,2021년 3월 22일 14시,월요일,전라북도 전주시 덕진구 송천동1가,경상사고,0,0,1,0,차대차 - 후진중충돌,안전운전불이행,건조,맑음,단일로 - 기타,승용,남,52세,상해없음,이륜,남,28세,경상
2021032200100287,2021년 3월 22일 14시,월요일,전라북도 익산시 황등면,중상사고,0,1,2,0,차대차 - 정면충돌,신호위반,건조,맑음,교차로 - 교차로안,화물,남,56세,경상,승용,남,60세,경상
2021032200100359,2021년 3월 22일 16시,월요일,전라북도 전주시 덕진구 우아동2가,경상사고,0,0,1,0,차대차 - 측면충돌,직진우회전진행방해,건조,맑음,교차로 - 교차로안,승용,여,27세,상해없음,이륜,남,34세,경상
2021032200100406,2021년 3월 22일 17시,월요일,전라북도 임실군 오수면,경상사고,0,0,1,0,차대차 - 측면충돌,안전운전불이행,건조,맑음,단일로 - 기타,화물,남,67세,상해없음,승용,여,53세,경상
2021032200100480,2021년 3월 22일 19시,월요일,전라북도 전주시 완산구 서노송동,경상사고,0,0,1,0,차대차 - 추돌,안전운전불이행,건조,맑음,단일로 - 기타,승용,남,73세,상해없음,승용,남,26세,경상
2021032200100481,2021년 3월 22일 19시,월요일,전라북도 전주시 덕진구 덕진동1가,경상사고,0,0,1,0,차대차 - 추돌,안전운전불이행,건조,맑음,교차로 - 교차로부근,승용,남,48세,상해없음,승용,여,61세,경상
2021032200100513,2021년 3월 22일 20시,월요일,전라북도 익산시 모현동1가,중상사고,0,1,0,0,차대차 - 측면충돌,직진우회전진행방해,건조,맑음,교차로 - 교차로안,승용,남,75세,상해없음,원동기,남,25세,중상
2021032200100560,2021년 3월 22일 22시,월요일,전라북도 군산시 소룡동,경상사고,0,0,1,0,차대차 - 추돌,안전운전불이행,건조,맑음,단일로 - 기타,승용,남,53세,상해없음,승용,남,55세,경상
2021032200100578,2021년 3월 22일 23시,월요일,전라북도 전주시 덕진구 우아동2가,경상사고,0,0,2,0,차대차 - 기타,안전운전불이행,건조,맑음,주차장 - 주차장,승용,남,19세,상해없음,승용,남,22세,경상
2021032200100579,2021년 3월 22일 23시,월요일,전라북도 전주시 덕진구 덕진동1가,경상사고,0,0,3,0,차대차 - 기타,신호위반,건조,맑음,교차로 - 교차로안,승용,남,63세,상해없음,승용,남,47세,경상
2021032300100011,2021년 3월 23일 01시,화요일,전라북도 정읍시 산외면,중상사고,0,1,0,0,차량단독 - 공작물충돌,안전운전불이행,건조,맑음,단일로 - 기타,승용,남,27세,중상,,,,
2021032300100018,2021년 3월 23일 02시,화요일,전라북도 군산시 소룡동,중상사고,0,2,0,0,차대차 - 기타,중앙선침범,건조,맑음,교차로 - 교차로안,승용,남,23세,상해없음,승용,여,43세,중상
2021032300100034,2021년 3월 23일 06시,화요일,전라북도 익산시 마동,경상사고,0,0,3,0,차대차 - 측면충돌,신호위반,건조,맑음,교차로 - 교차로안,승용,남,60세,상해없음,승용,남,60세,경상
2021032300100049,2021년 3월 23일 07시,화요일,전라북도 남원시 하정동,경상사고,0,0,1,0,차대차 - 측면충돌,직진우회전진행방해,건조,맑음,교차로 - 교차로안,승용,남,60세,상해없음,자전거,남,54세,경상
2021032300100086,2021년 3월 23일 08시,화요일,전라북도 군산시 수송동,경상사고,0,0,2,0,차대차 - 추돌,안전거리미확보,건조,맑음,단일로 - 기타,승용,남,69세,상해없음,승용,남,54세,경상
2021032300100087,2021년 3월 23일 08시,화요일,전라북도 무주군 안성면,경상사고,0,0,2,0,차대차 - 측면충돌,기타,건조,맑음,교차로 - 교차로안,화물,남,77세,상해없음,화물,남,60세,경상
2021032300100161,2021년 3월 23일 11시,화요일,전라북도 익산시 영등동,경상사고,0,0,1,0,차대사람 - 횡단중,보행자보호의무위반,건조,맑음,단일로 - 기타,승용,남,23세,상해없음,보행자,남,53세,경상
2021032300100193,2021년 3월 23일 12시,화요일,전라북도 군산시 나운동,경상사고,0,0,1,0,차대차 - 기타,안전운전불이행,건조,맑음,교차로 - 교차로부근,승용,여,37세,상해없음,승용,남,70세,경상
2021032300100223,2021년 3월 23일 13시,화요일,전라북도 순창군 순창읍,경상사고,0,0,1,0,차대차 - 측면충돌,기타,건조,맑음,교차로 - 교차로안,이륜,여,69세,상해없음,자전거,여,76세,경상
2021032300100310,2021년 3월 23일 15시,화요일,전라북도 전주시 완산구 효자동2가,경상사고,0,0,2,0,차대차 - 측면충돌,안전운전불이행,건조,맑음,교차로 - 교차로부근,이륜,남,24세,상해없음,승용,여,27세,경상
2021032300100346,2021년 3월 23일 16시,화요일,전라북도 전주시 완산구 서신동,경상사고,0,0,1,0,차대사람 - 횡단중,기타,건조,맑음,교차로 - 교차로횡단보도내,승용,여,47세,상해없음,보행자,남,6세,경상
2021032300100386,2021년 3월 23일 17시,화요일,전라북도 군산시 옥산면,중상사고,0,3,0,0,차대차 - 추돌,안전거리미확보,건조,맑음,단일로 - 기타,승용,남,22세,중상,화물,남,65세,중상
2021032300100387,2021년 3월 23일 17시,화요일,전라북도 김제시 금구면,경상사고,0,0,1,0,차대차 - 정면충돌,안전운전불이행,건조,맑음,교차로 - 교차로안,승용,여,62세,상해없음,승용,남,66세,경상
2021032300100436,2021년 3월 23일 18시,화요일,전라북도 전주시 완산구 서서학동,경상사고,0,0,1,0,차대차 - 기타,안전운전불이행,건조,맑음,교차로 - 교차로안,승용,남,73세,상해없음,승합,남,43세,경상
2021032300100437,2021년 3월 23일 18시,화요일,전라북도 정읍시 연지동,경상사고,0,0,1,0,차대사람 - 횡단중,중앙선침범,건조,맑음,단일로 - 지하차도(도로)내,승용,남,54세,상해없음,보행자,남,77세,경상
2021032300100521,2021년 3월 23일 21시,화요일,전라북도 전주시 완산구 용복동,중상사고,0,1,0,0,차대차 - 기타,교차로운행방법위반,건조,맑음,교차로 - 교차로안,승용,여,34세,상해없음,승용,여,35세,중상
2021032300100522,2021년 3월 23일 21시,화요일,전라북도 전주시 완산구 서신동,중상사고,0,1,0,0,차대차 - 기타,교차로운행방법위반,건조,맑음,교차로 - 교차로안,승용,여,44세,상해없음,승용,남,31세,중상
2021032300100523,2021년 3월 23일 21시,화요일,전라북도 군산시 산북동,경상사고,0,0,1,1,차대차 - 기타,직진우회전진행방해,건조,맑음,교차로 - 교차로안,승용,남,41세,상해없음,승용,여,48세,경상
2021032300100548,2021년 3월 23일 22시,화요일,전라북도 전주시 완산구 효자동2가,중상사고,0,1,1,0,차대차 - 기타,교차로운행방법위반,건조,맑음,교차로 - 교차로안,승용,남,56세,상해없음,이륜,남,22세,중상
2021032400100030,2021년 3월 24일 05시,수요일,전라북도 전주시 완산구 효자동1가,중상사고,0,1,0,0,차대사람 - 횡단중,보행자보호의무위반,건조,맑음,교차로 - 교차로부근,승용,남,51세,상해없음,보행자,남,69세,중상
2021032400100097,2021년 3월 24일 08시,수요일,전라북도 부안군 부안읍,경상사고,0,0,1,0,차대차 - 측면충돌,교차로운행방법위반,건조,맑음,교차로 - 교차로안,자전거,남,13세,경상,승용,여,40세,상해없음
2021032400100134,2021년 3월 24일 09시,수요일,전라북도 정읍시 구룡동,경상사고,0,0,1,0,차대차 - 측면충돌,안전거리미확보,건조,맑음,단일로 - 기타,화물,남,78세,상해없음,승용,남,61세,상해없음
2021032400100135,2021년 3월 24일 09시,수요일,전라북도 김제시 순동,중상사고,0,1,0,0,차대차 - 정면충돌,중앙선침범,건조,맑음,교차로 - 교차로안,건설기계,남,68세,상해없음,화물,남,45세,중상
2021032400100208,2021년 3월 24일 12시,수요일,전라북도 남원시 도통동,경상사고,0,0,2,0,차대차 - 추돌,안전운전불이행,기타,맑음,기타 - 기타,승용,여,49세,상해없음,이륜,남,33세,경상
2021032400100239,2021년 3월 24일 13시,수요일,전라북도 전주시 완산구 효자동2가,경상사고,0,0,1,0,차대차 - 추돌,신호위반,건조,맑음,교차로 - 교차로안,승용,남,40세,상해없음,이륜,남,42세,경상
2021032400100311,2021년 3월 24일 15시,수요일,전라북도 전주시 완산구 삼천동1가,경상사고,0,0,3,0,차대차 - 추돌,안전운전불이행,건조,맑음,교차로 - 교차로부근,승용,남,60세,상해없음,승용,여,43세,경상
2021032400100312,2021년 3월 24일 15시,수요일,전라북도 군산시 나운동,경상사고,0,0,1,0,차대차 - 기타,안전운전불이행,건조,맑음,기타 - 기타,화물,남,66세,상해없음,이륜,남,59세,경상
2021032400100313,2021년 3월 24일 15시,수요일,전라북도 남원시 왕정동,중상사고,0,1,0,0,차대사람 - 차도통행중,안전운전불이행,기타,맑음,교차로 - 교차로안,승용,여,49세,기타불명,보행자,여,70세,중상
2021032400100314,2021년 3월 24일 15시,수요일,전라북도 무주군 적상면,경상사고,0,0,3,0,차대차 - 측면충돌,중앙선침범,건조,맑음,교차로 - 교차로안,승용,여,26세,경상,화물,남,50세,경상
2021032400100343,2021년 3월 24일 16시,수요일,전라북도 김제시 검산동,중상사고,0,1,0,0,차대사람 - 횡단중,보행자보호의무위반,건조,맑음,교차로 - 교차로부근,승용,여,43세,상해없음,보행자,남,9세,중상
2021032400100344,2021년 3월 24일 16시,수요일,전라북도 부안군 부안읍,경상사고,0,0,1,0,차대사람 - 차도통행중,안전운전불이행,건조,맑음,단일로 - 지하차도(도로)내,화물,여,62세,상해없음,보행자,남,64세,경상
2021032400100383,2021년 3월 24일 17시,수요일,전라북도 익산시 부송동,경상사고,0,0,2,0,차대차 - 추돌,안전운전불이행,건조,맑음,단일로 - 기타,승용,여,34세,상해없음,승용,남,46세,경상
2021032400100384,2021년 3월 24일 17시,수요일,전라북도 익산시 오산면,경상사고,0,0,3,0,차대차 - 추돌,안전거리미확보,건조,맑음,단일로 - 기타,승용,여,69세,경상,화물,남,58세,경상
2021032400100385,2021년 3월 24일 17시,수요일,전라북도 익산시 인화동1가,경상사고,0,0,4,0,차대차 - 추돌,안전운전불이행,건조,맑음,교차로 - 교차로부근,승합,남,63세,상해없음,승용,여,64세,경상
2021032400100429,2021년 3월 24일 18시,수요일,전라북도 전주시 덕진구 인후동2가,경상사고,0,0,1,0,차대사람 - 보도통행중,기타,건조,맑음,교차로 - 교차로안,승용,남,66세,상해없음,보행자,여,80세,경상
2021032400100430,2021년 3월 24일 18시,수요일,전라북도 전주시 덕진구 여의동2가,경상사고,0,0,1,0,차대사람 - 횡단중,안전운전불이행,건조,맑음,교차로 - 교차로부근,승용,여,37세,기타불명,보행자,남,9세,경상
2021032400100471,2021년 3월 24일 19시,수요일,전라북도 전주시 완산구 중화산동2가,경상사고,0,0,3,0,차대차 - 측면충돌,신호위반,건조,맑음,교차로 - 교차로안,승용,여,50세,상해없음,승용,남,48세,경상
2021032400100472,2021년 3월 24일 19시,수요일,전라북도 완주군 이서면,경상사고,0,0,1,0,차대차 - 측면충돌,안전거리미확보,건조,맑음,단일로 - 고가도로위,승용,남,61세,상해없음,승용,남,30세,경상
2021032400100502,2021년 3월 24일 20시,수요일,전라북도 전주시 완산구 평화동2가,경상사고,0,0,1,0,차대차 - 측면충돌,중앙선침범,건조,맑음,단일로 - 기타,승용,남,56세,상해없음,승용,남,66세,경상
2021032500100006,2021년 3월 25일 00시,목요일,전라북도 군산시 나운동,중상사고,0,1,0,0,차대차 - 측면충돌,신호위반,건조,맑음,교차로 - 교차로안,화물,남,51세,상해없음,이륜,남,52세,중상
2021032500100040,2021년 3월 25일 06시,목요일,전라북도 군산시 성산면,경상사고,0,0,1,0,차대차 - 기타,기타,기타,맑음,기타 - 기타,건설기계,남,61세,상해없음,승용,여,21세,경상
2021032500100061,2021년 3월 25일 07시,목요일,전라북도 김제시 용동,중상사고,0,1,0,0,차대차 - 측면충돌,직진우회전진행방해,건조,맑음,교차로 - 교차로안,승용,남,73세,상해없음,이륜,남,58세,중상
2021032500100087,2021년 3월 25일 08시,목요일,전라북도 전주시 완산구 효자동2가,중상사고,0,1,0,0,차대사람 - 횡단중,보행자보호의무위반,건조,맑음,교차로 - 교차로횡단보도내,승용,남,57세,상해없음,보행자,여,34세,중상
2021032500100088,2021년 3월 25일 08시,목요일,전라북도 전주시 덕진구 팔복동2가,경상사고,0,0,1,0,차대차 - 추돌,안전운전불이행,건조,맑음,단일로 - 기타,화물,남,49세,상해없음,건설기계,남,38세,경상
2021032500100089,2021년 3월 25일 08시,목요일,전라북도 임실군 운암면,중상사고,0,1,3,0,차대차 - 측면충돌,안전운전불이행,건조,맑음,단일로 - 터널,승용,남,19세,상해없음,승용,남,38세,중상
2021032500100090,2021년 3월 25일 08시,목요일,전라북도 임실군 운암면,중상사고,0,1,1,0,차대차 - 추돌,안전운전불이행,건조,맑음,단일로 - 터널,승용,남,29세,상해없음,승용,남,38세,중상
2021032500100175,2021년 3월 25일 11시,목요일,전라북도 무주군 무주읍,경상사고,0,0,1,0,차대사람 - 차도통행중,안전운전불이행,건조,맑음,단일로 - 고가도로위,승용,여,48세,상해없음,보행자,남,97세,경상
2021032500100208,2021년 3월 25일 12시,목요일,전라북도 고창군 무장면,사망사고,1,0,0,0,차량단독 - 전도전복 - 전도,안전운전불이행,건조,맑음,단일로 - 기타,농기계,남,79세,사망,,,,
2021032500100209,2021년 3월 25일 12시,목요일,전라북도 부안군 줄포면,경상사고,0,0,2,0,차대차 - 측면충돌,중앙선침범,건조,맑음,교차로 - 교차로안,승용,남,78세,상해없음,승용,남,60세,경상
2021032500100242,2021년 3월 25일 13시,목요일,전라북도 군산시 임피면,중상사고,0,1,0,0,차대차 - 측면충돌,안전운전불이행,건조,맑음,단일로 - 지하차도(도로)내,승용,여,59세,상해없음,이륜,남,73세,중상
2021032500100243,2021년 3월 25일 13시,목요일,전라북도 익산시 금강동,경상사고,0,0,1,0,차대차 - 측면충돌,차로위반,건조,맑음,교차로 - 교차로안,승용,여,32세,상해없음,승용,남,23세,경상
2021032500100244,2021년 3월 25일 13시,목요일,전라북도 정읍시 연지동,경상사고,0,0,1,0,차대차 - 측면충돌,신호위반,건조,맑음,교차로 - 교차로안,승용,남,49세,상해없음,승용,여,38세,경상
2021032500100290,2021년 3월 25일 14시,목요일,전라북도 군산시 지곡동,경상사고,0,0,1,0,차대차 - 측면충돌,안전운전불이행,건조,맑음,교차로 - 교차로안,화물,남,50세,상해없음,이륜,남,46세,경상
2021032500100333,2021년 3월 25일 15시,목요일,전라북도 군산시 대야면,경상사고,0,0,3,0,차대차 - 추돌,안전거리미확보,건조,맑음,단일로 - 기타,승용,남,29세,상해없음,승용,남,30세,경상
2021032500100401,2021년 3월 25일 17시,목요일,전라북도 전주시 덕진구 송천동1가,경상사고,0,0,1,0,차대사람 - 보도통행중,기타,건조,맑음,단일로 - 기타,승용,남,55세,상해없음,보행자,남,28세,경상
2021032500100402,2021년 3월 25일 17시,목요일,전라북도 군산시 수송동,경상사고,0,0,1,0,차대차 - 측면충돌,신호위반,건조,맑음,교차로 - 교차로안,화물,남,66세,상해없음,승용,여,52세,경상
2021032500100449,2021년 3월 25일 18시,목요일,전라북도 전주시 완산구 서노송동,경상사고,0,0,1,0,차대차 - 기타,중앙선침범,건조,맑음,교차로 - 교차로부근,승용,남,18세,상해없음,승용,여,39세,경상
2021032500100521,2021년 3월 25일 20시,목요일,전라북도 부안군 동진면,중상사고,0,1,0,0,차대차 - 추돌,안전운전불이행,건조,맑음,교차로 - 교차로부근,승용,여,71세,상해없음,화물,남,60세,상해없음
2021032600100007,2021년 3월 26일 00시,금요일,전라북도 익산시 영등동,경상사고,0,0,12,0,차대차 - 추돌,안전운전불이행,건조,맑음,단일로 - 기타,승용,남,53세,상해없음,승합,남,60세,경상
2021032600100015,2021년 3월 26일 02시,금요일,전라북도 군산시 비응도동,경상사고,0,0,1,0,차대차 - 측면충돌,안전운전불이행,건조,맑음,단일로 - 지하차도(도로)내,승용,남,24세,상해없음,승용,남,20세,상해없음
2021032600100030,2021년 3월 26일 05시,금요일,전라북도 장수군 계북면,중상사고,0,2,2,0,차대차 - 추돌,안전운전불이행,기타,안개,기타 - 기타,특수,남,63세,경상,화물,남,61세,중상
2021032600100086,2021년 3월 26일 08시,금요일,전라북도 전주시 완산구 효자동1가,중상사고,0,1,0,0,차대사람 - 횡단중,신호위반,건조,맑음,교차로 - 교차로횡단보도내,승용,남,60세,상해없음,보행자,여,74세,중상
2021032600100087,2021년 3월 26일 08시,금요일,전라북도 전주시 완산구 서노송동,경상사고,0,0,3,0,차대차 - 기타,안전운전불이행,건조,맑음,단일로 - 기타,승용,남,58세,경상,승용,여,56세,경상
2021032600100088,2021년 3월 26일 08시,금요일,전라북도 군산시 개정면,중상사고,0,2,2,0,차대차 - 측면충돌,안전운전불이행,건조,맑음,단일로 - 기타,특수,남,39세,상해없음,승용,남,67세,경상
2021032600100198,2021년 3월 26일 11시,금요일,전라북도 순창군 순창읍,경상사고,0,0,1,0,차대차 - 측면충돌,안전운전불이행,건조,맑음,교차로 - 교차로부근,화물,남,72세,상해없음,자전거,남,83세,경상
2021032600100225,2021년 3월 26일 12시,금요일,전라북도 군산시 소룡동,경상사고,0,0,1,0,차대차 - 기타,안전운전불이행,건조,맑음,교차로 - 교차로안,화물,남,53세,상해없음,화물,남,48세,상해없음
2021032600100420,2021년 3월 26일 17시,금요일,전라북도 익산시 평화동,경상사고,0,0,2,0,차대차 - 측면충돌,신호위반,건조,맑음,교차로 - 교차로안,승용,여,55세,상해없음,승용,남,35세,경상
2021032600100421,2021년 3월 26일 17시,금요일,전라북도 정읍시 연지동,중상사고,0,1,1,0,차대차 - 측면충돌,신호위반,건조,맑음,교차로 - 교차로안,승용,남,62세,기타불명,승합,남,48세,경상
2021032600100629,2021년 3월 26일 22시,금요일,전라북도 군산시 산북동,중상사고,0,1,2,0,차대차 - 기타,신호위반,건조,맑음,교차로 - 교차로안,승용,남,24세,중상,승용,기타불명,미분류,기타불명
2021032600100642,2021년 3월 26일 23시,금요일,전라북도 전주시 완산구 효자동2가,경상사고,0,0,2,0,차대차 - 측면충돌,신호위반,건조,맑음,교차로 - 교차로안,승용,남,37세,상해없음,승용,남,64세,경상
2021032700100025,2021년 3월 27일 01시,토요일,전라북도 전주시 덕진구 호성동1가,경상사고,0,0,3,0,차대차 - 측면충돌,직진우회전진행방해,건조,맑음,교차로 - 교차로안,승용,남,64세,상해없음,승용,남,70세,상해없음
2021032700100071,2021년 3월 27일 07시,토요일,전라북도 임실군 오수면,중상사고,0,1,1,0,차대사람 - 기타,기타,건조,맑음,교차로 - 교차로안,승용,남,73세,상해없음,보행자,남,93세,중상
2021032700100081,2021년 3월 27일 08시,토요일,전라북도 전주시 완산구 평화동2가,경상사고,0,0,2,0,차대차 - 측면충돌,신호위반,건조,맑음,교차로 - 교차로안,승용,여,30세,상해없음,승용,여,53세,경상
2021032700100082,2021년 3월 27일 08시,토요일,전라북도 전주시 덕진구 송천동1가,경상사고,0,0,1,0,차대사람 - 기타,교차로운행방법위반,건조,맑음,교차로 - 교차로부근,승합,여,51세,상해없음,보행자,남,82세,경상
2021032700100098,2021년 3월 27일 09시,토요일,전라북도 전주시 완산구 서신동,경상사고,0,0,1,0,차대차 - 정면충돌,안전운전불이행,건조,맑음,교차로 - 교차로안,승용,여,37세,상해없음,이륜,남,48세,경상
2021032700100099,2021년 3월 27일 09시,토요일,전라북도 전주시 완산구 평화동1가,경상사고,0,0,1,0,차대차 - 추돌,안전거리미확보,건조,맑음,교차로 - 교차로안,승용,여,27세,상해없음,승용,남,63세,경상
2021032700100100,2021년 3월 27일 09시,토요일,전라북도 군산시 경암동,중상사고,0,1,0,0,차대차 - 측면충돌,직진우회전진행방해,건조,맑음,교차로 - 교차로안,이륜,남,81세,중상,승용,남,33세,상해없음
2021032700100119,2021년 3월 27일 10시,토요일,전라북도 익산시 오산면,경상사고,0,0,1,0,차대차 - 측면충돌,신호위반,젖음/습기,비,교차로 - 교차로안,승용,남,62세,상해없음,승용,남,34세,경상
2021032700100150,2021년 3월 27일 11시,토요일,전라북도 전주시 완산구 중화산동2가,중상사고,0,1,1,0,차대차 - 측면충돌,안전운전불이행,건조,맑음,단일로 - 기타,승용,남,57세,상해없음,승용,여,48세,경상
2021032700100185,2021년 3월 27일 12시,토요일,전라북도 정읍시 북면,중상사고,0,1,0,0,차량단독 - 도로외이탈 - 추락,안전운전불이행,젖음/습기,비,단일로 - 기타,화물,남,43세,중상,,,,
2021032700100186,2021년 3월 27일 12시,토요일,전라북도 임실군 관촌면,경상사고,0,0,2,0,차대차 - 측면충돌,신호위반,젖음/습기,비,교차로 - 교차로안,화물,남,70세,상해없음,승용,남,70세,경상
2021032700100229,2021년 3월 27일 13시,토요일,전라북도 익산시 망성면,경상사고,0,0,1,0,차대사람 - 기타,안전운전불이행,건조,맑음,기타 - 기타,승용,남,58세,상해없음,보행자,여,81세,경상
2021032700100230,2021년 3월 27일 13시,토요일,전라북도 정읍시 정우면,경상사고,0,0,2,1,차대차 - 기타,안전운전불이행,젖음/습기,비,단일로 - 기타,승용,남,34세,상해없음,승용,남,31세,경상
2021032700100265,2021년 3월 27일 14시,토요일,전라북도 부안군 하서면,경상사고,0,0,4,0,차대차 - 추돌,교차로운행방법위반,젖음/습기,비,교차로 - 교차로안,승용,여,72세,경상,화물,남,57세,상해없음
2021032700100316,2021년 3월 27일 15시,토요일,전라북도 전주시 덕진구 인후동1가,경상사고,0,0,1,0,차대차 - 측면충돌,차로위반,젖음/습기,비,단일로 - 기타,승용,남,65세,상해없음,이륜,남,30세,경상
2021032700100317,2021년 3월 27일 15시,토요일,전라북도 임실군 덕치면,경상사고,0,0,3,0,차대차 - 추돌,안전운전불이행,젖음/습기,비,단일로 - 기타,승용,여,26세,경상,승용,남,35세,경상
2021032700100359,2021년 3월 27일 16시,토요일,전라북도 정읍시 수성동,경상사고,0,0,3,0,차대차 - 측면충돌,차로위반,젖음/습기,비,교차로 - 교차로부근,승용,남,64세,상해없음,승용,남,21세,경상
2021032700100451,2021년 3월 27일 18시,토요일,전라북도 군산시 경암동,경상사고,0,0,1,0,차대차 - 측면충돌,안전운전불이행,젖음/습기,비,교차로 - 교차로안,승용,남,56세,상해없음,승용,여,28세,경상
2021032700100452,2021년 3월 27일 18시,토요일,전라북도 군산시 미원동,사망사고,1,0,0,0,차대사람 - 횡단중,기타,젖음/습기,비,교차로 - 교차로안,승용,남,21세,상해없음,보행자,여,55세,사망
2021032700100453,2021년 3월 27일 18시,토요일,전라북도 김제시 금구면,중상사고,0,1,3,0,차대차 - 측면충돌,신호위반,젖음/습기,비,교차로 - 교차로안,승용,여,57세,상해없음,화물,남,48세,경상
2021032700100454,2021년 3월 27일 18시,토요일,전라북도 남원시 동충동,경상사고,0,0,4,0,차대차 - 측면충돌,신호위반,젖음/습기,비,교차로 - 교차로안,승용,여,28세,경상,승용,남,45세,경상
2021032700100498,2021년 3월 27일 19시,토요일,전라북도 익산시 영등동,경상사고,0,0,1,0,차대차 - 기타,신호위반,젖음/습기,비,교차로 - 교차로안,기타불명,기타불명,미분류,기타불명,이륜,남,32세,경상
2021032700100627,2021년 3월 27일 22시,토요일,전라북도 김제시 신풍동,중상사고,0,1,0,0,차대사람 - 횡단중,안전운전불이행,젖음/습기,비,교차로 - 교차로안,승용,여,34세,상해없음,보행자,여,20세,중상
2021032800100011,2021년 3월 28일 00시,일요일,전라북도 순창군 순창읍,중상사고,0,1,3,0,차대차 - 추돌,안전운전불이행,젖음/습기,흐림,기타 - 기타,승용,남,22세,경상,승용,남,28세,중상
2021032800100112,2021년 3월 28일 10시,일요일,전라북도 부안군 변산면,경상사고,0,0,3,0,차대차 - 측면충돌,직진우회전진행방해,건조,맑음,교차로 - 교차로안,승합,남,35세,경상,승용,여,61세,경상
2021032800100137,2021년 3월 28일 11시,일요일,전라북도 전주시 덕진구 전미동1가,경상사고,0,0,3,0,차대차 - 측면충돌,신호위반,젖음/습기,비,단일로 - 기타,승용,여,48세,기타불명,승용,남,35세,경상
2021032800100196,2021년 3월 28일 13시,일요일,전라북도 김제시 광활면,경상사고,0,0,1,0,차대차 - 측면충돌,중앙선침범,건조,흐림,기타 - 기타,화물,남,65세,상해없음,승용,여,58세,경상
2021032800100311,2021년 3월 28일 17시,일요일,전라북도 남원시 화정동,경상사고,0,0,2,0,차대차 - 정면충돌,중앙선침범,건조,맑음,단일로 - 기타,승용,여,51세,경상,화물,남,58세,경상
2021032800100362,2021년 3월 28일 19시,일요일,전라북도 군산시 옥산면,중상사고,0,2,0,0,차대차 - 기타,안전운전불이행,건조,맑음,기타 - 기타,승용,남,34세,상해없음,승용,남,46세,중상
2021032800100401,2021년 3월 28일 21시,일요일,전라북도 익산시 영등동,경상사고,0,0,1,0,차대사람 - 기타,안전운전불이행,건조,맑음,교차로 - 교차로안,승용,남,45세,상해없음,보행자,남,35세,경상
2021032800100422,2021년 3월 28일 22시,일요일,전라북도 전주시 완산구 중화산동2가,경상사고,0,0,1,0,차대차 - 후진중충돌,안전운전불이행,건조,맑음,단일로 - 기타,승용,남,32세,상해없음,승용,남,27세,경상
2021032800100423,2021년 3월 28일 22시,일요일,전라북도 전주시 덕진구 송천동2가,중상사고,0,1,0,0,차대사람 - 횡단중,안전운전불이행,건조,맑음,단일로 - 기타,승용,여,48세,상해없음,보행자,남,49세,중상
2021032800100424,2021년 3월 28일 22시,일요일,전라북도 익산시 영등동,중상사고,0,1,0,0,차대사람 - 횡단중,보행자보호의무위반,건조,맑음,교차로 - 교차로횡단보도내,승용,남,28세,상해없음,보행자,남,44세,중상
2021032900100140,2021년 3월 29일 09시,월요일,전라북도 전주시 덕진구 금암동,경상사고,0,0,1,0,차대차 - 추돌,안전운전불이행,건조,맑음,단일로 - 기타,승용,여,28세,상해없음,화물,남,39세,경상
2021032900100180,2021년 3월 29일 10시,월요일,전라북도 군산시 서흥남동,경상사고,0,0,2,0,차대차 - 측면충돌,신호위반,건조,맑음,교차로 - 교차로안,승용,여,57세,상해없음,승용,여,53세,경상
2021032900100181,2021년 3월 29일 10시,월요일,전라북도 익산시 웅포면,중상사고,0,1,0,0,차대차 - 측면충돌,안전운전불이행,건조,맑음,단일로 - 기타,승용,남,21세,상해없음,이륜,남,79세,중상
2021032900100253,2021년 3월 29일 12시,월요일,전라북도 익산시 평화동,경상사고,0,0,2,0,차대차 - 측면충돌,신호위반,건조,맑음,교차로 - 교차로안,화물,남,65세,상해없음,승용,남,37세,경상