사고번호,사고일시,요일,시군구,사고내용,사망자수,중상자수,경상자수,부상신고자수,사고유형,법규위반,노면상태,기상상태,도로형태,가해운전자 차종,가해운전자 성별,가해운전자 연령,가해운전자 상해정도,피해운전자 차종,피해운전자 성별,피해운전자 연령,피해운전자 상해정도
2021032900100299,2021년 3월 29일 13시,월요일,전라북도 전주시 완산구 효자동1가,경상사고,0,0,1,0,차대차 - 측면충돌,신호위반,건조,맑음,교차로 - 교차로안,승용,여,51세,상해없음,승용,여,78세,경상
2021032900100358,2021년 3월 29일 15시,월요일,전라북도 군산시 문화동,경상사고,0,0,3,0,차대차 - 측면충돌,신호위반,건조,맑음,교차로 - 교차로안,승용,남,83세,상해없음,승용,여,36세,경상
2021032900100417,2021년 3월 29일 17시,월요일,전라북도 익산시 용제동,경상사고,0,0,1,0,차대차 - 측면충돌,안전운전불이행,건조,맑음,단일로 - 기타,승용,여,52세,상해없음,승용,남,28세,경상
2021032900100468,2021년 3월 29일 18시,월요일,전라북도 전주시 완산구 중화산동2가,경상사고,0,0,1,0,차대차 - 측면충돌,신호위반,건조,맑음,교차로 - 교차로안,승용,여,36세,상해없음,승용,여,49세,경상
2021032900100469,2021년 3월 29일 18시,월요일,전라북도 전주시 덕진구 인후동1가,경상사고,0,0,1,0,차대차 - 측면충돌,안전운전불이행,건조,맑음,교차로 - 교차로횡단보도내,승용,여,49세,상해없음,자전거,남,7세,경상
2021032900100470,2021년 3월 29일 18시,월요일,전라북도 군산시 나운동,경상사고,0,0,1,0,차대차 - 기타,안전거리미확보,건조,맑음,교차로 - 교차로안,승용,남,68세,상해없음,승용,여,31세,경상
2021032900100527,2021년 3월 29일 20시,월요일,전라북도 익산시 어양동,중상사고,0,1,0,0,차대차 - 측면충돌,안전운전불이행,건조,맑음,단일로 - 기타,승용,여,39세,상해없음,이륜,남,17세,중상
2021032900100581,2021년 3월 29일 22시,월요일,전라북도 전주시 덕진구 산정동,경상사고,0,0,1,0,차대사람 - 길가장자리구역통행중,안전운전불이행,건조,맑음,단일로 - 기타,승용,남,61세,상해없음,보행자,여,15세,경상
2021032900100582,2021년 3월 29일 22시,월요일,전라북도 군산시 옥산면,경상사고,0,0,1,0,차대차 - 추돌,안전거리미확보,건조,맑음,단일로 - 기타,승합,남,63세,상해없음,승용,남,47세,경상
2021033000100032,2021년 3월 30일 04시,화요일,전라북도 전주시 덕진구 덕진동1가,중상사고,0,1,0,0,차대차 - 측면충돌,신호위반,건조,맑음,교차로 - 교차로안,승용,남,54세,상해없음,승용,여,55세,중상
2021033000100110,2021년 3월 30일 08시,화요일,전라북도 임실군 오수면,경상사고,0,0,1,0,차대차 - 정면충돌,교차로운행방법위반,건조,맑음,교차로 - 교차로안,화물,남,62세,상해없음,자전거,여,62세,경상
2021033000100111,2021년 3월 30일 08시,화요일,전라북도 무주군 무주읍,경상사고,0,0,2,0,차대차 - 측면충돌,신호위반,건조,맑음,교차로 - 교차로안,화물,남,65세,경상,승용,남,30세,경상
2021033000100177,2021년 3월 30일 10시,화요일,전라북도 전주시 완산구 서신동,경상사고,0,0,1,0,차대차 - 기타,신호위반,건조,맑음,교차로 - 교차로안,화물,남,62세,상해없음,승용,남,65세,경상
2021033000100178,2021년 3월 30일 10시,화요일,전라북도 익산시 남중동,경상사고,0,0,1,0,차대사람 - 차도통행중,안전운전불이행,건조,맑음,단일로 - 기타,승용,남,41세,상해없음,보행자,남,80세,경상
2021033000100179,2021년 3월 30일 10시,화요일,전라북도 남원시 송동면,경상사고,0,0,1,0,차대차 - 측면충돌,교차로운행방법위반,건조,맑음,교차로 - 교차로안,화물,남,58세,상해없음,화물,남,39세,경상
2021033000100212,2021년 3월 30일 11시,화요일,전라북도 군산시 경암동,경상사고,0,0,1,0,차대차 - 추돌,안전운전불이행,건조,맑음,교차로 - 교차로안,승용,여,55세,상해없음,승용,여,43세,경상
2021033000100213,2021년 3월 30일 11시,화요일,전라북도 군산시 수송동,경상사고,0,0,1,0,차대사람 - 기타,안전운전불이행,건조,맑음,단일로 - 기타,화물,남,48세,상해없음,보행자,여,59세,경상
2021033000100214,2021년 3월 30일 11시,화요일,전라북도 군산시 옥산면,중상사고,0,1,0,0,차대차 - 기타,안전운전불이행,건조,맑음,교차로 - 교차로안,승용,남,52세,상해없음,승용,여,55세,중상
2021033000100253,2021년 3월 30일 12시,화요일,전라북도 김제시 백구면,중상사고,0,1,0,0,차대차 - 측면충돌,신호위반,건조,맑음,교차로 - 교차로안,화물,남,57세,상해없음,승용,여,65세,중상
2021033000100309,2021년 3월 30일 14시,화요일,전라북도 임실군 성수면,사망사고,1,0,0,0,차량단독 - 도로외이탈 - 추락,안전운전불이행,건조,맑음,단일로 - 기타,사륜오토바이(ATV),남,79세,사망,,,,
2021033000100310,2021년 3월 30일 14시,화요일,전라북도 고창군 고수면,사망사고,1,2,0,0,차대차 - 기타,기타,건조,맑음,단일로 - 기타,승용,남,55세,중상,승용,여,30세,상해없음
2021033000100346,2021년 3월 30일 15시,화요일,전라북도 전주시 완산구 효자동2가,경상사고,0,0,1,0,차대사람 - 횡단중,보행자보호의무위반,건조,맑음,교차로 - 교차로횡단보도내,승용,여,58세,상해없음,보행자,남,23세,경상
2021033000100347,2021년 3월 30일 15시,화요일,전라북도 진안군 부귀면,중상사고,0,1,0,0,차대차 - 정면충돌,중앙선침범,건조,맑음,단일로 - 기타,화물,남,54세,기타불명,화물,기타불명,미분류,기타불명
2021033000100422,2021년 3월 30일 17시,화요일,전라북도 전주시 완산구 효자동1가,경상사고,0,0,1,0,차대사람 - 기타,안전운전불이행,건조,맑음,단일로 - 기타,이륜,남,58세,상해없음,보행자,여,74세,경상
2021033000100423,2021년 3월 30일 17시,화요일,전라북도 전주시 덕진구 진북동,경상사고,0,0,2,0,차대차 - 측면충돌,안전운전불이행,건조,맑음,교차로 - 교차로부근,승용,남,61세,상해없음,승용,남,41세,경상
2021033000100424,2021년 3월 30일 17시,화요일,전라북도 익산시 부송동,경상사고,0,0,1,0,차대사람 - 횡단중,보행자보호의무위반,건조,맑음,교차로 - 교차로횡단보도내,승용,남,27세,기타불명,보행자,여,65세,경상
2021033000100425,2021년 3월 30일 17시,화요일,전라북도 정읍시 칠보면,중상사고,0,1,0,0,차대차 - 측면충돌,안전운전불이행,건조,맑음,단일로 - 기타,자전거,남,15세,중상,승용,남,59세,상해없음
2021033000100479,2021년 3월 30일 18시,화요일,전라북도 익산시 창인동1가,중상사고,0,1,0,0,차대차 - 추돌,안전운전불이행,건조,맑음,교차로 - 교차로안,승용,남,28세,상해없음,원동기,남,40세,중상
2021033000100583,2021년 3월 30일 21시,화요일,전라북도 김제시 갈공동,중상사고,0,1,1,0,차대차 - 측면충돌,교차로운행방법위반,건조,맑음,교차로 - 교차로안,승용,남,64세,경상,승용,남,27세,중상
2021033100100010,2021년 3월 31일 00시,수요일,전라북도 전주시 완산구 중화산동2가,경상사고,0,0,2,0,차대차 - 측면충돌,신호위반,건조,맑음,교차로 - 교차로안,승용,남,50세,상해없음,승용,여,64세,경상
2021033100100060,2021년 3월 31일 07시,수요일,전라북도 전주시 완산구 효자동3가,중상사고,0,2,0,0,차대차 - 정면충돌,신호위반,건조,맑음,교차로 - 교차로안,화물,남,51세,상해없음,승용,여,39세,중상
2021033100100061,2021년 3월 31일 07시,수요일,전라북도 전주시 완산구 중화산동1가,경상사고,0,0,2,0,차대차 - 측면충돌,안전운전불이행,건조,맑음,교차로 - 교차로부근,승용,남,63세,상해없음,승용,남,26세,경상
2021033100100062,2021년 3월 31일 07시,수요일,전라북도 익산시 모현동1가,경상사고,0,0,1,0,차대차 - 측면충돌,기타,건조,맑음,교차로 - 교차로부근,승용,남,70세,상해없음,자전거,여,29세,경상
2021033100100063,2021년 3월 31일 07시,수요일,전라북도 정읍시 하북동,경상사고,0,0,1,0,차대차 - 측면충돌,불법유턴,건조,맑음,단일로 - 기타,승용,남,69세,상해없음,승용,남,28세,경상
2021033100100098,2021년 3월 31일 08시,수요일,전라북도 군산시 미룡동,경상사고,0,0,1,0,차대차 - 추돌,안전거리미확보,건조,맑음,단일로 - 기타,승용,여,35세,상해없음,승용,남,26세,경상
2021033100100099,2021년 3월 31일 08시,수요일,전라북도 김제시 하동,경상사고,0,0,1,0,차대차 - 측면충돌,안전운전불이행,건조,맑음,교차로 - 교차로안,승용,여,61세,상해없음,승용,여,39세,경상
2021033100100100,2021년 3월 31일 08시,수요일,전라북도 김제시 백구면,중상사고,0,2,2,0,차대차 - 추돌,안전운전불이행,건조,맑음,단일로 - 기타,승용,여,54세,상해없음,승합,남,53세,중상
2021033100100101,2021년 3월 31일 08시,수요일,전라북도 김제시 옥산동,경상사고,0,0,1,0,차대차 - 추돌,안전운전불이행,건조,맑음,단일로 - 기타,승용,남,47세,상해없음,승용,여,32세,경상
2021033100100130,2021년 3월 31일 09시,수요일,전라북도 군산시 옥산면,경상사고,0,0,4,0,차대차 - 측면충돌,신호위반,건조,맑음,교차로 - 교차로안,승용,남,68세,경상,승용,여,61세,경상
2021033100100131,2021년 3월 31일 09시,수요일,전라북도 군산시 금암동,경상사고,0,0,3,0,차대차 - 측면충돌,안전운전불이행,건조,맑음,교차로 - 교차로안,승용,남,59세,상해없음,승용,여,41세,경상
2021033100100154,2021년 3월 31일 10시,수요일,전라북도 김제시 청하면,경상사고,0,0,1,0,차대차 - 측면충돌,중앙선침범,건조,맑음,단일로 - 기타,화물,남,61세,상해없음,승합,남,63세,경상
2021033100100182,2021년 3월 31일 11시,수요일,전라북도 전주시 완산구 삼천동1가,경상사고,0,0,2,0,차대사람 - 횡단중,안전운전불이행,건조,맑음,교차로 - 교차로안,화물,남,41세,상해없음,보행자,여,29세,경상
2021033100100183,2021년 3월 31일 11시,수요일,전라북도 군산시 미장동,경상사고,0,0,1,0,차대차 - 후진중충돌,안전운전불이행,건조,맑음,교차로 - 교차로부근,승합,여,48세,상해없음,이륜,남,36세,경상
2021033100100217,2021년 3월 31일 12시,수요일,전라북도 익산시 임상동,경상사고,0,0,1,0,차대차 - 측면충돌,신호위반,건조,맑음,교차로 - 교차로안,승용,여,61세,상해없음,화물,남,50세,경상
2021033100100254,2021년 3월 31일 13시,수요일,전라북도 군산시 옥구읍,경상사고,0,0,6,0,차대차 - 기타,기타,건조,맑음,단일로 - 기타,화물,남,67세,상해없음,화물,남,63세,경상
2021033100100255,2021년 3월 31일 13시,수요일,전라북도 정읍시 시기동,중상사고,0,1,0,0,차대차 - 측면충돌,교차로운행방법위반,건조,맑음,교차로 - 교차로안,화물,남,48세,상해없음,자전거,남,60세,중상
2021033100100277,2021년 3월 31일 14시,수요일,전라북도 익산시 영등동,경상사고,0,0,1,0,차대차 - 측면충돌,안전운전불이행,건조,맑음,단일로 - 기타,승용,여,38세,상해없음,자전거,남,81세,경상
2021033100100278,2021년 3월 31일 14시,수요일,전라북도 김제시 검산동,경상사고,0,0,1,0,차대차 - 측면충돌,신호위반,건조,맑음,교차로 - 교차로안,승용,남,68세,상해없음,승용,남,45세,경상
2021033100100329,2021년 3월 31일 15시,수요일,전라북도 군산시 문화동,경상사고,0,0,1,0,차대차 - 기타,안전운전불이행,건조,맑음,교차로 - 교차로안,승합,여,27세,상해없음,자전거,남,59세,경상
2021033100100370,2021년 3월 31일 16시,수요일,전라북도 전주시 완산구 효자동2가,경상사고,0,0,1,0,차대차 - 측면충돌,안전운전불이행,건조,맑음,교차로 - 교차로안,승용,남,39세,상해없음,승용,여,28세,경상
2021033100100371,2021년 3월 31일 16시,수요일,전라북도 군산시 수송동,경상사고,0,0,5,0,차대차 - 기타,기타,건조,맑음,단일로 - 기타,승용,남,69세,상해없음,승용,남,28세,경상
2021033100100410,2021년 3월 31일 17시,수요일,전라북도 전주시 완산구 효자동3가,경상사고,0,0,1,0,차대차 - 측면충돌,안전거리미확보,건조,맑음,교차로 - 교차로부근,승용,여,58세,상해없음,승용,남,68세,경상
2021033100100411,2021년 3월 31일 17시,수요일,전라북도 군산시 경암동,경상사고,0,0,1,0,차대차 - 추돌,안전운전불이행,건조,맑음,단일로 - 기타,승용,여,45세,상해없음,승용,남,31세,경상
2021033100100412,2021년 3월 31일 17시,수요일,전라북도 군산시 오식도동,경상사고,0,0,2,0,차대차 - 정면충돌,안전운전불이행,건조,맑음,교차로 - 교차로안,승용,남,52세,경상,승용,남,37세,경상
2021033100100457,2021년 3월 31일 18시,수요일,전라북도 정읍시 산외면,경상사고,0,0,1,0,차대차 - 측면충돌,안전운전불이행,건조,맑음,교차로 - 교차로안,승용,여,60세,경상,화물,남,59세,상해없음
2021033100100508,2021년 3월 31일 19시,수요일,전라북도 전주시 완산구 효자동1가,경상사고,0,0,1,0,차대차 - 기타,중앙선침범,건조,맑음,단일로 - 기타,승용,남,78세,상해없음,승용,남,52세,경상
2021033100100509,2021년 3월 31일 19시,수요일,전라북도 군산시 수송동,경상사고,0,0,1,0,차대차 - 측면충돌,불법유턴,건조,맑음,단일로 - 기타,승용,남,31세,기타불명,이륜,남,37세,경상
2021033100100559,2021년 3월 31일 21시,수요일,전라북도 부안군 동진면,중상사고,0,1,0,0,차대차 - 추돌,기타,건조,맑음,단일로 - 기타,승용,여,27세,상해없음,자전거,남,51세,중상
2021033100100584,2021년 3월 31일 22시,수요일,전라북도 군산시 수송동,경상사고,0,0,1,0,차대차 - 측면충돌,안전운전불이행,건조,맑음,교차로 - 교차로횡단보도내,승용,남,69세,상해없음,승용,남,19세,경상
2021033100100585,2021년 3월 31일 22시,수요일,전라북도 군산시 수송동,경상사고,0,0,1,0,차대차 - 측면충돌,안전운전불이행,건조,맑음,단일로 - 기타,승용,여,56세,상해없음,승용,남,62세,경상
2021033100100608,2021년 3월 31일 23시,수요일,전라북도 전주시 덕진구 팔복동3가,경상사고,0,0,1,0,차대차 - 추돌,안전운전불이행,건조,맑음,교차로 - 교차로부근,승용,여,39세,상해없음,승용,남,24세,경상
2021040100100046,2021년 4월 1일 06시,목요일,전라북도 군산시 소룡동,경상사고,0,0,1,0,차대차 - 기타,신호위반,건조,맑음,교차로 - 교차로안,특수,남,54세,상해없음,승용,남,48세,경상
2021040100100059,2021년 4월 1일 07시,목요일,전라북도 군산시 수송동,경상사고,0,0,2,0,차대차 - 측면충돌,안전운전불이행,건조,맑음,교차로 - 교차로부근,승용,남,61세,상해없음,승용,남,46세,경상
2021040100100135,2021년 4월 1일 09시,목요일,전라북도 고창군 무장면,중상사고,0,3,3,0,차대차 - 측면충돌,신호위반,건조,맑음,교차로 - 교차로안,승용,여,66세,상해없음,승합,남,53세,상해없음
2021040100100160,2021년 4월 1일 10시,목요일,전라북도 익산시 부송동,경상사고,0,0,1,0,차대차 - 추돌,안전운전불이행,건조,맑음,교차로 - 교차로부근,승용,여,59세,상해없음,승용,여,45세,경상
2021040100100161,2021년 4월 1일 10시,목요일,전라북도 정읍시 시기동,중상사고,0,1,0,0,차대사람 - 차도통행중,안전운전불이행,건조,맑음,교차로 - 교차로안,화물,남,47세,상해없음,보행자,여,84세,중상
2021040100100162,2021년 4월 1일 10시,목요일,전라북도 임실군 임실읍,사망사고,1,0,0,0,차대사람 - 횡단중,안전운전불이행,건조,맑음,단일로 - 지하차도(도로)내,승용,여,58세,상해없음,보행자,여,84세,사망
2021040100100235,2021년 4월 1일 12시,목요일,전라북도 익산시 동산동,중상사고,0,1,0,0,차대차 - 측면충돌,신호위반,건조,맑음,교차로 - 교차로안,화물,여,62세,상해없음,원동기,남,61세,중상
2021040100100236,2021년 4월 1일 12시,목요일,전라북도 정읍시 내장동,경상사고,0,0,1,0,차대차 - 추돌,안전운전불이행,건조,맑음,단일로 - 기타,승용,남,31세,상해없음,승용,남,44세,상해없음
2021040100100274,2021년 4월 1일 13시,목요일,전라북도 전주시 덕진구 여의동,경상사고,0,0,1,0,차대차 - 측면충돌,안전운전불이행,건조,맑음,교차로 - 교차로부근,승용,여,42세,상해없음,승용,여,35세,경상
2021040100100275,2021년 4월 1일 13시,목요일,전라북도 익산시 팔봉동,중상사고,0,1,0,0,차대차 - 측면충돌,안전운전불이행,건조,맑음,단일로 - 기타,승용,여,62세,상해없음,이륜,남,77세,중상
2021040100100351,2021년 4월 1일 15시,목요일,전라북도 군산시 중앙로1가,중상사고,0,1,0,0,차대사람 - 보도통행중,보행자보호의무위반,건조,맑음,교차로 - 교차로안,승합,남,67세,상해없음,보행자,여,62세,중상
2021040100100352,2021년 4월 1일 15시,목요일,전라북도 완주군 봉동읍,경상사고,0,0,1,0,차대차 - 추돌,안전운전불이행,건조,맑음,교차로 - 교차로부근,화물,남,63세,상해없음,승용,남,57세,경상
2021040100100387,2021년 4월 1일 16시,목요일,전라북도 김제시 황산면,경상사고,0,0,1,0,차대차 - 측면충돌,안전운전불이행,건조,맑음,기타 - 기타,승합,남,68세,상해없음,승용,남,44세,경상
2021040100100435,2021년 4월 1일 17시,목요일,전라북도 익산시 팔봉동,경상사고,0,0,4,0,차대차 - 측면충돌,직진우회전진행방해,건조,맑음,교차로 - 교차로안,승용,남,74세,상해없음,승용,남,51세,경상
2021040100100479,2021년 4월 1일 18시,목요일,전라북도 전주시 완산구 효자동3가,중상사고,0,1,0,0,차대차 - 정면충돌,안전운전불이행,건조,맑음,교차로 - 교차로안,승용,여,49세,상해없음,자전거,남,14세,중상
2021040100100526,2021년 4월 1일 19시,목요일,전라북도 전주시 덕진구 금암동,중상사고,0,1,0,0,차대사람 - 기타,안전운전불이행,건조,맑음,단일로 - 기타,승합,남,59세,상해없음,보행자,여,77세,중상
2021040100100591,2021년 4월 1일 21시,목요일,전라북도 전주시 완산구 중노송동,경상사고,0,0,3,0,차대차 - 측면충돌,안전거리미확보,건조,맑음,단일로 - 기타,승용,남,39세,경상,승용,남,60세,경상
2021040100100592,2021년 4월 1일 21시,목요일,전라북도 익산시 영등동,경상사고,0,0,1,0,차대차 - 추돌,안전운전불이행,건조,맑음,교차로 - 교차로부근,승용,여,43세,상해없음,승용,남,55세,경상
2021040100100593,2021년 4월 1일 21시,목요일,전라북도 김제시 금구면,경상사고,0,0,1,0,차대차 - 측면충돌,안전거리미확보,건조,맑음,단일로 - 기타,승용,남,60세,상해없음,승용,여,37세,경상
2021040100100631,2021년 4월 1일 23시,목요일,전라북도 익산시 영등동,경상사고,0,0,1,0,차대차 - 추돌,안전운전불이행,건조,맑음,교차로 - 교차로부근,승용,남,48세,상해없음,승용,남,52세,상해없음
2021040200100036,2021년 4월 2일 05시,금요일,전라북도 군산시 장미동,중상사고,0,1,0,0,차대차 - 기타,안전운전불이행,젖음/습기,맑음,교차로 - 교차로부근,화물,남,69세,상해없음,이륜,남,74세,중상
2021040200100044,2021년 4월 2일 06시,금요일,전라북도 전주시 완산구 동서학동,경상사고,0,0,1,0,차대차 - 측면충돌,안전운전불이행,건조,맑음,단일로 - 기타,승용,남,68세,상해없음,화물,남,47세,경상
2021040200100045,2021년 4월 2일 06시,금요일,전라북도 전주시 덕진구 전미동2가,경상사고,0,0,1,0,차대차 - 추돌,안전운전불이행,건조,맑음,교차로 - 교차로부근,승합,남,46세,상해없음,승용,남,25세,경상
2021040200100046,2021년 4월 2일 06시,금요일,전라북도 익산시 함열읍,경상사고,0,0,1,0,차대차 - 측면충돌,안전운전불이행,건조,맑음,교차로 - 교차로안,화물,남,55세,상해없음,승용,남,39세,경상
2021040200100094,2021년 4월 2일 08시,금요일,전라북도 군산시 소룡동,경상사고,0,0,1,0,차대차 - 측면충돌,신호위반,건조,맑음,교차로 - 교차로안,승용,남,44세,상해없음,승용,여,37세,경상
2021040200100127,2021년 4월 2일 09시,금요일,전라북도 정읍시 쌍암동,사망사고,1,0,0,0,차량단독 - 도로외이탈 - 추락,안전운전불이행,건조,맑음,단일로 - 기타,이륜,남,79세,사망,,,,
2021040200100187,2021년 4월 2일 11시,금요일,전라북도 정읍시 농소동,중상사고,0,1,0,0,차대차 - 측면충돌,교차로운행방법위반,건조,맑음,교차로 - 교차로안,승용,여,41세,상해없음,이륜,남,75세,중상
2021040200100369,2021년 4월 2일 16시,금요일,전라북도 전주시 완산구 중화산동2가,중상사고,0,1,1,0,차대차 - 측면충돌,신호위반,건조,맑음,교차로 - 교차로안,승용,여,61세,상해없음,승용,여,62세,경상
2021040200100370,2021년 4월 2일 16시,금요일,전라북도 전주시 완산구 서신동,중상사고,0,1,0,0,차대사람 - 횡단중,보행자보호의무위반,건조,맑음,교차로 - 교차로횡단보도내,승용,여,31세,상해없음,보행자,남,8세,중상
2021040200100371,2021년 4월 2일 16시,금요일,전라북도 전주시 덕진구 송천동2가,경상사고,0,0,1,0,차대차 - 측면충돌,안전운전불이행,건조,맑음,교차로 - 교차로횡단보도내,자전거,남,8세,경상,승용,여,37세,상해없음
2021040200100372,2021년 4월 2일 16시,금요일,전라북도 익산시 모현동1가,중상사고,0,1,0,0,차대차 - 측면충돌,직진우회전진행방해,건조,맑음,교차로 - 교차로안,승용,남,22세,상해없음,이륜,남,36세,중상
2021040200100374,2021년 4월 2일 16시,금요일,전라북도 부안군 부안읍,경상사고,0,0,2,0,차대차 - 추돌,안전운전불이행,건조,맑음,교차로 - 교차로부근,화물,남,69세,상해없음,승용,남,45세,경상
2021040200100375,2021년 4월 2일 16시,금요일,전라북도 무주군 적상면,중상사고,0,1,1,0,차대차 - 측면충돌,안전운전불이행,건조,맑음,교차로 - 교차로안,원동기,남,62세,중상,승용,남,57세,경상
2021040200100467,2021년 4월 2일 18시,금요일,전라북도 부안군 동진면,경상사고,0,0,1,0,차대차 - 추돌,기타,건조,맑음,단일로 - 기타,승용,남,40세,상해없음,승합,남,53세,경상
2021040200100510,2021년 4월 2일 19시,금요일,전라북도 김제시 양전동,중상사고,0,1,0,0,차대사람 - 횡단중,안전운전불이행,건조,맑음,단일로 - 기타,승용,여,54세,상해없음,보행자,여,63세,중상
2021040200100511,2021년 4월 2일 19시,금요일,전라북도 남원시 도통동,중상사고,0,1,0,0,차대차 - 측면충돌,교차로운행방법위반,건조,맑음,교차로 - 교차로안,승용,여,34세,상해없음,개인형이동수단(PM),남,37세,중상
2021040200100588,2021년 4월 2일 21시,금요일,전라북도 익산시 영등동,경상사고,0,0,1,0,차대사람 - 차도통행중,안전운전불이행,건조,맑음,교차로 - 교차로안,이륜,남,64세,상해없음,보행자,남,33세,경상
2021040300100023,2021년 4월 3일 01시,토요일,전라북도 익산시 영등동,경상사고,0,0,5,0,차대차 - 측면충돌,신호위반,건조,맑음,교차로 - 교차로안,승용,남,26세,상해없음,승용,남,19세,경상
2021040300100063,2021년 4월 3일 07시,토요일,전라북도 군산시 소룡동,중상사고,0,1,0,0,차대차 - 측면충돌,안전운전불이행,건조,맑음,단일로 - 지하차도(도로)내,건설기계,남,58세,상해없음,승용,여,54세,중상
2021040300100074,2021년 4월 3일 08시,토요일,전라북도 남원시 왕정동,중상사고,0,1,0,0,차대사람 - 횡단중,안전운전불이행,건조,맑음,교차로 - 교차로부근,화물,남,56세,상해없음,보행자,여,55세,중상
2021040300100113,2021년 4월 3일 10시,토요일,전라북도 군산시 회현면,경상사고,0,0,1,0,차대사람 - 길가장자리구역통행중,안전운전불이행,젖음/습기,비,단일로 - 기타,승용,남,75세,상해없음,보행자,남,67세,경상
2021040300100145,2021년 4월 3일 11시,토요일,전라북도 전주시 덕진구 인후동1가,경상사고,0,0,1,0,차대사람 - 기타,안전운전불이행,젖음/습기,비,교차로 - 교차로안,승용,남,65세,상해없음,보행자,남,47세,경상
2021040300100186,2021년 4월 3일 12시,토요일,전라북도 전주시 덕진구 덕진동2가,경상사고,0,0,2,0,차대차 - 측면충돌,안전거리미확보,젖음/습기,비,교차로 - 교차로부근,승용,남,51세,상해없음,승용,여,60세,경상
2021040300100187,2021년 4월 3일 12시,토요일,전라북도 정읍시 쌍암동,경상사고,0,0,1,0,차대차 - 측면충돌,직진우회전진행방해,젖음/습기,맑음,교차로 - 교차로안,승용,여,48세,상해없음,승용,여,46세,경상
2021040300100236,2021년 4월 3일 13시,토요일,전라북도 익산시 부송동,중상사고,0,1,0,0,차대차 - 후진중충돌,안전운전불이행,젖음/습기,비,교차로 - 교차로안,승용,남,50세,상해없음,자전거,남,83세,중상
2021040300100237,2021년 4월 3일 13시,토요일,전라북도 익산시 창인동1가,경상사고,0,0,1,0,차대차 - 측면충돌,신호위반,젖음/습기,비,교차로 - 교차로안,승용,여,49세,상해없음,승용,여,41세,경상
2021040300100306,2021년 4월 3일 15시,토요일,전라북도 순창군 유등면,경상사고,0,0,1,0,차량단독 - 공작물충돌,안전운전불이행,젖음/습기,비,단일로 - 기타,화물,남,63세,경상,,,,
2021040300100339,2021년 4월 3일 16시,토요일,전라북도 전주시 완산구 효자동2가,경상사고,0,0,1,0,차대사람 - 차도통행중,안전운전불이행,젖음/습기,흐림,단일로 - 기타,승용,남,56세,상해없음,보행자,남,40세,경상
2021040300100340,2021년 4월 3일 16시,토요일,전라북도 전주시 완산구 서신동,경상사고,0,0,1,0,차대차 - 기타,신호위반,건조,맑음,교차로 - 교차로안,승용,남,51세,상해없음,승용,남,35세,경상
2021040300100341,2021년 4월 3일 16시,토요일,전라북도 군산시 삼학동,경상사고,0,0,2,0,차대차 - 측면충돌,안전운전불이행,젖음/습기,비,교차로 - 교차로안,승용,여,48세,경상,승용,여,66세,경상
2021040300100380,2021년 4월 3일 17시,토요일,전라북도 군산시 소룡동,중상사고,0,1,1,0,차대차 - 측면충돌,신호위반,젖음/습기,비,교차로 - 교차로안,승용,남,23세,상해없음,승용,여,56세,중상
2021040300100450,2021년 4월 3일 19시,토요일,전라북도 군산시 지곡동,경상사고,0,0,1,0,차대차 - 측면충돌,안전운전불이행,젖음/습기,비,교차로 - 교차로횡단보도내,이륜,남,20세,상해없음,자전거,남,69세,경상
2021040300100451,2021년 4월 3일 19시,토요일,전라북도 군산시 경장동,중상사고,0,1,1,0,차대사람 - 횡단중,신호위반,젖음/습기,비,교차로 - 교차로안,이륜,남,57세,경상,보행자,남,58세,중상
2021040300100452,2021년 4월 3일 19시,토요일,전라북도 정읍시 상동,중상사고,0,1,0,0,차대사람 - 횡단중,보행자보호의무위반,젖음/습기,비,교차로 - 교차로횡단보도내,승용,여,47세,상해없음,보행자,여,72세,중상
2021040300100536,2021년 4월 3일 21시,토요일,전라북도 전주시 덕진구 인후동2가,중상사고,0,1,0,0,차대사람 - 횡단중,신호위반,젖음/습기,비,교차로 - 교차로횡단보도내,이륜,남,25세,상해없음,보행자,여,66세,중상
2021040300100537,2021년 4월 3일 21시,토요일,전라북도 군산시 오식도동,경상사고,0,0,1,0,차대차 - 추돌,안전운전불이행,젖음/습기,비,교차로 - 교차로부근,승용,남,37세,상해없음,승용,남,65세,경상
2021040300100588,2021년 4월 3일 22시,토요일,전라북도 전주시 완산구 평화동2가,중상사고,0,1,0,0,차대사람 - 횡단중,보행자보호의무위반,젖음/습기,비,교차로 - 교차로안,승용,여,49세,상해없음,보행자,여,61세,중상
2021040300100589,2021년 4월 3일 22시,토요일,전라북도 익산시 영등동,경상사고,0,0,1,0,차대차 - 측면충돌,차로위반,젖음/습기,비,교차로 - 교차로안,승용,여,49세,상해없음,승용,남,31세,경상
2021040400100074,2021년 4월 4일 09시,일요일,전라북도 고창군 아산면,경상사고,0,0,1,0,차대차 - 정면충돌,신호위반,젖음/습기,비,교차로 - 교차로안,승합,남,57세,상해없음,화물,남,65세,경상
2021040400100094,2021년 4월 4일 10시,일요일,전라북도 임실군 강진면,경상사고,0,0,1,0,차대차 - 측면충돌,신호위반,건조,맑음,교차로 - 교차로안,승용,남,53세,상해없음,승용,여,58세,경상