사고번호,사고일시,요일,시군구,사고내용,사망자수,중상자수,경상자수,부상신고자수,사고유형,법규위반,노면상태,기상상태,도로형태,가해운전자 차종,가해운전자 성별,가해운전자 연령,가해운전자 상해정도,피해운전자 차종,피해운전자 성별,피해운전자 연령,피해운전자 상해정도
2021042600100176,2021년 4월 26일 10시,월요일,전라북도 전주시 덕진구 금암동,중상사고,0,1,0,0,차대사람 - 횡단중,보행자보호의무위반,건조,맑음,교차로 - 교차로안,승합,남,58세,상해없음,보행자,여,76세,중상
2021042600100177,2021년 4월 26일 10시,월요일,전라북도 김제시 요촌동,중상사고,0,1,0,0,차대사람 - 기타,안전운전불이행,건조,맑음,교차로 - 교차로부근,승용,여,56세,상해없음,보행자,여,75세,중상
2021042600100233,2021년 4월 26일 12시,월요일,전라북도 전주시 완산구 평화동3가,경상사고,0,0,3,0,차대차 - 기타,기타,건조,맑음,기타 - 기타,화물,남,56세,상해없음,승용,여,35세,경상
2021042600100234,2021년 4월 26일 12시,월요일,전라북도 전주시 덕진구 덕진동1가,중상사고,0,1,0,0,차대차 - 측면충돌,중앙선침범,건조,맑음,단일로 - 기타,승합,남,66세,상해없음,원동기,남,67세,중상
2021042600100275,2021년 4월 26일 13시,월요일,전라북도 순창군 순창읍,중상사고,0,1,0,0,차대차 - 측면충돌,안전운전불이행,건조,맑음,단일로 - 기타,화물,남,46세,상해없음,사륜오토바이(ATV),남,59세,중상
2021042600100348,2021년 4월 26일 15시,월요일,전라북도 고창군 심원면,중상사고,0,1,0,0,차대차 - 측면충돌,교차로운행방법위반,건조,맑음,교차로 - 교차로안,승용,여,60세,상해없음,이륜,남,53세,중상
2021042600100349,2021년 4월 26일 15시,월요일,전라북도 순창군 적성면,부상신고사고,0,0,0,1,차대차 - 측면충돌,직진우회전진행방해,건조,맑음,교차로 - 교차로안,이륜,여,79세,부상신고,승용,여,53세,상해없음
2021042600100393,2021년 4월 26일 16시,월요일,전라북도 전주시 덕진구 전미동2가,경상사고,0,0,1,0,차대차 - 측면충돌,중앙선침범,건조,맑음,단일로 - 기타,승용,남,58세,상해없음,화물,남,61세,경상
2021042600100394,2021년 4월 26일 16시,월요일,전라북도 군산시 옥구읍,중상사고,0,4,3,0,차대차 - 정면충돌,직진우회전진행방해,건조,맑음,단일로 - 지하차도(도로)내,화물,남,65세,상해없음,승합,여,66세,경상
2021042600100441,2021년 4월 26일 17시,월요일,전라북도 전주시 덕진구 반월동,경상사고,0,0,2,0,차대차 - 기타,안전운전불이행,건조,맑음,교차로 - 교차로부근,승합,남,57세,경상,승용,남,59세,상해없음
2021042600100442,2021년 4월 26일 17시,월요일,전라북도 정읍시 신태인읍,사망사고,1,0,0,0,차대차 - 추돌,안전운전불이행,건조,맑음,교차로 - 교차로안,승용,여,69세,상해없음,이륜,남,67세,사망
2021042600100481,2021년 4월 26일 18시,월요일,전라북도 전주시 덕진구 진북동,중상사고,0,1,0,0,차대사람 - 횡단중,보행자보호의무위반,건조,맑음,교차로 - 교차로횡단보도내,승용,남,59세,상해없음,보행자,여,57세,중상
2021042600100520,2021년 4월 26일 19시,월요일,전라북도 무주군 안성면,부상신고사고,0,0,0,1,차대차 - 추돌,안전운전불이행,건조,맑음,단일로 - 지하차도(도로)내,승용,남,50세,상해없음,승용,남,83세,부상신고
2021042600100576,2021년 4월 26일 21시,월요일,전라북도 전주시 완산구 중화산동2가,경상사고,0,0,2,0,차대차 - 기타,안전운전불이행,건조,맑음,단일로 - 기타,승용,남,60세,상해없음,승용,여,22세,경상
2021042700100006,2021년 4월 27일 00시,화요일,전라북도 군산시 소룡동,경상사고,0,0,1,0,차대차 - 기타,직진우회전진행방해,기타,맑음,교차로 - 교차로안,승용,남,27세,상해없음,승용,여,41세,경상
2021042700100048,2021년 4월 27일 07시,화요일,전라북도 완주군 상관면,경상사고,0,0,1,0,차대차 - 추돌,안전거리미확보,건조,맑음,단일로 - 기타,화물,남,61세,상해없음,승용,남,40세,상해없음
2021042700100077,2021년 4월 27일 08시,화요일,전라북도 군산시 수송동,경상사고,0,0,1,0,차대사람 - 횡단중,보행자보호의무위반,건조,맑음,교차로 - 교차로횡단보도내,승용,남,50세,상해없음,보행자,여,73세,경상
2021042700100078,2021년 4월 27일 08시,화요일,전라북도 순창군 순창읍,경상사고,0,0,1,0,차대차 - 측면충돌,안전운전불이행,건조,맑음,교차로 - 교차로안,승용,여,37세,상해없음,자전거,여,42세,경상
2021042700100170,2021년 4월 27일 11시,화요일,전라북도 남원시 노암동,경상사고,0,0,1,0,차대차 - 기타,안전운전불이행,건조,맑음,단일로 - 기타,화물,남,52세,상해없음,자전거,남,75세,경상
2021042700100207,2021년 4월 27일 12시,화요일,전라북도 익산시 남중동,경상사고,0,0,1,0,차대차 - 측면충돌,교차로운행방법위반,건조,맑음,교차로 - 교차로안,승용,여,60세,상해없음,승용,남,34세,경상
2021042700100335,2021년 4월 27일 16시,화요일,전라북도 익산시 송학동,경상사고,0,0,1,0,차대차 - 측면충돌,교차로운행방법위반,건조,맑음,교차로 - 교차로안,승용,여,51세,상해없음,화물,남,54세,경상
2021042700100429,2021년 4월 27일 18시,화요일,전라북도 익산시 오산면,경상사고,0,0,1,0,차대차 - 추돌,안전운전불이행,건조,맑음,단일로 - 기타,승용,여,24세,상해없음,승용,남,39세,경상
2021042700100430,2021년 4월 27일 18시,화요일,전라북도 무주군 무주읍,경상사고,0,0,1,0,차대차 - 측면충돌,신호위반,건조,맑음,교차로 - 교차로안,승용,여,56세,상해없음,승용,남,45세,경상
2021042700100466,2021년 4월 27일 19시,화요일,전라북도 전주시 덕진구 만성동,경상사고,0,0,3,0,차대차 - 측면충돌,신호위반,건조,맑음,교차로 - 교차로안,승용,여,56세,경상,승용,여,48세,경상
2021042700100467,2021년 4월 27일 19시,화요일,전라북도 완주군 상관면,중상사고,0,1,0,0,차대사람 - 횡단중,안전운전불이행,건조,맑음,교차로 - 교차로안,특수,남,54세,상해없음,보행자,여,78세,중상
2021042700100504,2021년 4월 27일 20시,화요일,전라북도 남원시 향교동,경상사고,0,0,1,0,차대차 - 측면충돌,안전운전불이행,건조,맑음,교차로 - 교차로안,승용,남,22세,상해없음,이륜,남,51세,경상
2021042700100586,2021년 4월 27일 23시,화요일,전라북도 김제시 검산동,경상사고,0,0,1,0,차대차 - 추돌,안전운전불이행,건조,맑음,단일로 - 기타,승합,남,55세,상해없음,승용,여,37세,경상
2021042800100062,2021년 4월 28일 07시,수요일,전라북도 전주시 완산구 효자동1가,경상사고,0,0,1,0,차대차 - 기타,안전운전불이행,건조,맑음,교차로 - 교차로안,이륜,남,26세,상해없음,승용,여,38세,상해없음
2021042800100063,2021년 4월 28일 07시,수요일,전라북도 전주시 완산구 효자동1가,경상사고,0,0,1,0,차대차 - 기타,신호위반,건조,맑음,교차로 - 교차로안,승용,남,78세,상해없음,승용,남,40세,경상
2021042800100100,2021년 4월 28일 08시,수요일,전라북도 군산시 나운동,경상사고,0,0,1,0,차대차 - 측면충돌,안전운전불이행,건조,맑음,단일로 - 기타,자전거,남,68세,경상,승용,남,69세,상해없음
2021042800100101,2021년 4월 28일 08시,수요일,전라북도 군산시 옥산면,경상사고,0,0,1,0,차대차 - 측면충돌,신호위반,건조,맑음,교차로 - 교차로안,화물,남,54세,상해없음,화물,남,59세,경상
2021042800100162,2021년 4월 28일 10시,수요일,전라북도 전주시 덕진구 인후동1가,경상사고,0,0,1,0,차대차 - 측면충돌,중앙선침범,건조,맑음,단일로 - 기타,승용,여,42세,경상,승용,남,57세,상해없음
2021042800100163,2021년 4월 28일 10시,수요일,전라북도 남원시 향교동,경상사고,0,0,1,0,차대차 - 추돌,안전운전불이행,기타,맑음,교차로 - 교차로부근,승합,남,66세,상해없음,승용,남,46세,경상
2021042800100185,2021년 4월 28일 11시,수요일,전라북도 고창군 고창읍,경상사고,0,0,1,0,차대사람 - 길가장자리구역통행중,안전운전불이행,건조,맑음,단일로 - 교량,승용,남,78세,상해없음,보행자,여,64세,경상
2021042800100208,2021년 4월 28일 12시,수요일,전라북도 군산시 임피면,경상사고,0,0,1,0,차대사람 - 기타,안전운전불이행,건조,맑음,단일로 - 기타,승용,남,26세,기타불명,보행자,남,23세,경상
2021042800100209,2021년 4월 28일 12시,수요일,전라북도 무주군 무주읍,중상사고,0,2,1,0,차대차 - 측면충돌,직진우회전진행방해,건조,맑음,교차로 - 교차로안,승용,여,42세,경상,화물,남,71세,중상
2021042800100247,2021년 4월 28일 13시,수요일,전라북도 전주시 완산구 효자동1가,경상사고,0,0,2,0,차대차 - 측면충돌,신호위반,건조,맑음,교차로 - 교차로부근,승용,남,55세,상해없음,승용,남,30세,경상
2021042800100248,2021년 4월 28일 13시,수요일,전라북도 익산시 남중동,경상사고,0,0,1,0,차대차 - 추돌,안전운전불이행,건조,맑음,단일로 - 기타,승용,여,62세,상해없음,승용,여,35세,경상
2021042800100249,2021년 4월 28일 13시,수요일,전라북도 김제시 검산동,경상사고,0,0,1,0,차대차 - 추돌,안전운전불이행,건조,맑음,교차로 - 교차로부근,화물,남,63세,상해없음,승용,남,47세,경상
2021042800100306,2021년 4월 28일 15시,수요일,전라북도 군산시 수송동,경상사고,0,0,1,0,차대차 - 후진중충돌,안전운전불이행,건조,맑음,교차로 - 교차로안,승용,남,55세,상해없음,승용,남,38세,경상
2021042800100307,2021년 4월 28일 15시,수요일,전라북도 군산시 서흥남동,경상사고,0,0,2,0,차대차 - 측면충돌,안전운전불이행,건조,맑음,교차로 - 교차로안,승용,남,55세,상해없음,화물,남,58세,경상
2021042800100337,2021년 4월 28일 16시,수요일,전라북도 전주시 완산구 효자동3가,중상사고,0,1,4,0,차대차 - 측면충돌,안전운전불이행,건조,맑음,교차로 - 교차로안,승용,여,55세,상해없음,승합,남,61세,경상
2021042800100338,2021년 4월 28일 16시,수요일,전라북도 완주군 봉동읍,중상사고,0,2,1,0,차대차 - 추돌,신호위반,건조,맑음,교차로 - 교차로부근,승용,여,40세,상해없음,승용,남,40세,중상
2021042800100459,2021년 4월 28일 19시,수요일,전라북도 군산시 구암동,중상사고,0,3,0,0,차대차 - 측면충돌,직진우회전진행방해,건조,맑음,교차로 - 교차로안,승용,남,59세,중상,승용,남,44세,중상
2021042800100488,2021년 4월 28일 20시,수요일,전라북도 고창군 성내면,사망사고,1,0,0,0,차대사람 - 횡단중,안전운전불이행,건조,맑음,교차로 - 교차로안,승용,남,29세,상해없음,보행자,여,68세,사망
2021042800100517,2021년 4월 28일 21시,수요일,전라북도 전주시 덕진구 진북동,사망사고,1,0,3,0,차대차 - 측면충돌,신호위반,건조,맑음,교차로 - 교차로안,이륜,남,43세,사망,승용,여,33세,경상
2021042800100518,2021년 4월 28일 21시,수요일,전라북도 전주시 덕진구 도도동,중상사고,0,1,0,0,차대차 - 추돌,안전운전불이행,건조,흐림,단일로 - 기타,승용,남,22세,상해없음,승용,여,35세,중상
2021042800100572,2021년 4월 28일 23시,수요일,전라북도 군산시 조촌동,경상사고,0,0,1,0,차대차 - 측면충돌,직진우회전진행방해,건조,맑음,교차로 - 교차로안,승용,여,65세,상해없음,승용,남,50세,경상
2021042900100009,2021년 4월 29일 00시,목요일,전라북도 진안군 진안읍,경상사고,0,0,1,0,차량단독 - 공작물충돌,안전운전불이행,건조,흐림,교차로 - 교차로부근,승용,남,24세,경상,,,,
2021042900100018,2021년 4월 29일 01시,목요일,전라북도 익산시 영등동,경상사고,0,0,1,0,차대차 - 측면충돌,교차로운행방법위반,건조,맑음,교차로 - 교차로안,승용,남,26세,상해없음,승용,남,27세,경상
2021042900100044,2021년 4월 29일 06시,목요일,전라북도 군산시 오식도동,중상사고,0,1,0,1,차대차 - 측면충돌,기타,건조,맑음,교차로 - 교차로안,승용,남,39세,부상신고,특수,남,44세,중상
2021042900100096,2021년 4월 29일 08시,목요일,전라북도 전주시 완산구 효자동2가,경상사고,0,0,1,0,차대차 - 측면충돌,신호위반,건조,맑음,교차로 - 교차로안,승용,남,20세,상해없음,승용,남,33세,경상
2021042900100097,2021년 4월 29일 08시,목요일,전라북도 익산시 금강동,경상사고,0,0,1,0,차대차 - 측면충돌,안전운전불이행,건조,맑음,단일로 - 기타,승용,남,67세,상해없음,승용,남,35세,경상
2021042900100098,2021년 4월 29일 08시,목요일,전라북도 정읍시 구룡동,중상사고,0,1,0,0,차대차 - 측면충돌,직진우회전진행방해,건조,맑음,교차로 - 교차로안,승용,여,22세,상해없음,이륜,여,71세,중상
2021042900100148,2021년 4월 29일 10시,목요일,전라북도 남원시 인월면,경상사고,0,0,1,0,차대차 - 측면충돌,신호위반,건조,맑음,교차로 - 교차로안,승용,남,67세,상해없음,승용,여,42세,경상
2021042900100149,2021년 4월 29일 10시,목요일,전라북도 완주군 삼례읍,경상사고,0,0,1,0,차대차 - 측면충돌,교차로운행방법위반,건조,맑음,교차로 - 교차로안,건설기계,남,61세,상해없음,승용,남,48세,경상
2021042900100291,2021년 4월 29일 14시,목요일,전라북도 군산시 나운동,경상사고,0,0,1,0,차대사람 - 보도통행중,기타,건조,맑음,기타 - 기타,개인형이동수단(PM),남,18세,상해없음,보행자,여,52세,경상
2021042900100322,2021년 4월 29일 15시,목요일,전라북도 전주시 덕진구 팔복동3가,중상사고,0,1,3,0,차대차 - 추돌,안전운전불이행,건조,맑음,단일로 - 기타,승용,남,67세,상해없음,승용,여,37세,중상
2021042900100323,2021년 4월 29일 15시,목요일,전라북도 익산시 영등동,경상사고,0,0,1,0,차대사람 - 횡단중,보행자보호의무위반,건조,맑음,교차로 - 교차로횡단보도내,화물,남,54세,상해없음,보행자,남,31세,경상
2021042900100471,2021년 4월 29일 18시,목요일,전라북도 전주시 완산구 남노송동,경상사고,0,0,1,0,차대차 - 측면충돌,불법유턴,건조,맑음,단일로 - 기타,승용,남,32세,상해없음,자전거,남,64세,경상
2021042900100472,2021년 4월 29일 18시,목요일,전라북도 전주시 완산구 중화산동2가,경상사고,0,0,1,0,차대사람 - 횡단중,신호위반,건조,맑음,단일로 - 기타,화물,남,66세,상해없음,보행자,남,12세,경상
2021042900100473,2021년 4월 29일 18시,목요일,전라북도 익산시 마동,경상사고,0,0,2,0,차대차 - 추돌,안전운전불이행,건조,맑음,교차로 - 교차로부근,승용,남,29세,상해없음,승용,남,30세,경상
2021042900100540,2021년 4월 29일 20시,목요일,전라북도 전주시 완산구 효자동2가,경상사고,0,0,1,0,차대사람 - 횡단중,보행자보호의무위반,건조,맑음,교차로 - 교차로횡단보도내,승용,남,35세,상해없음,보행자,여,29세,경상
2021042900100541,2021년 4월 29일 20시,목요일,전라북도 전주시 덕진구 우아동3가,경상사고,0,0,1,0,차대차 - 측면충돌,차로위반,건조,맑음,단일로 - 기타,승용,여,50세,상해없음,승용,여,24세,경상
2021042900100604,2021년 4월 29일 22시,목요일,전라북도 전주시 완산구 효자동1가,경상사고,0,0,1,0,차대사람 - 보도통행중,기타,건조,맑음,단일로 - 기타,기타불명,기타불명,미분류,기타불명,보행자,남,18세,경상
2021042900100635,2021년 4월 29일 23시,목요일,전라북도 전주시 완산구 삼천동1가,중상사고,0,1,0,0,차대사람 - 횡단중,안전운전불이행,젖음/습기,비,단일로 - 기타,승용,여,26세,상해없음,보행자,남,40세,중상
2021043000100038,2021년 4월 30일 05시,금요일,전라북도 익산시 동산동,중상사고,0,1,0,0,차대사람 - 차도통행중,안전운전불이행,건조,맑음,교차로 - 교차로안,승용,남,70세,상해없음,보행자,남,73세,중상
2021043000100100,2021년 4월 30일 08시,금요일,전라북도 전주시 덕진구 팔복동3가,경상사고,0,0,1,0,차대차 - 기타,안전운전불이행,건조,맑음,단일로 - 기타,승용,남,51세,상해없음,승용,여,54세,경상
2021043000100101,2021년 4월 30일 08시,금요일,전라북도 군산시 대명동,경상사고,0,0,1,0,차대차 - 측면충돌,안전운전불이행,건조,맑음,교차로 - 교차로안,승용,남,73세,상해없음,자전거,남,70세,경상
2021043000100135,2021년 4월 30일 09시,금요일,전라북도 완주군 삼례읍,경상사고,0,0,3,0,차대차 - 추돌,안전운전불이행,건조,맑음,단일로 - 기타,승용,남,55세,상해없음,승용,여,43세,경상
2021043000100168,2021년 4월 30일 10시,금요일,전라북도 전주시 덕진구 팔복동2가,경상사고,0,0,1,0,차대차 - 측면충돌,차로위반,건조,맑음,단일로 - 기타,승용,여,51세,상해없음,승용,여,37세,경상
2021043000100196,2021년 4월 30일 11시,금요일,전라북도 부안군 부안읍,경상사고,0,0,2,0,차대차 - 측면충돌,안전운전불이행,건조,맑음,교차로 - 교차로안,승용,여,56세,상해없음,화물,남,57세,경상
2021043000100309,2021년 4월 30일 14시,금요일,전라북도 전주시 덕진구 송천동1가,경상사고,0,0,1,0,차대사람 - 횡단중,신호위반,건조,맑음,교차로 - 교차로횡단보도내,승용,남,70세,상해없음,보행자,여,28세,경상
2021043000100310,2021년 4월 30일 14시,금요일,전라북도 군산시 소룡동,경상사고,0,0,1,0,차대차 - 측면충돌,안전거리미확보,건조,맑음,단일로 - 기타,화물,남,66세,상해없음,승용,여,66세,경상
2021043000100311,2021년 4월 30일 14시,금요일,전라북도 익산시 금마면,중상사고,0,1,0,0,차대차 - 후진중충돌,안전운전불이행,건조,맑음,단일로 - 기타,승용,여,54세,상해없음,원동기,남,79세,중상
2021043000100383,2021년 4월 30일 16시,금요일,전라북도 전주시 덕진구 인후동2가,경상사고,0,0,1,0,차대차 - 측면충돌,안전운전불이행,건조,맑음,단일로 - 기타,승용,남,82세,상해없음,이륜,남,76세,경상
2021043000100384,2021년 4월 30일 16시,금요일,전라북도 전주시 덕진구 여의동2가,경상사고,0,0,1,0,차대차 - 측면충돌,신호위반,건조,맑음,교차로 - 교차로안,이륜,남,72세,상해없음,승용,남,32세,경상
2021043000100385,2021년 4월 30일 16시,금요일,전라북도 군산시 나운동,경상사고,0,0,1,0,차대차 - 측면충돌,신호위반,건조,맑음,교차로 - 교차로부근,승용,남,34세,상해없음,승용,여,62세,경상
2021043000100438,2021년 4월 30일 17시,금요일,전라북도 전주시 완산구 중화산동2가,경상사고,0,0,1,0,차대차 - 기타,안전운전불이행,건조,맑음,교차로 - 교차로안,승용,남,78세,상해없음,승용,남,44세,경상
2021043000100439,2021년 4월 30일 17시,금요일,전라북도 정읍시 수성동,경상사고,0,0,1,0,차대사람 - 기타,안전운전불이행,건조,맑음,교차로 - 교차로부근,승용,여,43세,상해없음,보행자,남,64세,경상
2021043000100495,2021년 4월 30일 18시,금요일,전라북도 전주시 완산구 중화산동2가,경상사고,0,0,2,0,차대차 - 추돌,안전운전불이행,건조,맑음,단일로 - 기타,승용,남,63세,상해없음,승용,남,68세,경상
2021043000100496,2021년 4월 30일 18시,금요일,전라북도 전주시 완산구 중화산동2가,경상사고,0,0,4,0,차대차 - 측면충돌,안전거리미확보,건조,맑음,기타 - 기타,승용,남,26세,상해없음,승합,남,58세,경상
2021043000100542,2021년 4월 30일 19시,금요일,전라북도 군산시 수송동,경상사고,0,0,1,0,차대차 - 추돌,안전거리미확보,건조,맑음,단일로 - 기타,이륜,남,54세,경상,승용,남,23세,상해없음
2021043000100627,2021년 4월 30일 21시,금요일,전라북도 남원시 향교동,경상사고,0,0,1,0,차대사람 - 횡단중,안전운전불이행,기타,흐림,교차로 - 교차로횡단보도내,이륜,남,49세,상해없음,보행자,남,52세,경상
2021043000100665,2021년 4월 30일 22시,금요일,전라북도 정읍시 수성동,경상사고,0,0,1,0,차대사람 - 보도통행중,보행자보호의무위반,젖음/습기,비,교차로 - 교차로안,승합,남,28세,상해없음,보행자,남,9세,경상
2021050100100032,2021년 5월 1일 02시,토요일,전라북도 익산시 왕궁면,경상사고,0,0,3,0,차대차 - 측면충돌,신호위반,건조,흐림,단일로 - 기타,승용,남,37세,상해없음,승용,남,37세,경상
2021050100100068,2021년 5월 1일 07시,토요일,전라북도 군산시 미룡동,경상사고,0,0,2,0,차대차 - 추돌,안전운전불이행,건조,맑음,교차로 - 교차로안,승용,남,34세,상해없음,승용,남,67세,경상
2021050100100084,2021년 5월 1일 08시,토요일,전라북도 남원시 신촌동,경상사고,0,0,1,0,차대차 - 정면충돌,중앙선침범,젖음/습기,비,단일로 - 기타,승용,남,70세,상해없음,승용,여,53세,경상
2021050100100125,2021년 5월 1일 10시,토요일,전라북도 전주시 덕진구 팔복동2가,경상사고,0,0,3,0,차대차 - 측면충돌,안전운전불이행,젖음/습기,비,교차로 - 교차로안,승용,여,64세,경상,승용,남,28세,경상
2021050100100152,2021년 5월 1일 11시,토요일,전라북도 군산시 장미동,경상사고,0,0,5,0,차대차 - 기타,안전운전불이행,건조,흐림,교차로 - 교차로안,승용,남,78세,상해없음,승용,남,59세,경상
2021050100100221,2021년 5월 1일 13시,토요일,전라북도 김제시 서암동,경상사고,0,0,1,0,차대차 - 측면충돌,안전운전불이행,건조,맑음,교차로 - 교차로안,승용,여,37세,상해없음,화물,남,46세,경상
2021050100100372,2021년 5월 1일 17시,토요일,전라북도 정읍시 하북동,경상사고,0,0,2,0,차대차 - 추돌,안전운전불이행,건조,맑음,단일로 - 기타,승용,남,39세,상해없음,승용,남,43세,경상
2021050100100406,2021년 5월 1일 18시,토요일,전라북도 익산시 신동,중상사고,0,1,1,0,차대차 - 측면충돌,신호위반,건조,맑음,교차로 - 교차로안,승용,남,68세,상해없음,승합,남,56세,상해없음
2021050100100472,2021년 5월 1일 20시,토요일,전라북도 전주시 완산구 서신동,경상사고,0,0,1,0,차대차 - 정면충돌,중앙선침범,건조,맑음,교차로 - 교차로안,승용,여,50세,상해없음,이륜,남,26세,경상
2021050100100501,2021년 5월 1일 21시,토요일,전라북도 전주시 덕진구 인후동1가,경상사고,0,0,1,0,차대차 - 측면충돌,직진우회전진행방해,건조,맑음,교차로 - 교차로안,승용,남,40세,기타불명,승용,남,25세,경상
2021050100100502,2021년 5월 1일 21시,토요일,전라북도 익산시 영등동,경상사고,0,0,1,0,차대차 - 측면충돌,안전운전불이행,건조,맑음,교차로 - 교차로부근,승용,남,40세,상해없음,자전거,남,57세,경상
2021050100100527,2021년 5월 1일 22시,토요일,전라북도 익산시 동산동,중상사고,0,1,1,0,차대사람 - 차도통행중,안전운전불이행,건조,맑음,교차로 - 교차로부근,승용,여,25세,상해없음,보행자,남,58세,중상
2021050200100079,2021년 5월 2일 09시,일요일,전라북도 전주시 덕진구 우아동3가,경상사고,0,0,1,0,차대차 - 추돌,안전운전불이행,건조,맑음,교차로 - 교차로부근,승용,남,15세,상해없음,화물,남,59세,경상
2021050200100103,2021년 5월 2일 10시,일요일,전라북도 군산시 미장동,경상사고,0,0,2,0,차대차 - 측면충돌,신호위반,건조,맑음,교차로 - 교차로안,승용,여,46세,상해없음,승용,남,35세,경상
2021050200100131,2021년 5월 2일 11시,일요일,전라북도 익산시 영등동,경상사고,0,0,1,0,차대차 - 기타,안전운전불이행,건조,맑음,교차로 - 교차로부근,승용,여,57세,상해없음,개인형이동수단(PM),남,22세,경상
2021050200100160,2021년 5월 2일 12시,일요일,전라북도 전주시 완산구 중화산동2가,중상사고,0,1,0,1,차대차 - 측면충돌,신호위반,건조,맑음,단일로 - 기타,승용,남,32세,부상신고,승용,남,58세,중상
2021050200100161,2021년 5월 2일 12시,일요일,전라북도 전주시 완산구 삼천동1가,경상사고,0,0,2,0,차대차 - 추돌,불법유턴,건조,맑음,교차로 - 교차로안,승용,남,57세,상해없음,승용,남,25세,경상
2021050200100162,2021년 5월 2일 12시,일요일,전라북도 군산시 수송동,경상사고,0,0,2,0,차대차 - 추돌,안전거리미확보,건조,맑음,교차로 - 교차로부근,승용,여,38세,상해없음,승용,남,54세,경상
2021050200100224,2021년 5월 2일 14시,일요일,전라북도 익산시 모현동1가,경상사고,0,0,1,0,차대차 - 추돌,안전운전불이행,건조,맑음,단일로 - 기타,승용,남,55세,상해없음,승용,남,54세,상해없음
2021050200100332,2021년 5월 2일 17시,일요일,전라북도 전주시 완산구 동완산동,중상사고,0,1,0,0,차대사람 - 횡단중,보행자보호의무위반,건조,맑음,교차로 - 교차로횡단보도내,승합,남,43세,상해없음,보행자,여,20세,중상
2021050200100333,2021년 5월 2일 17시,일요일,전라북도 군산시 오식도동,경상사고,0,0,7,0,차대차 - 추돌,안전거리미확보,건조,맑음,교차로 - 교차로부근,승용,남,45세,상해없음,승용,여,28세,경상
2021050200100334,2021년 5월 2일 17시,일요일,전라북도 익산시 남중동,경상사고,0,0,1,0,차대차 - 정면충돌,중앙선침범,건조,맑음,단일로 - 기타,이륜,남,21세,상해없음,승용,남,40세,경상
2021050200100365,2021년 5월 2일 18시,일요일,전라북도 군산시 조촌동,경상사고,0,0,1,0,차대사람 - 기타,안전운전불이행,건조,맑음,주차장 - 주차장,승용,여,43세,상해없음,보행자,여,76세,경상
2021050200100386,2021년 5월 2일 19시,일요일,전라북도 진안군 부귀면,중상사고,0,1,2,0,차대차 - 추돌,안전운전불이행,건조,맑음,교차로 - 교차로안,승용,여,47세,상해없음,승용,여,40세,중상
2021050200100409,2021년 5월 2일 20시,일요일,전라북도 전주시 완산구 효자동1가,중상사고,0,1,0,0,차대사람 - 횡단중,보행자보호의무위반,건조,맑음,교차로 - 교차로안,승용,남,69세,상해없음,보행자,남,60세,중상
2021050300100016,2021년 5월 3일 02시,월요일,전라북도 전주시 완산구 중화산동2가,경상사고,0,0,1,0,차대사람 - 기타,안전운전불이행,건조,맑음,교차로 - 교차로안,승용,남,57세,상해없음,보행자,여,21세,경상
2021050300100024,2021년 5월 3일 05시,월요일,전라북도 전주시 덕진구 진북동,경상사고,0,0,1,0,차대차 - 측면충돌,신호위반,건조,맑음,교차로 - 교차로안,승용,남,52세,상해없음,승용,여,52세,경상
2021050300100060,2021년 5월 3일 07시,월요일,전라북도 전주시 완산구 경원동1가,경상사고,0,0,1,0,차대차 - 기타,차로위반,건조,맑음,단일로 - 기타,승용,남,67세,상해없음,승용,남,43세,경상
2021050300100061,2021년 5월 3일 07시,월요일,전라북도 부안군 계화면,경상사고,0,0,1,0,차대차 - 측면충돌,교차로운행방법위반,건조,맑음,교차로 - 교차로안,승용,여,29세,상해없음,승용,여,66세,경상
2021050300100094,2021년 5월 3일 08시,월요일,전라북도 정읍시 북면,중상사고,0,1,0,0,차대차 - 추돌,중앙선침범,건조,맑음,기타 - 기타,화물,남,49세,상해없음,승용,남,69세,중상
2021050300100133,2021년 5월 3일 09시,월요일,전라북도 전주시 덕진구 진북동,경상사고,0,0,1,0,차대차 - 측면충돌,안전운전불이행,건조,맑음,교차로 - 교차로부근,승용,남,75세,상해없음,화물,남,47세,경상
2021050300100135,2021년 5월 3일 09시,월요일,전라북도 부안군 줄포면,경상사고,0,0,2,0,차대차 - 측면충돌,안전운전불이행,건조,맑음,교차로 - 교차로안,승용,여,64세,경상,화물,남,36세,경상
2021050300100136,2021년 5월 3일 09시,월요일,전라북도 임실군 임실읍,중상사고,0,1,0,0,차대차 - 측면충돌,교차로운행방법위반,건조,맑음,교차로 - 교차로안,승용,여,46세,상해없음,승용,여,65세,중상
2021050300100137,2021년 5월 3일 09시,월요일,전라북도 완주군 삼례읍,경상사고,0,0,2,0,차대차 - 측면충돌,직진우회전진행방해,건조,맑음,교차로 - 교차로안,승용,여,48세,경상,승용,남,48세,경상
2021050300100168,2021년 5월 3일 10시,월요일,전라북도 익산시 삼기면,사망사고,1,0,0,0,차량단독 - 도로외이탈 - 추락,안전운전불이행,건조,맑음,기타 - 기타,농기계,남,66세,사망,,,,