사고번호,사고일시,요일,시군구,사고내용,사망자수,중상자수,경상자수,부상신고자수,사고유형,법규위반,노면상태,기상상태,도로형태,가해운전자 차종,가해운전자 성별,가해운전자 연령,가해운전자 상해정도,피해운전자 차종,피해운전자 성별,피해운전자 연령,피해운전자 상해정도
2021051800100026,2021년 5월 18일 04시,화요일,전라북도 남원시 죽항동,경상사고,0,0,1,0,차대사람 - 횡단중,안전운전불이행,건조,맑음,교차로 - 교차로횡단보도내,승용,남,56세,상해없음,보행자,남,73세,경상
2021051800100035,2021년 5월 18일 05시,화요일,전라북도 전주시 완산구 서신동,경상사고,0,0,1,0,차대차 - 측면충돌,신호위반,건조,맑음,교차로 - 교차로안,승용,여,23세,상해없음,승용,남,61세,경상
2021051800100060,2021년 5월 18일 07시,화요일,전라북도 전주시 완산구 삼천동1가,경상사고,0,0,1,0,차대사람 - 기타,기타,건조,맑음,단일로 - 기타,승합,남,59세,상해없음,보행자,여,86세,경상
2021051800100083,2021년 5월 18일 08시,화요일,전라북도 전주시 완산구 평화동1가,중상사고,0,1,0,0,차대차 - 측면충돌,안전운전불이행,건조,맑음,교차로 - 교차로안,승용,남,40세,상해없음,이륜,여,52세,중상
2021051800100142,2021년 5월 18일 10시,화요일,전라북도 익산시 인화동2가,중상사고,0,1,0,0,차대사람 - 횡단중,신호위반,건조,맑음,교차로 - 교차로횡단보도내,승용,남,53세,상해없음,보행자,여,71세,중상
2021051800100161,2021년 5월 18일 11시,화요일,전라북도 전주시 덕진구 우아동3가,경상사고,0,0,1,0,차대사람 - 길가장자리구역통행중,안전운전불이행,건조,맑음,교차로 - 교차로부근,승용,남,73세,상해없음,보행자,여,62세,경상
2021051800100162,2021년 5월 18일 11시,화요일,전라북도 군산시 옥서면,경상사고,0,0,1,0,차대사람 - 기타,안전운전불이행,건조,맑음,기타 - 기타,승용,남,58세,상해없음,보행자,남,21세,경상
2021051800100163,2021년 5월 18일 11시,화요일,전라북도 무주군 무주읍,중상사고,0,1,0,0,차대차 - 측면충돌,교차로운행방법위반,건조,맑음,교차로 - 교차로안,승용,남,23세,상해없음,승용,남,46세,중상
2021051800100224,2021년 5월 18일 13시,화요일,전라북도 전주시 완산구 전동3가,경상사고,0,0,1,0,차대차 - 측면충돌,안전운전불이행,건조,맑음,단일로 - 기타,승용,여,62세,상해없음,승용,여,45세,경상
2021051800100225,2021년 5월 18일 13시,화요일,전라북도 익산시 송학동,부상신고사고,0,0,0,1,차대차 - 정면충돌,중앙선침범,건조,맑음,교차로 - 교차로부근,자전거,남,8세,부상신고,승용,여,49세,상해없음
2021051800100226,2021년 5월 18일 13시,화요일,전라북도 김제시 죽산면,사망사고,1,0,0,0,차량단독 - 공작물충돌,안전운전불이행,건조,맑음,교차로 - 교차로안,이륜,남,73세,사망,,,,
2021051800100258,2021년 5월 18일 14시,화요일,전라북도 전주시 덕진구 팔복동1가,경상사고,0,0,1,0,차대차 - 측면충돌,중앙선침범,건조,맑음,단일로 - 기타,승용,남,52세,상해없음,이륜,남,43세,경상
2021051800100259,2021년 5월 18일 14시,화요일,전라북도 군산시 대야면,경상사고,0,0,1,0,차대차 - 측면충돌,신호위반,건조,맑음,교차로 - 교차로안,승용,남,27세,상해없음,화물,남,51세,경상
2021051800100310,2021년 5월 18일 15시,화요일,전라북도 군산시 나운동,경상사고,0,0,1,0,차대차 - 추돌,안전운전불이행,건조,맑음,교차로 - 교차로부근,승용,남,70세,상해없음,승용,남,27세,경상
2021051800100311,2021년 5월 18일 15시,화요일,전라북도 익산시 중앙동3가,중상사고,0,2,1,0,차대차 - 측면충돌,안전운전불이행,건조,맑음,교차로 - 교차로안,승용,여,60세,상해없음,승용,남,24세,경상
2021051800100353,2021년 5월 18일 16시,화요일,전라북도 전주시 덕진구 인후동1가,경상사고,0,0,1,0,차대차 - 측면충돌,안전운전불이행,건조,맑음,교차로 - 교차로안,화물,남,63세,상해없음,이륜,남,42세,경상
2021051800100354,2021년 5월 18일 16시,화요일,전라북도 익산시 신동,경상사고,0,0,1,0,차대사람 - 횡단중,기타,건조,맑음,교차로 - 교차로횡단보도내,승용,남,42세,상해없음,보행자,남,8세,경상
2021051800100355,2021년 5월 18일 16시,화요일,전라북도 익산시 함라면,중상사고,0,1,0,0,차대차 - 정면충돌,직진우회전진행방해,건조,맑음,교차로 - 교차로안,승용,남,82세,상해없음,이륜,남,40세,중상
2021051800100356,2021년 5월 18일 16시,화요일,전라북도 부안군 줄포면,경상사고,0,0,1,0,차대차 - 측면충돌,안전운전불이행,건조,맑음,단일로 - 기타,승용,남,79세,상해없음,승용,남,27세,경상
2021051800100399,2021년 5월 18일 17시,화요일,전라북도 전주시 완산구 중화산동2가,경상사고,0,0,1,0,차대차 - 정면충돌,안전운전불이행,건조,맑음,교차로 - 교차로횡단보도내,화물,남,56세,상해없음,자전거,남,14세,경상
2021051800100441,2021년 5월 18일 18시,화요일,전라북도 군산시 해망동,경상사고,0,0,1,0,차대차 - 측면충돌,안전운전불이행,건조,흐림,교차로 - 교차로부근,승용,여,37세,상해없음,승용,남,57세,경상
2021051800100442,2021년 5월 18일 18시,화요일,전라북도 부안군 행안면,경상사고,0,0,2,0,차대차 - 추돌,기타,건조,맑음,교차로 - 교차로부근,승용,여,55세,경상,화물,남,58세,경상
2021051800100443,2021년 5월 18일 18시,화요일,전라북도 무주군 설천면,경상사고,0,0,2,0,차대차 - 측면충돌,직진우회전진행방해,건조,맑음,교차로 - 교차로안,승용,여,28세,경상,승용,남,49세,경상
2021051800100488,2021년 5월 18일 19시,화요일,전라북도 정읍시 상동,경상사고,0,0,2,0,차대차 - 추돌,안전운전불이행,건조,맑음,기타 - 기타,이륜,남,22세,경상,승용,남,56세,경상
2021051800100607,2021년 5월 18일 23시,화요일,전라북도 전주시 덕진구 진북동,경상사고,0,0,1,0,차대차 - 측면충돌,안전운전불이행,건조,맑음,교차로 - 교차로안,승용,남,62세,상해없음,승용,남,35세,경상
2021051800100608,2021년 5월 18일 23시,화요일,전라북도 익산시 송학동,경상사고,0,0,1,0,차대차 - 측면충돌,차로위반,건조,맑음,단일로 - 기타,승용,여,54세,상해없음,승용,남,32세,경상
2021051900100082,2021년 5월 19일 08시,수요일,전라북도 전주시 완산구 효자동1가,경상사고,0,0,2,0,차대차 - 추돌,안전운전불이행,건조,맑음,교차로 - 교차로안,승용,남,59세,상해없음,승용,여,61세,경상
2021051900100083,2021년 5월 19일 08시,수요일,전라북도 임실군 임실읍,경상사고,0,0,1,0,차대차 - 측면충돌,신호위반,건조,맑음,교차로 - 교차로안,승용,남,55세,상해없음,승용,남,82세,경상
2021051900100136,2021년 5월 19일 10시,수요일,전라북도 정읍시 이평면,중상사고,0,1,1,0,차대차 - 추돌,안전운전불이행,건조,맑음,단일로 - 기타,승용,여,75세,경상,화물,남,71세,기타불명
2021051900100246,2021년 5월 19일 13시,수요일,전라북도 군산시 오식도동,중상사고,0,1,0,0,차대차 - 측면충돌,신호위반,건조,맑음,교차로 - 교차로부근,승용,여,33세,상해없음,이륜,남,34세,중상
2021051900100282,2021년 5월 19일 14시,수요일,전라북도 김제시 요촌동,경상사고,0,0,1,0,차대차 - 추돌,안전운전불이행,건조,맑음,단일로 - 기타,승용,남,19세,상해없음,화물,남,24세,경상
2021051900100317,2021년 5월 19일 15시,수요일,전라북도 순창군 순창읍,경상사고,0,0,5,0,차대차 - 측면충돌,중앙선침범,건조,맑음,단일로 - 기타,승용,남,77세,상해없음,승합,남,59세,경상
2021051900100388,2021년 5월 19일 17시,수요일,전라북도 익산시 창인동1가,경상사고,0,0,1,0,차대차 - 후진중충돌,안전운전불이행,건조,맑음,단일로 - 기타,승용,여,41세,상해없음,승용,남,67세,경상
2021051900100458,2021년 5월 19일 19시,수요일,전라북도 전주시 덕진구 우아동3가,경상사고,0,0,2,0,차대차 - 측면충돌,교차로운행방법위반,건조,맑음,교차로 - 교차로안,승용,남,68세,상해없음,승용,남,28세,경상
2021051900100485,2021년 5월 19일 20시,수요일,전라북도 전주시 완산구 서신동,경상사고,0,0,3,0,차대차 - 추돌,안전운전불이행,건조,맑음,교차로 - 교차로안,승용,남,57세,상해없음,승용,남,59세,상해없음
2021051900100486,2021년 5월 19일 20시,수요일,전라북도 익산시 성당면,경상사고,0,0,1,0,차량단독 - 공작물충돌,안전운전불이행,건조,맑음,단일로 - 기타,이륜,남,61세,경상,,,,
2021052000100127,2021년 5월 20일 10시,목요일,전라북도 완주군 봉동읍,사망사고,1,0,1,0,차대차 - 측면충돌,안전운전불이행,젖음/습기,비,교차로 - 교차로부근,이륜,여,76세,사망,승용,여,49세,경상
2021052000100252,2021년 5월 20일 14시,목요일,전라북도 무주군 무주읍,경상사고,0,0,5,0,차대차 - 측면충돌,안전운전불이행,건조,맑음,단일로 - 지하차도(도로)내,화물,남,61세,상해없음,승용,여,42세,경상
2021052000100276,2021년 5월 20일 15시,목요일,전라북도 전주시 덕진구 덕진동1가,중상사고,0,1,0,0,차대차 - 측면충돌,직진우회전진행방해,건조,맑음,교차로 - 교차로안,승용,여,31세,상해없음,승용,남,81세,중상
2021052000100277,2021년 5월 20일 15시,목요일,전라북도 익산시 마동,경상사고,0,0,1,0,차대차 - 기타,교차로운행방법위반,건조,맑음,교차로 - 교차로안,승용,남,67세,상해없음,이륜,남,17세,경상
2021052000100278,2021년 5월 20일 15시,목요일,전라북도 익산시 황등면,중상사고,0,1,0,0,차량단독 - 공작물충돌,안전운전불이행,건조,맑음,단일로 - 기타,화물,여,62세,중상,,,,
2021052000100303,2021년 5월 20일 16시,목요일,전라북도 전주시 완산구 평화동2가,경상사고,0,0,2,0,차대차 - 추돌,안전운전불이행,젖음/습기,비,교차로 - 교차로부근,승용,여,51세,상해없음,승용,남,56세,경상
2021052000100353,2021년 5월 20일 17시,목요일,전라북도 익산시 춘포면,경상사고,0,0,1,0,차대차 - 측면충돌,신호위반,젖음/습기,비,교차로 - 교차로안,승용,여,58세,상해없음,승용,여,44세,경상
2021052000100354,2021년 5월 20일 17시,목요일,전라북도 김제시 검산동,경상사고,0,0,3,0,차대차 - 추돌,안전운전불이행,젖음/습기,흐림,교차로 - 교차로부근,승용,여,25세,상해없음,승용,여,52세,경상
2021052000100381,2021년 5월 20일 18시,목요일,전라북도 익산시 신흥동,경상사고,0,0,2,0,차대차 - 추돌,안전운전불이행,젖음/습기,비,단일로 - 기타,승용,여,50세,상해없음,승용,남,30세,경상
2021052000100425,2021년 5월 20일 19시,목요일,전라북도 전주시 완산구 중화산동2가,경상사고,0,0,1,0,차대차 - 기타,신호위반,젖음/습기,비,교차로 - 교차로안,승용,남,62세,상해없음,승용,남,45세,경상
2021052000100426,2021년 5월 20일 19시,목요일,전라북도 김제시 금구면,경상사고,0,0,2,0,차대차 - 측면충돌,교차로운행방법위반,젖음/습기,비,교차로 - 교차로부근,승용,여,51세,상해없음,승용,여,54세,경상
2021052000100546,2021년 5월 20일 22시,목요일,전라북도 전주시 완산구 효자동2가,경상사고,0,0,1,0,차대차 - 기타,안전운전불이행,건조,맑음,교차로 - 교차로부근,승용,남,71세,상해없음,승용,남,38세,경상
2021052000100566,2021년 5월 20일 23시,목요일,전라북도 전주시 완산구 효자동1가,중상사고,0,1,1,0,차대차 - 기타,안전운전불이행,젖음/습기,비,단일로 - 기타,승합,남,52세,상해없음,승용,남,25세,중상
2021052100100033,2021년 5월 21일 05시,금요일,전라북도 익산시 영등동,경상사고,0,0,1,0,차대사람 - 기타,안전운전불이행,건조,맑음,단일로 - 기타,승용,남,20세,상해없음,보행자,남,23세,경상
2021052100100051,2021년 5월 21일 07시,금요일,전라북도 군산시 나운동,경상사고,0,0,1,0,차대사람 - 기타,안전운전불이행,기타,맑음,기타 - 기타,화물,남,63세,상해없음,보행자,여,14세,경상
2021052100100195,2021년 5월 21일 12시,금요일,전라북도 전주시 덕진구 덕진동1가,경상사고,0,0,1,0,차대차 - 측면충돌,안전거리미확보,젖음/습기,흐림,단일로 - 기타,승용,남,79세,상해없음,승용,여,58세,경상
2021052100100196,2021년 5월 21일 12시,금요일,전라북도 익산시 삼기면,경상사고,0,0,2,0,차대차 - 추돌,안전운전불이행,건조,맑음,단일로 - 기타,승용,남,71세,상해없음,화물,남,19세,경상
2021052100100197,2021년 5월 21일 12시,금요일,전라북도 무주군 무풍면,중상사고,0,1,0,0,차량단독 - 공작물충돌,기타,건조,흐림,단일로 - 지하차도(도로)내,화물,남,39세,중상,,,,
2021052100100225,2021년 5월 21일 13시,금요일,전라북도 전주시 완산구 중노송동,경상사고,0,0,1,0,차대차 - 추돌,안전운전불이행,건조,흐림,교차로 - 교차로부근,승용,남,31세,상해없음,승용,남,63세,경상
2021052100100315,2021년 5월 21일 15시,금요일,전라북도 익산시 창인동1가,경상사고,0,0,1,0,차량단독 - 공작물충돌,안전운전불이행,건조,맑음,교차로 - 교차로안,승용,남,62세,상해없음,,,,
2021052100100316,2021년 5월 21일 15시,금요일,전라북도 무주군 무주읍,중상사고,0,1,0,0,차대차 - 측면충돌,중앙선침범,젖음/습기,흐림,단일로 - 지하차도(도로)내,승용,여,59세,상해없음,사륜오토바이(ATV),여,71세,중상
2021052100100354,2021년 5월 21일 16시,금요일,전라북도 전주시 완산구 효자동3가,중상사고,0,1,0,0,차대사람 - 보도통행중,기타,건조,맑음,기타 - 기타,승합,여,21세,상해없음,보행자,여,64세,중상
2021052100100392,2021년 5월 21일 17시,금요일,전라북도 전주시 완산구 중화산동2가,경상사고,0,0,1,0,차대차 - 추돌,안전운전불이행,건조,맑음,단일로 - 기타,승용,남,59세,상해없음,승용,남,25세,경상
2021052100100393,2021년 5월 21일 17시,금요일,전라북도 익산시 인화동1가,경상사고,0,0,1,0,차대사람 - 길가장자리구역통행중,안전운전불이행,건조,맑음,단일로 - 기타,승용,남,58세,상해없음,보행자,여,75세,경상
2021052100100543,2021년 5월 21일 21시,금요일,전라북도 전주시 완산구 효자동1가,경상사고,0,0,1,0,차대사람 - 기타,안전운전불이행,건조,맑음,교차로 - 교차로안,승용,남,58세,상해없음,보행자,여,67세,경상
2021052100100544,2021년 5월 21일 21시,금요일,전라북도 익산시 신동,경상사고,0,0,1,0,차대사람 - 기타,안전운전불이행,건조,맑음,단일로 - 기타,승용,남,58세,상해없음,보행자,남,21세,경상
2021052200100033,2021년 5월 22일 03시,토요일,전라북도 군산시 수송동,경상사고,0,0,1,0,차대차 - 추돌,안전운전불이행,건조,맑음,교차로 - 교차로부근,승용,남,21세,상해없음,승용,남,40세,경상
2021052200100067,2021년 5월 22일 07시,토요일,전라북도 정읍시 상동,중상사고,0,1,0,0,차대차 - 측면충돌,신호위반,건조,맑음,교차로 - 교차로안,승합,남,21세,기타불명,승용,여,52세,중상
2021052200100077,2021년 5월 22일 08시,토요일,전라북도 군산시 미원동,경상사고,0,0,1,0,차대사람 - 횡단중,보행자보호의무위반,젖음/습기,맑음,교차로 - 교차로횡단보도내,승용,여,57세,상해없음,보행자,여,68세,경상
2021052200100100,2021년 5월 22일 09시,토요일,전라북도 고창군 고수면,경상사고,0,0,1,0,차대차 - 추돌,안전운전불이행,건조,맑음,단일로 - 기타,승용,남,76세,상해없음,승합,여,36세,경상
2021052200100101,2021년 5월 22일 09시,토요일,전라북도 고창군 성내면,중상사고,0,2,0,0,차대차 - 정면충돌,중앙선침범,건조,맑음,단일로 - 기타,이륜,남,60세,중상,이륜,남,76세,중상
2021052200100128,2021년 5월 22일 10시,토요일,전라북도 전주시 완산구 중화산동1가,경상사고,0,0,1,0,차대차 - 측면충돌,안전운전불이행,건조,맑음,교차로 - 교차로부근,승용,남,76세,상해없음,이륜,남,24세,경상
2021052200100129,2021년 5월 22일 10시,토요일,전라북도 전주시 완산구 평화동2가,경상사고,0,0,1,0,차대차 - 추돌,안전운전불이행,건조,맑음,교차로 - 교차로부근,승용,남,56세,상해없음,화물,남,39세,경상
2021052200100203,2021년 5월 22일 12시,토요일,전라북도 전주시 덕진구 인후동2가,경상사고,0,0,2,0,차대차 - 측면충돌,안전거리미확보,건조,맑음,단일로 - 기타,승용,남,66세,상해없음,승용,여,57세,경상
2021052200100204,2021년 5월 22일 12시,토요일,전라북도 정읍시 망제동,사망사고,1,0,0,0,차량단독 - 기타,안전운전불이행,건조,맑음,기타 - 기타,이륜,남,52세,사망,,,,
2021052200100243,2021년 5월 22일 13시,토요일,전라북도 군산시 수송동,경상사고,0,0,1,0,차대차 - 추돌,안전운전불이행,건조,맑음,교차로 - 교차로부근,승용,여,54세,상해없음,승용,여,46세,경상
2021052200100244,2021년 5월 22일 13시,토요일,전라북도 익산시 인화동1가,경상사고,0,0,1,0,차대차 - 기타,안전운전불이행,건조,맑음,단일로 - 기타,승용,남,54세,상해없음,이륜,남,40세,경상
2021052200100298,2021년 5월 22일 14시,토요일,전라북도 전주시 완산구 태평동,경상사고,0,0,2,0,차대차 - 측면충돌,안전운전불이행,건조,맑음,단일로 - 기타,승용,남,62세,상해없음,승용,남,71세,경상
2021052200100299,2021년 5월 22일 14시,토요일,전라북도 전주시 덕진구 우아동3가,경상사고,0,0,4,0,차대차 - 추돌,안전운전불이행,건조,맑음,교차로 - 교차로부근,특수,남,46세,상해없음,승용,남,37세,경상
2021052200100300,2021년 5월 22일 14시,토요일,전라북도 군산시 경암동,경상사고,0,0,2,0,차대차 - 측면충돌,안전운전불이행,건조,흐림,단일로 - 기타,승용,남,56세,상해없음,승용,남,37세,경상
2021052200100301,2021년 5월 22일 14시,토요일,전라북도 남원시 죽항동,경상사고,0,0,2,0,차대차 - 측면충돌,교차로운행방법위반,건조,맑음,교차로 - 교차로안,승용,남,82세,상해없음,승용,여,55세,경상
2021052200100345,2021년 5월 22일 15시,토요일,전라북도 전주시 완산구 효자동3가,경상사고,0,0,1,0,차대차 - 측면충돌,직진우회전진행방해,건조,맑음,교차로 - 교차로안,승용,남,28세,상해없음,승용,남,60세,경상
2021052200100434,2021년 5월 22일 17시,토요일,전라북도 전주시 덕진구 여의동,경상사고,0,0,1,0,차대차 - 측면충돌,안전운전불이행,건조,맑음,단일로 - 기타,승용,여,49세,상해없음,자전거,남,9세,경상
2021052200100473,2021년 5월 22일 18시,토요일,전라북도 전주시 완산구 원당동,경상사고,0,0,3,0,차대차 - 기타,교차로운행방법위반,건조,맑음,교차로 - 교차로안,승용,남,60세,경상,승용,남,32세,경상
2021052200100474,2021년 5월 22일 18시,토요일,전라북도 전주시 덕진구 여의동,경상사고,0,0,1,0,차대차 - 측면충돌,안전운전불이행,건조,맑음,교차로 - 교차로횡단보도내,화물,남,55세,상해없음,자전거,남,13세,경상
2021052200100510,2021년 5월 22일 19시,토요일,전라북도 익산시 모현동1가,경상사고,0,0,1,0,차대차 - 기타,신호위반,건조,맑음,교차로 - 교차로안,승용,여,61세,상해없음,승용,남,35세,경상
2021052200100533,2021년 5월 22일 20시,토요일,전라북도 전주시 완산구 중인동,중상사고,0,1,0,0,차대사람 - 기타,안전운전불이행,건조,맑음,교차로 - 교차로부근,승용,남,37세,상해없음,보행자,여,71세,중상
2021052200100534,2021년 5월 22일 20시,토요일,전라북도 전주시 덕진구 인후동1가,경상사고,0,0,2,0,차대차 - 측면충돌,교차로운행방법위반,건조,맑음,교차로 - 교차로안,승용,남,67세,상해없음,승용,남,67세,경상
2021052200100535,2021년 5월 22일 20시,토요일,전라북도 고창군 고창읍,중상사고,0,1,0,0,차대차 - 측면충돌,안전운전불이행,건조,맑음,교차로 - 교차로안,승용,남,60세,상해없음,이륜,남,41세,중상
2021052200100564,2021년 5월 22일 21시,토요일,전라북도 전주시 완산구 용복동,중상사고,0,1,3,0,차대차 - 정면충돌,교차로운행방법위반,건조,맑음,교차로 - 교차로안,승용,여,37세,경상,승용,남,33세,중상
2021052200100565,2021년 5월 22일 21시,토요일,전라북도 전주시 덕진구 우아동1가,경상사고,0,0,2,0,차대차 - 측면충돌,안전운전불이행,건조,맑음,단일로 - 기타,승용,남,29세,상해없음,승용,남,27세,경상
2021052200100585,2021년 5월 22일 22시,토요일,전라북도 익산시 모현동1가,경상사고,0,0,4,0,차대차 - 측면충돌,신호위반,건조,맑음,교차로 - 교차로안,승용,남,58세,상해없음,승용,남,61세,경상
2021052200100608,2021년 5월 22일 23시,토요일,전라북도 순창군 쌍치면,경상사고,0,0,2,0,차대사람 - 기타,기타,건조,맑음,단일로 - 기타,승용,여,20세,상해없음,보행자,남,21세,경상
2021052300100015,2021년 5월 23일 01시,일요일,전라북도 전주시 완산구 서신동,경상사고,0,0,1,0,차대차 - 기타,신호위반,건조,맑음,교차로 - 교차로안,이륜,남,25세,기타불명,승용,남,66세,상해없음
2021052300100021,2021년 5월 23일 02시,일요일,전라북도 익산시 동산동,사망사고,1,0,0,0,차대차 - 기타,기타,건조,맑음,단일로 - 기타,승용,남,30세,상해없음,자전거,남,59세,사망
2021052300100057,2021년 5월 23일 09시,일요일,전라북도 남원시 인월면,경상사고,0,0,1,0,차대차 - 정면충돌,안전운전불이행,건조,맑음,교차로 - 교차로부근,승용,여,65세,상해없음,사륜오토바이(ATV),여,80세,경상
2021052300100162,2021년 5월 23일 13시,일요일,전라북도 익산시 영등동,경상사고,0,0,1,0,차대사람 - 횡단중,보행자보호의무위반,건조,맑음,교차로 - 교차로횡단보도내,승용,여,33세,상해없음,보행자,남,25세,경상
2021052300100197,2021년 5월 23일 14시,일요일,전라북도 순창군 순창읍,부상신고사고,0,0,0,1,차대차 - 측면충돌,직진우회전진행방해,건조,맑음,교차로 - 교차로안,이륜,남,73세,부상신고,승용,여,48세,상해없음
2021052300100250,2021년 5월 23일 16시,일요일,전라북도 정읍시 상동,경상사고,0,0,1,0,차대차 - 측면충돌,직진우회전진행방해,건조,맑음,교차로 - 교차로안,자전거,여,45세,경상,승용,남,50세,상해없음
2021052300100251,2021년 5월 23일 16시,일요일,전라북도 완주군 용진읍,경상사고,0,0,2,0,차대차 - 추돌,안전거리미확보,건조,맑음,단일로 - 기타,승용,남,39세,상해없음,승용,남,27세,경상
2021052300100334,2021년 5월 23일 19시,일요일,전라북도 군산시 옥산면,경상사고,0,0,3,0,차대차 - 기타,차로위반,건조,맑음,기타 - 기타,승용,여,26세,상해없음,승용,남,62세,경상
2021052300100389,2021년 5월 23일 21시,일요일,전라북도 전주시 덕진구 우아동3가,경상사고,0,0,1,0,차대사람 - 기타,안전운전불이행,건조,맑음,단일로 - 기타,승용,남,57세,상해없음,보행자,남,50세,경상
2021052400100017,2021년 5월 24일 05시,월요일,전라북도 전주시 덕진구 덕진동1가,경상사고,0,0,1,0,차대차 - 추돌,안전운전불이행,건조,맑음,교차로 - 교차로부근,승용,여,61세,상해없음,화물,남,55세,경상
2021052400100018,2021년 5월 24일 05시,월요일,전라북도 정읍시 연지동,중상사고,0,2,1,0,차대차 - 측면충돌,신호위반,젖음/습기,흐림,교차로 - 교차로안,화물,남,75세,경상,화물,남,70세,중상
2021052400100047,2021년 5월 24일 07시,월요일,전라북도 김제시 용지면,경상사고,0,0,3,0,차대차 - 측면충돌,신호위반,건조,맑음,교차로 - 교차로안,화물,남,72세,경상,승합,남,44세,경상
2021052400100077,2021년 5월 24일 08시,월요일,전라북도 전주시 덕진구 여의동2가,경상사고,0,0,1,0,차대사람 - 횡단중,보행자보호의무위반,건조,맑음,교차로 - 교차로횡단보도내,화물,남,66세,상해없음,보행자,남,84세,경상
2021052400100078,2021년 5월 24일 08시,월요일,전라북도 전주시 덕진구 진북동,경상사고,0,0,1,0,차대차 - 후진중충돌,안전운전불이행,건조,맑음,단일로 - 기타,승용,남,79세,상해없음,승용,남,43세,경상
2021052400100079,2021년 5월 24일 08시,월요일,전라북도 남원시 도통동,경상사고,0,0,1,0,차대사람 - 기타,기타,건조,맑음,단일로 - 기타,승합,남,43세,상해없음,보행자,여,71세,경상
2021052400100115,2021년 5월 24일 09시,월요일,전라북도 전주시 덕진구 덕진동1가,경상사고,0,0,2,0,차대차 - 측면충돌,안전운전불이행,건조,맑음,단일로 - 기타,승용,남,36세,상해없음,승합,남,58세,경상
2021052400100116,2021년 5월 24일 09시,월요일,전라북도 군산시 임피면,경상사고,0,0,2,0,차대차 - 측면충돌,중앙선침범,건조,맑음,단일로 - 기타,승용,남,70세,경상,승용,남,58세,경상
2021052400100117,2021년 5월 24일 09시,월요일,전라북도 부안군 행안면,경상사고,0,0,1,0,차대차 - 측면충돌,안전운전불이행,건조,맑음,단일로 - 기타,승용,남,61세,상해없음,이륜,남,65세,경상
2021052400100136,2021년 5월 24일 10시,월요일,전라북도 전주시 완산구 효자동3가,경상사고,0,0,1,0,차대차 - 추돌,안전운전불이행,건조,맑음,단일로 - 기타,승용,여,73세,상해없음,승용,여,70세,경상
2021052400100137,2021년 5월 24일 10시,월요일,전라북도 무주군 무주읍,중상사고,0,1,1,0,차대차 - 측면충돌,안전운전불이행,건조,맑음,교차로 - 교차로안,승용,남,83세,상해없음,화물,남,74세,중상
2021052400100171,2021년 5월 24일 11시,월요일,전라북도 부안군 부안읍,중상사고,0,1,0,0,차량단독 - 전도전복 - 전도,안전운전불이행,건조,맑음,교차로 - 교차로안,이륜,남,83세,중상,,,,
2021052400100237,2021년 5월 24일 13시,월요일,전라북도 전주시 완산구 효자동3가,경상사고,0,0,4,0,차대차 - 측면충돌,신호위반,건조,맑음,교차로 - 교차로안,승용,여,48세,상해없음,승용,남,32세,경상
2021052400100270,2021년 5월 24일 14시,월요일,전라북도 군산시 문화동,중상사고,0,1,0,0,차대차 - 측면충돌,직진우회전진행방해,건조,맑음,교차로 - 교차로안,승용,남,55세,상해없음,이륜,남,68세,중상
2021052400100316,2021년 5월 24일 15시,월요일,전라북도 익산시 부송동,경상사고,0,0,1,0,차대차 - 측면충돌,교차로운행방법위반,건조,맑음,교차로 - 교차로안,화물,남,74세,상해없음,승합,남,59세,경상
2021052400100410,2021년 5월 24일 17시,월요일,전라북도 전주시 덕진구 덕진동1가,경상사고,0,0,1,0,차대차 - 측면충돌,안전거리미확보,건조,맑음,단일로 - 기타,승용,남,71세,상해없음,승용,남,22세,경상
2021052400100554,2021년 5월 24일 22시,월요일,전라북도 전주시 완산구 효자동1가,경상사고,0,0,2,0,차대차 - 기타,안전운전불이행,건조,맑음,교차로 - 교차로안,승용,남,73세,상해없음,승용,남,37세,경상
2021052500100102,2021년 5월 25일 08시,화요일,전라북도 전주시 덕진구 팔복동3가,경상사고,0,0,1,0,차대차 - 측면충돌,불법유턴,젖음/습기,비,단일로 - 기타,승용,남,24세,상해없음,승용,여,53세,경상
2021052500100135,2021년 5월 25일 09시,화요일,전라북도 정읍시 고부면,중상사고,0,1,0,0,차대사람 - 기타,안전운전불이행,건조,맑음,단일로 - 기타,승용,남,27세,상해없음,보행자,여,78세,중상
2021052500100136,2021년 5월 25일 09시,화요일,전라북도 부안군 부안읍,경상사고,0,0,2,0,차대차 - 측면충돌,불법유턴,건조,맑음,교차로 - 교차로안,승용,여,38세,경상,승용,여,33세,경상
2021052500100137,2021년 5월 25일 09시,화요일,전라북도 완주군 봉동읍,경상사고,0,0,1,0,차대차 - 기타,신호위반,건조,맑음,교차로 - 교차로안,화물,남,59세,상해없음,화물,남,61세,경상
2021052500100232,2021년 5월 25일 12시,화요일,전라북도 전주시 덕진구 진북동,경상사고,0,0,1,0,차대사람 - 길가장자리구역통행중,기타,건조,맑음,단일로 - 기타,승용,남,56세,상해없음,보행자,여,62세,경상