사고번호,사고일시,요일,시군구,사고내용,사망자수,중상자수,경상자수,부상신고자수,사고유형,법규위반,노면상태,기상상태,도로형태,가해운전자 차종,가해운전자 성별,가해운전자 연령,가해운전자 상해정도,피해운전자 차종,피해운전자 성별,피해운전자 연령,피해운전자 상해정도
2021060200100094,2021년 6월 2일 08시,수요일,전라북도 정읍시 상동,경상사고,0,0,1,0,차대차 - 측면충돌,안전운전불이행,건조,맑음,교차로 - 교차로안,자전거,남,14세,경상,승용,남,38세,상해없음
2021060200100121,2021년 6월 2일 09시,수요일,전라북도 순창군 순창읍,경상사고,0,0,1,0,차대사람 - 기타,안전운전불이행,서리/결빙,맑음,단일로 - 기타,화물,남,69세,상해없음,보행자,남,62세,경상
2021060200100161,2021년 6월 2일 10시,수요일,전라북도 순창군 유등면,경상사고,0,0,2,1,차대차 - 정면충돌,중앙선침범,건조,맑음,단일로 - 기타,승용,여,62세,부상신고,화물,남,51세,경상
2021060200100187,2021년 6월 2일 11시,수요일,전라북도 전주시 완산구 서신동,경상사고,0,0,2,0,차대차 - 기타,안전거리미확보,건조,맑음,교차로 - 교차로안,승용,남,24세,상해없음,승용,여,55세,경상
2021060200100188,2021년 6월 2일 11시,수요일,전라북도 익산시 갈산동,경상사고,0,0,2,0,차대차 - 측면충돌,안전운전불이행,건조,맑음,교차로 - 교차로부근,승용,남,77세,상해없음,승용,여,51세,경상
2021060200100225,2021년 6월 2일 12시,수요일,전라북도 전주시 덕진구 인후동1가,경상사고,0,0,1,0,차대차 - 측면충돌,안전운전불이행,건조,맑음,교차로 - 교차로안,승용,남,68세,상해없음,승합,남,38세,상해없음
2021060200100260,2021년 6월 2일 13시,수요일,전라북도 군산시 나운동,중상사고,0,1,0,0,차대차 - 추돌,기타,건조,맑음,교차로 - 교차로부근,승용,남,66세,상해없음,이륜,남,63세,중상
2021060200100331,2021년 6월 2일 15시,수요일,전라북도 익산시 팔봉동,중상사고,0,1,0,0,차대차 - 측면충돌,중앙선침범,건조,맑음,교차로 - 교차로안,승용,남,79세,상해없음,이륜,남,37세,중상
2021060200100367,2021년 6월 2일 16시,수요일,전라북도 전주시 완산구 평화동2가,중상사고,0,1,0,0,차대사람 - 기타,보행자보호의무위반,건조,맑음,교차로 - 교차로부근,승합,남,65세,상해없음,보행자,남,64세,중상
2021060200100368,2021년 6월 2일 16시,수요일,전라북도 전주시 덕진구 전미동1가,중상사고,0,1,0,0,차대차 - 측면충돌,신호위반,건조,맑음,교차로 - 교차로안,승용,여,48세,상해없음,승용,남,43세,중상
2021060200100369,2021년 6월 2일 16시,수요일,전라북도 익산시 영등동,중상사고,0,1,0,0,차대사람 - 길가장자리구역통행중,안전운전불이행,건조,맑음,단일로 - 기타,승합,남,61세,상해없음,보행자,여,72세,중상
2021060200100370,2021년 6월 2일 16시,수요일,전라북도 정읍시 상동,경상사고,0,0,2,0,차대차 - 추돌,안전운전불이행,건조,맑음,단일로 - 기타,승용,남,56세,상해없음,승용,남,33세,경상
2021060200100371,2021년 6월 2일 16시,수요일,전라북도 김제시 광활면,중상사고,0,1,0,0,차대사람 - 차도통행중,안전운전불이행,건조,맑음,교차로 - 교차로안,화물,남,66세,상해없음,보행자,남,70세,중상
2021060200100412,2021년 6월 2일 17시,수요일,전라북도 군산시 조촌동,중상사고,0,1,0,0,차대차 - 기타,신호위반,건조,맑음,교차로 - 교차로안,승용,남,48세,상해없음,승용,남,52세,중상
2021060200100413,2021년 6월 2일 17시,수요일,전라북도 정읍시 용계동,경상사고,0,0,2,0,차대차 - 측면충돌,신호위반,건조,맑음,교차로 - 교차로안,승용,남,69세,경상,승용,여,64세,경상
2021060200100474,2021년 6월 2일 18시,수요일,전라북도 익산시 영등동,경상사고,0,0,1,0,차대차 - 측면충돌,기타,건조,맑음,단일로 - 기타,승용,여,20세,상해없음,자전거,남,14세,경상
2021060200100475,2021년 6월 2일 18시,수요일,전라북도 익산시 영등동,경상사고,0,0,1,0,차대사람 - 횡단중,안전운전불이행,건조,맑음,교차로 - 교차로부근,승용,여,23세,상해없음,보행자,남,27세,경상
2021060200100547,2021년 6월 2일 20시,수요일,전라북도 군산시 소룡동,사망사고,1,0,0,0,차대사람 - 차도통행중,기타,건조,맑음,단일로 - 기타,화물,남,51세,상해없음,보행자,남,64세,사망
2021060200100571,2021년 6월 2일 21시,수요일,전라북도 전주시 덕진구 송천동2가,경상사고,0,0,1,0,차대사람 - 횡단중,보행자보호의무위반,건조,맑음,단일로 - 기타,승용,남,54세,상해없음,보행자,남,47세,경상
2021060200100600,2021년 6월 2일 22시,수요일,전라북도 전주시 완산구 효자동2가,경상사고,0,0,1,0,차대차 - 측면충돌,신호위반,건조,맑음,교차로 - 교차로안,이륜,남,25세,상해없음,승용,여,26세,경상
2021060300100017,2021년 6월 3일 01시,목요일,전라북도 전주시 완산구 효자동2가,경상사고,0,0,1,0,차대차 - 측면충돌,안전운전불이행,젖음/습기,비,단일로 - 기타,승용,남,64세,기타불명,승용,여,27세,경상
2021060300100033,2021년 6월 3일 04시,목요일,전라북도 전주시 완산구 다가동4가,중상사고,0,1,0,0,차대차 - 측면충돌,신호위반,건조,맑음,교차로 - 교차로안,승용,남,24세,상해없음,승용,남,41세,중상
2021060300100043,2021년 6월 3일 06시,목요일,전라북도 군산시 회현면,중상사고,0,1,1,0,차대차 - 기타,안전운전불이행,건조,맑음,단일로 - 기타,화물,남,68세,상해없음,승용,남,87세,중상
2021060300100069,2021년 6월 3일 07시,목요일,전라북도 군산시 문화동,부상신고사고,0,0,0,1,차대차 - 기타,안전운전불이행,건조,맑음,교차로 - 교차로안,이륜,남,78세,부상신고,화물,남,61세,상해없음
2021060300100070,2021년 6월 3일 07시,목요일,전라북도 익산시 황등면,중상사고,0,1,0,0,차대사람 - 차도통행중,안전운전불이행,건조,맑음,단일로 - 기타,화물,남,53세,상해없음,보행자,여,61세,중상
2021060300100124,2021년 6월 3일 09시,목요일,전라북도 정읍시 연지동,경상사고,0,0,2,0,차대차 - 추돌,안전운전불이행,젖음/습기,비,단일로 - 기타,승용,남,62세,상해없음,승용,남,44세,경상
2021060300100156,2021년 6월 3일 10시,목요일,전라북도 정읍시 영원면,중상사고,0,1,0,0,차대차 - 측면충돌,신호위반,젖음/습기,비,교차로 - 교차로안,승용,남,28세,상해없음,승용,남,30세,중상
2021060300100157,2021년 6월 3일 10시,목요일,전라북도 고창군 대산면,경상사고,0,0,1,0,차대차 - 추돌,안전운전불이행,젖음/습기,비,단일로 - 기타,승용,남,52세,상해없음,승용,남,41세,경상
2021060300100178,2021년 6월 3일 11시,목요일,전라북도 군산시 수송동,경상사고,0,0,1,0,차대차 - 측면충돌,교차로운행방법위반,젖음/습기,비,교차로 - 교차로안,승용,남,27세,상해없음,승용,남,35세,경상
2021060300100179,2021년 6월 3일 11시,목요일,전라북도 정읍시 정우면,경상사고,0,0,2,0,차대차 - 정면충돌,중앙선침범,젖음/습기,비,단일로 - 기타,승용,남,58세,상해없음,화물,남,28세,경상
2021060300100243,2021년 6월 3일 13시,목요일,전라북도 전주시 덕진구 팔복동2가,중상사고,0,1,0,0,차대차 - 측면충돌,교차로운행방법위반,젖음/습기,비,교차로 - 교차로안,승용,여,35세,상해없음,이륜,남,76세,중상
2021060300100277,2021년 6월 3일 14시,목요일,전라북도 익산시 부송동,경상사고,0,0,1,0,차대차 - 측면충돌,안전운전불이행,건조,맑음,단일로 - 기타,승용,여,57세,상해없음,화물,남,34세,경상
2021060300100303,2021년 6월 3일 15시,목요일,전라북도 고창군 고창읍,경상사고,0,0,1,0,차대사람 - 횡단중,신호위반,젖음/습기,비,기타 - 기타,승용,남,58세,상해없음,보행자,여,7세,경상
2021060300100329,2021년 6월 3일 16시,목요일,전라북도 전주시 완산구 중화산동2가,경상사고,0,0,1,0,차대차 - 측면충돌,신호위반,젖음/습기,비,교차로 - 교차로횡단보도내,승용,남,25세,상해없음,승용,남,62세,경상
2021060300100330,2021년 6월 3일 16시,목요일,전라북도 전주시 덕진구 인후동2가,경상사고,0,0,2,0,차대차 - 측면충돌,직진우회전진행방해,젖음/습기,비,교차로 - 교차로안,승용,여,47세,상해없음,승용,여,41세,경상
2021060300100331,2021년 6월 3일 16시,목요일,전라북도 군산시 미룡동,부상신고사고,0,0,0,1,차대차 - 기타,신호위반,젖음/습기,비,교차로 - 교차로안,승용,남,18세,상해없음,승용,여,38세,부상신고
2021060300100332,2021년 6월 3일 16시,목요일,전라북도 남원시 동충동,중상사고,0,2,0,0,차대차 - 측면충돌,안전운전불이행,기타,흐림,교차로 - 교차로안,승용,여,55세,상해없음,승용,여,62세,중상
2021060300100460,2021년 6월 3일 19시,목요일,전라북도 남원시 왕정동,경상사고,0,0,1,0,차대차 - 기타,안전운전불이행,건조,맑음,교차로 - 교차로안,승용,여,52세,상해없음,이륜,남,29세,경상
2021060300100505,2021년 6월 3일 20시,목요일,전라북도 전주시 완산구 삼천동2가,경상사고,0,0,1,0,차대차 - 후진중충돌,기타,건조,맑음,교차로 - 교차로안,이륜,남,18세,상해없음,승용,남,60세,경상
2021060300100506,2021년 6월 3일 20시,목요일,전라북도 전주시 덕진구 산정동,경상사고,0,0,1,0,차대차 - 측면충돌,중앙선침범,젖음/습기,비,단일로 - 기타,승용,남,69세,상해없음,승용,남,47세,경상
2021060300100607,2021년 6월 3일 22시,목요일,전라북도 전주시 덕진구 덕진동1가,경상사고,0,0,1,0,차대차 - 추돌,안전운전불이행,젖음/습기,비,교차로 - 교차로부근,승용,남,46세,상해없음,이륜,남,38세,경상
2021060300100608,2021년 6월 3일 22시,목요일,전라북도 전주시 덕진구 덕진동2가,경상사고,0,0,1,0,차대사람 - 횡단중,안전운전불이행,젖음/습기,비,교차로 - 교차로부근,기타불명,기타불명,미분류,기타불명,보행자,남,29세,경상
2021060300100639,2021년 6월 3일 23시,목요일,전라북도 전주시 덕진구 진북동,중상사고,0,1,1,0,차대차 - 측면충돌,직진우회전진행방해,젖음/습기,비,교차로 - 교차로안,승용,남,28세,상해없음,승용,남,58세,경상
2021060300100640,2021년 6월 3일 23시,목요일,전라북도 전주시 덕진구 금암동,경상사고,0,0,1,0,차대차 - 측면충돌,신호위반,젖음/습기,비,교차로 - 교차로안,승용,여,52세,상해없음,승용,남,55세,경상
2021060400100098,2021년 6월 4일 08시,금요일,전라북도 익산시 마동,경상사고,0,0,1,0,차대차 - 측면충돌,교차로운행방법위반,건조,맑음,교차로 - 교차로안,승용,남,41세,상해없음,승용,여,31세,경상
2021060400100134,2021년 6월 4일 09시,금요일,전라북도 부안군 부안읍,경상사고,0,0,2,0,차대차 - 측면충돌,교차로운행방법위반,건조,맑음,교차로 - 교차로안,승용,남,55세,경상,화물,남,75세,경상
2021060400100168,2021년 6월 4일 10시,금요일,전라북도 부안군 백산면,경상사고,0,0,1,0,차대차 - 측면충돌,신호위반,건조,맑음,교차로 - 교차로안,승용,남,75세,상해없음,승용,남,41세,경상
2021060400100227,2021년 6월 4일 12시,금요일,전라북도 익산시 모현동1가,경상사고,0,0,1,0,차대사람 - 차도통행중,기타,건조,맑음,교차로 - 교차로부근,이륜,남,40세,상해없음,보행자,남,10세,경상
2021060400100405,2021년 6월 4일 16시,금요일,전라북도 완주군 삼례읍,중상사고,0,1,0,0,차량단독 - 기타,기타,건조,맑음,단일로 - 기타,승합,남,49세,상해없음,,,,
2021060400100462,2021년 6월 4일 17시,금요일,전라북도 군산시 나운동,중상사고,0,1,0,0,차대사람 - 길가장자리구역통행중,안전운전불이행,건조,맑음,교차로 - 교차로부근,승용,여,57세,상해없음,보행자,여,65세,중상
2021060400100463,2021년 6월 4일 17시,금요일,전라북도 익산시 어양동,중상사고,0,1,0,0,차대차 - 측면충돌,교차로운행방법위반,건조,맑음,교차로 - 교차로안,승용,여,28세,상해없음,자전거,여,75세,중상
2021060400100464,2021년 6월 4일 17시,금요일,전라북도 익산시 신동,경상사고,0,0,2,0,차대차 - 측면충돌,신호위반,건조,맑음,교차로 - 교차로부근,승용,남,25세,상해없음,승용,여,60세,경상
2021060400100520,2021년 6월 4일 18시,금요일,전라북도 전주시 완산구 상림동,경상사고,0,0,1,0,차대차 - 추돌,안전운전불이행,건조,맑음,교차로 - 교차로부근,승용,여,33세,상해없음,승용,남,50세,경상
2021060400100521,2021년 6월 4일 18시,금요일,전라북도 전주시 완산구 중화산동2가,경상사고,0,0,1,0,차대차 - 측면충돌,직진우회전진행방해,건조,맑음,교차로 - 교차로안,화물,남,42세,상해없음,승용,남,41세,경상
2021060400100522,2021년 6월 4일 18시,금요일,전라북도 군산시 나운동,중상사고,0,1,0,0,차대사람 - 길가장자리구역통행중,안전운전불이행,건조,맑음,교차로 - 교차로안,승용,남,53세,상해없음,보행자,여,63세,중상
2021060400100572,2021년 6월 4일 19시,금요일,전라북도 전주시 완산구 평화동1가,경상사고,0,0,2,0,차대차 - 추돌,안전운전불이행,건조,맑음,교차로 - 교차로안,승용,남,57세,상해없음,승용,남,43세,경상
2021060400100573,2021년 6월 4일 19시,금요일,전라북도 군산시 조촌동,중상사고,0,1,0,0,차대사람 - 길가장자리구역통행중,안전운전불이행,건조,맑음,교차로 - 교차로안,승합,남,44세,상해없음,보행자,남,59세,중상
2021060400100597,2021년 6월 4일 20시,금요일,전라북도 전주시 덕진구 덕진동2가,사망사고,1,0,0,0,차대차 - 측면충돌,안전거리미확보,건조,맑음,단일로 - 기타,자전거,여,71세,사망,승용,남,28세,상해없음
2021060400100598,2021년 6월 4일 20시,금요일,전라북도 익산시 오산면,경상사고,0,0,1,0,차대차 - 측면충돌,안전운전불이행,건조,맑음,교차로 - 교차로안,승용,남,68세,상해없음,이륜,여,65세,경상
2021060400100599,2021년 6월 4일 20시,금요일,전라북도 김제시 신풍동,경상사고,0,0,1,0,차대사람 - 기타,안전운전불이행,건조,맑음,단일로 - 기타,승용,여,62세,상해없음,보행자,여,18세,경상
2021060400100661,2021년 6월 4일 22시,금요일,전라북도 익산시 왕궁면,경상사고,0,0,1,0,차대차 - 측면충돌,안전운전불이행,건조,맑음,교차로 - 교차로안,승용,여,18세,상해없음,화물,남,54세,경상
2021060400100680,2021년 6월 4일 23시,금요일,전라북도 군산시 나운동,경상사고,0,0,3,0,차대차 - 측면충돌,중앙선침범,건조,맑음,교차로 - 교차로부근,화물,남,36세,상해없음,승합,남,63세,경상
2021060500100009,2021년 6월 5일 00시,토요일,전라북도 전주시 덕진구 인후동2가,경상사고,0,0,2,0,차대차 - 추돌,안전운전불이행,건조,맑음,교차로 - 교차로부근,승용,남,56세,상해없음,승용,남,66세,경상
2021060500100010,2021년 6월 5일 00시,토요일,전라북도 군산시 지곡동,중상사고,0,1,0,0,차대차 - 측면충돌,신호위반,건조,맑음,교차로 - 교차로안,승용,남,63세,상해없음,이륜,남,26세,중상
2021060500100046,2021년 6월 5일 04시,토요일,전라북도 군산시 나운동,중상사고,0,1,0,0,차대차 - 측면충돌,안전운전불이행,건조,맑음,교차로 - 교차로안,승용,남,22세,상해없음,자전거,여,64세,중상
2021060500100047,2021년 6월 5일 04시,토요일,전라북도 익산시 황등면,중상사고,0,1,0,0,차대차 - 측면충돌,안전운전불이행,건조,맑음,단일로 - 기타,화물,남,62세,상해없음,승용,남,24세,중상
2021060500100081,2021년 6월 5일 08시,토요일,전라북도 군산시 나운동,경상사고,0,0,1,0,차대차 - 기타,차로위반,기타,맑음,단일로 - 기타,승용,여,31세,상해없음,승용,여,48세,경상
2021060500100104,2021년 6월 5일 09시,토요일,전라북도 전주시 완산구 효자동2가,중상사고,0,1,0,0,차대차 - 측면충돌,신호위반,건조,맑음,교차로 - 교차로횡단보도내,승용,여,28세,상해없음,개인형이동수단(PM),여,17세,중상
2021060500100105,2021년 6월 5일 09시,토요일,전라북도 군산시 서수면,경상사고,0,0,1,0,차대차 - 정면충돌,안전운전불이행,건조,맑음,단일로 - 지하차도(도로)내,화물,남,44세,상해없음,이륜,남,73세,경상
2021060500100106,2021년 6월 5일 09시,토요일,전라북도 부안군 변산면,중상사고,0,1,1,0,차대차 - 측면충돌,안전운전불이행,건조,맑음,교차로 - 교차로안,이륜,남,82세,중상,승용,여,66세,경상
2021060500100138,2021년 6월 5일 10시,토요일,전라북도 전주시 덕진구 우아동3가,경상사고,0,0,1,0,차대차 - 측면충돌,안전운전불이행,건조,맑음,단일로 - 기타,승용,남,81세,상해없음,승용,여,61세,경상
2021060500100139,2021년 6월 5일 10시,토요일,전라북도 무주군 무주읍,중상사고,0,1,0,0,차대사람 - 차도통행중,안전운전불이행,건조,맑음,교차로 - 교차로안,승용,여,44세,상해없음,보행자,남,72세,중상
2021060500100186,2021년 6월 5일 11시,토요일,전라북도 정읍시 칠보면,중상사고,0,1,0,0,차대차 - 측면충돌,신호위반,건조,맑음,교차로 - 교차로부근,이륜,남,79세,중상,승용,여,61세,상해없음
2021060500100293,2021년 6월 5일 13시,토요일,전라북도 익산시 용안면,중상사고,0,1,0,0,차대차 - 추돌,안전운전불이행,건조,맑음,단일로 - 기타,승용,여,59세,상해없음,화물,남,70세,기타불명
2021060500100428,2021년 6월 5일 16시,토요일,전라북도 전주시 완산구 효자동1가,중상사고,0,1,0,0,차대차 - 측면충돌,신호위반,건조,맑음,교차로 - 교차로안,승용,여,34세,상해없음,이륜,남,39세,중상
2021060500100429,2021년 6월 5일 16시,토요일,전라북도 김제시 명덕동,중상사고,0,1,0,0,차량단독 - 공작물충돌,안전운전불이행,건조,맑음,단일로 - 기타,승용,남,78세,상해없음,,,,
2021060500100492,2021년 6월 5일 18시,토요일,전라북도 익산시 임상동,경상사고,0,0,1,0,차대차 - 측면충돌,안전운전불이행,건조,맑음,교차로 - 교차로안,화물,남,61세,상해없음,승용,여,59세,경상
2021060500100520,2021년 6월 5일 19시,토요일,전라북도 익산시 마동,경상사고,0,0,1,0,차대차 - 정면충돌,안전운전불이행,건조,맑음,단일로 - 기타,승용,남,36세,상해없음,이륜,남,74세,경상
2021060500100521,2021년 6월 5일 19시,토요일,전라북도 익산시 오산면,경상사고,0,0,1,0,차대차 - 측면충돌,신호위반,건조,맑음,교차로 - 교차로안,승용,남,39세,상해없음,자전거,남,23세,경상
2021060500100544,2021년 6월 5일 20시,토요일,전라북도 정읍시 상평동,경상사고,0,0,1,0,차대차 - 측면충돌,안전운전불이행,건조,맑음,교차로 - 교차로부근,이륜,남,79세,경상,화물,남,60세,상해없음
2021060500100587,2021년 6월 5일 22시,토요일,전라북도 남원시 하정동,중상사고,0,1,0,0,차대차 - 기타,안전운전불이행,기타,맑음,교차로 - 교차로부근,승용,남,42세,상해없음,자전거,여,64세,중상
2021060500100613,2021년 6월 5일 23시,토요일,전라북도 군산시 나운동,경상사고,0,0,1,0,차대차 - 측면충돌,안전거리미확보,건조,맑음,단일로 - 지하차도(도로)내,승용,남,22세,상해없음,승용,남,35세,경상
2021060600100023,2021년 6월 6일 02시,일요일,전라북도 군산시 수송동,중상사고,0,1,0,0,차대사람 - 차도통행중,안전운전불이행,건조,맑음,단일로 - 지하차도(도로)내,승용,남,45세,상해없음,보행자,남,21세,중상
2021060600100038,2021년 6월 6일 04시,일요일,전라북도 전주시 완산구 효자동3가,경상사고,0,0,2,0,차대차 - 기타,안전운전불이행,건조,맑음,교차로 - 교차로부근,승용,남,31세,상해없음,승용,남,27세,경상
2021060600100089,2021년 6월 6일 10시,일요일,전라북도 임실군 신덕면,경상사고,0,0,3,0,차대차 - 측면충돌,신호위반,건조,맑음,교차로 - 교차로안,승용,남,69세,상해없음,승용,남,37세,경상
2021060600100366,2021년 6월 6일 19시,일요일,전라북도 군산시 옥산면,경상사고,0,0,3,0,차대차 - 측면충돌,안전운전불이행,건조,맑음,교차로 - 교차로안,화물,여,68세,경상,승용,여,49세,경상
2021060600100367,2021년 6월 6일 19시,일요일,전라북도 순창군 풍산면,중상사고,0,1,0,0,차대차 - 정면충돌,안전운전불이행,건조,맑음,교차로 - 교차로안,이륜,남,76세,중상,화물,남,42세,상해없음
2021060600100410,2021년 6월 6일 21시,일요일,전라북도 고창군 고창읍,경상사고,0,0,2,0,차대차 - 측면충돌,중앙선침범,건조,맑음,단일로 - 기타,승용,남,64세,상해없음,승용,남,57세,경상
2021060600100446,2021년 6월 6일 23시,일요일,전라북도 군산시 수송동,중상사고,0,1,0,0,차대차 - 측면충돌,안전운전불이행,건조,맑음,교차로 - 교차로부근,승용,남,64세,상해없음,이륜,남,48세,중상
2021060700100013,2021년 6월 7일 04시,월요일,전라북도 익산시 신동,경상사고,0,0,1,0,차대차 - 추돌,안전운전불이행,건조,맑음,교차로 - 교차로안,승용,남,26세,상해없음,승용,남,57세,경상
2021060700100023,2021년 6월 7일 06시,월요일,전라북도 군산시 산북동,사망사고,1,0,0,1,차대차 - 측면충돌,기타,건조,맑음,교차로 - 교차로안,승용,남,48세,부상신고,이륜,남,81세,사망
2021060700100104,2021년 6월 7일 09시,월요일,전라북도 익산시 신흥동,경상사고,0,0,2,0,차대차 - 추돌,안전운전불이행,건조,맑음,교차로 - 교차로부근,승용,남,62세,상해없음,승용,여,59세,경상
2021060700100135,2021년 6월 7일 10시,월요일,전라북도 군산시 나운동,경상사고,0,0,1,0,차대사람 - 차도통행중,안전운전불이행,건조,맑음,교차로 - 교차로부근,승용,남,39세,상해없음,보행자,남,69세,경상
2021060700100210,2021년 6월 7일 12시,월요일,전라북도 익산시 동산동,경상사고,0,0,1,0,차대사람 - 차도통행중,안전운전불이행,건조,맑음,단일로 - 기타,승용,남,67세,상해없음,보행자,여,62세,경상
2021060700100211,2021년 6월 7일 12시,월요일,전라북도 남원시 고죽동,경상사고,0,0,5,0,차대차 - 측면충돌,차로위반,건조,맑음,교차로 - 교차로안,승용,남,66세,상해없음,승용,남,27세,경상
2021060700100247,2021년 6월 7일 13시,월요일,전라북도 전주시 완산구 효자동3가,경상사고,0,0,1,0,차대차 - 측면충돌,신호위반,건조,맑음,교차로 - 교차로안,승용,남,61세,상해없음,승용,남,26세,경상
2021060700100248,2021년 6월 7일 13시,월요일,전라북도 전주시 덕진구 전미동1가,경상사고,0,0,1,0,차대차 - 기타,신호위반,건조,맑음,교차로 - 교차로안,승용,여,73세,상해없음,승용,여,41세,경상
2021060700100249,2021년 6월 7일 13시,월요일,전라북도 익산시 인화동1가,경상사고,0,0,2,0,차대차 - 정면충돌,신호위반,건조,맑음,교차로 - 교차로안,승용,남,63세,상해없음,승용,남,61세,경상
2021060700100250,2021년 6월 7일 13시,월요일,전라북도 정읍시 농소동,경상사고,0,0,1,0,차대차 - 기타,차로위반,건조,맑음,교차로 - 교차로부근,승용,여,61세,상해없음,승용,여,46세,경상
2021060700100277,2021년 6월 7일 14시,월요일,전라북도 전주시 완산구 중화산동1가,경상사고,0,0,2,0,차대차 - 측면충돌,안전운전불이행,건조,맑음,단일로 - 기타,승용,여,61세,상해없음,승용,남,26세,경상
2021060700100318,2021년 6월 7일 15시,월요일,전라북도 전주시 덕진구 덕진동1가,중상사고,0,1,0,0,차대차 - 측면충돌,차로위반,건조,맑음,단일로 - 기타,승용,남,36세,상해없음,원동기,남,65세,중상
2021060700100416,2021년 6월 7일 17시,월요일,전라북도 전주시 덕진구 우아동3가,경상사고,0,0,1,0,차대차 - 측면충돌,교차로운행방법위반,건조,맑음,교차로 - 교차로안,승용,남,60세,상해없음,승용,여,54세,경상
2021060700100467,2021년 6월 7일 18시,월요일,전라북도 전주시 덕진구 덕진동1가,경상사고,0,0,1,0,차대차 - 측면충돌,교차로운행방법위반,건조,맑음,교차로 - 교차로안,승용,남,47세,상해없음,승용,남,39세,경상
2021060700100560,2021년 6월 7일 21시,월요일,전라북도 익산시 부송동,경상사고,0,0,2,0,차대사람 - 횡단중,안전운전불이행,건조,맑음,단일로 - 기타,화물,남,60세,상해없음,보행자,여,22세,경상
2021060700100587,2021년 6월 7일 22시,월요일,전라북도 군산시 나운동,경상사고,0,0,3,0,차대차 - 측면충돌,안전운전불이행,건조,맑음,교차로 - 교차로안,승용,남,47세,상해없음,승용,남,34세,경상
2021060700100588,2021년 6월 7일 22시,월요일,전라북도 군산시 수송동,중상사고,0,1,0,0,차대차 - 측면충돌,신호위반,건조,맑음,교차로 - 교차로안,승용,남,18세,상해없음,승용,남,67세,중상
2021060700100606,2021년 6월 7일 23시,월요일,전라북도 전주시 완산구 서신동,경상사고,0,0,2,0,차대차 - 측면충돌,신호위반,건조,맑음,교차로 - 교차로안,승용,여,54세,경상,승용,남,23세,경상
2021060800100012,2021년 6월 8일 02시,화요일,전라북도 전주시 완산구 서신동,경상사고,0,0,4,0,차대차 - 측면충돌,신호위반,건조,맑음,교차로 - 교차로안,승용,남,44세,경상,승합,남,48세,경상
2021060800100028,2021년 6월 8일 06시,화요일,전라북도 전주시 덕진구 우아동2가,경상사고,0,0,1,0,차대차 - 측면충돌,직진우회전진행방해,건조,흐림,교차로 - 교차로안,화물,남,54세,상해없음,승용,남,40세,경상
2021060800100084,2021년 6월 8일 08시,화요일,전라북도 남원시 송동면,경상사고,0,0,1,0,차대차 - 측면충돌,신호위반,건조,맑음,교차로 - 교차로안,승용,여,45세,상해없음,이륜,남,74세,경상
2021060800100118,2021년 6월 8일 09시,화요일,전라북도 군산시 대명동,경상사고,0,0,1,0,차대사람 - 횡단중,신호위반,건조,맑음,단일로 - 기타,승용,남,68세,상해없음,보행자,여,38세,경상
2021060800100192,2021년 6월 8일 11시,화요일,전라북도 부안군 줄포면,경상사고,0,0,2,0,차대차 - 정면충돌,안전운전불이행,건조,맑음,교차로 - 교차로안,화물,남,74세,경상,화물,여,70세,경상
2021060800100261,2021년 6월 8일 13시,화요일,전라북도 순창군 풍산면,중상사고,0,1,1,0,차대차 - 기타,안전운전불이행,건조,맑음,교차로 - 교차로안,건설기계,남,50세,상해없음,이륜,남,79세,경상
2021060800100330,2021년 6월 8일 15시,화요일,전라북도 익산시 오산면,경상사고,0,0,2,0,차대차 - 추돌,안전운전불이행,건조,맑음,교차로 - 교차로부근,특수,남,60세,상해없음,화물,여,62세,경상
2021060800100367,2021년 6월 8일 16시,화요일,전라북도 군산시 나운동,경상사고,0,0,1,0,차대차 - 측면충돌,안전운전불이행,건조,맑음,단일로 - 기타,승용,남,43세,상해없음,자전거,남,9세,경상
2021060800100368,2021년 6월 8일 16시,화요일,전라북도 익산시 함열읍,경상사고,0,0,1,0,차대차 - 측면충돌,신호위반,건조,맑음,교차로 - 교차로안,화물,남,56세,상해없음,승용,여,48세,경상
2021060800100369,2021년 6월 8일 16시,화요일,전라북도 익산시 팔봉동,경상사고,0,0,2,0,차대차 - 추돌,안전운전불이행,건조,맑음,단일로 - 기타,화물,남,35세,상해없음,승용,남,62세,경상
2021060800100370,2021년 6월 8일 16시,화요일,전라북도 부안군 부안읍,경상사고,0,0,1,0,차대사람 - 횡단중,신호위반,건조,맑음,교차로 - 교차로안,승용,여,42세,상해없음,보행자,여,10세,경상
2021060800100403,2021년 6월 8일 17시,화요일,전라북도 익산시 부송동,경상사고,0,0,3,0,차대차 - 측면충돌,신호위반,건조,맑음,교차로 - 교차로안,승용,남,53세,상해없음,승용,남,22세,경상
2021060800100454,2021년 6월 8일 18시,화요일,전라북도 군산시 대명동,경상사고,0,0,1,0,차대사람 - 횡단중,보행자보호의무위반,건조,맑음,단일로 - 기타,승용,남,72세,상해없음,보행자,여,51세,경상
2021060800100455,2021년 6월 8일 18시,화요일,전라북도 익산시 인화동2가,경상사고,0,0,2,0,차대차 - 측면충돌,안전운전불이행,건조,맑음,단일로 - 기타,승용,남,34세,상해없음,승용,남,71세,경상