사고번호,사고일시,요일,시군구,사고내용,사망자수,중상자수,경상자수,부상신고자수,사고유형,법규위반,노면상태,기상상태,도로형태,가해운전자 차종,가해운전자 성별,가해운전자 연령,가해운전자 상해정도,피해운전자 차종,피해운전자 성별,피해운전자 연령,피해운전자 상해정도
2021060800100493,2021년 6월 8일 19시,화요일,전라북도 전주시 완산구 서신동,경상사고,0,0,1,0,차대차 - 측면충돌,신호위반,건조,맑음,단일로 - 기타,승용,남,22세,상해없음,승용,여,53세,경상
2021060800100494,2021년 6월 8일 19시,화요일,전라북도 임실군 신덕면,중상사고,0,1,0,0,차대차 - 측면충돌,신호위반,건조,맑음,교차로 - 교차로안,승용,남,22세,상해없음,승용,남,42세,중상
2021060900100031,2021년 6월 9일 06시,수요일,전라북도 부안군 하서면,중상사고,0,1,0,0,차량단독 - 공작물충돌,안전운전불이행,건조,맑음,단일로 - 기타,건설기계,남,72세,중상,,,,
2021060900100085,2021년 6월 9일 08시,수요일,전라북도 전주시 완산구 중화산동2가,중상사고,0,1,0,0,차대차 - 측면충돌,신호위반,건조,맑음,교차로 - 교차로횡단보도내,승용,남,54세,상해없음,개인형이동수단(PM),남,36세,중상
2021060900100086,2021년 6월 9일 08시,수요일,전라북도 정읍시 산외면,경상사고,0,0,2,0,차대차 - 기타,신호위반,건조,맑음,교차로 - 교차로안,승용,남,58세,경상,화물,남,56세,경상
2021060900100147,2021년 6월 9일 10시,수요일,전라북도 전주시 완산구 효자동1가,경상사고,0,0,2,0,차대차 - 측면충돌,중앙선침범,건조,맑음,교차로 - 교차로부근,승용,남,65세,상해없음,승용,남,54세,경상
2021060900100178,2021년 6월 9일 11시,수요일,전라북도 김제시 요촌동,중상사고,0,1,0,0,차대차 - 정면충돌,안전운전불이행,건조,맑음,교차로 - 교차로안,승용,남,66세,상해없음,자전거,남,75세,중상
2021060900100252,2021년 6월 9일 13시,수요일,전라북도 전주시 덕진구 송천동2가,경상사고,0,0,1,0,차대차 - 측면충돌,교차로운행방법위반,건조,맑음,교차로 - 교차로안,승용,여,22세,상해없음,승용,남,33세,경상
2021060900100253,2021년 6월 9일 13시,수요일,전라북도 군산시 산북동,경상사고,0,0,1,0,차대사람 - 기타,안전운전불이행,건조,맑음,기타 - 기타,승용,남,52세,상해없음,보행자,여,45세,경상
2021060900100322,2021년 6월 9일 15시,수요일,전라북도 남원시 도통동,중상사고,0,1,0,0,차대차 - 측면충돌,안전운전불이행,건조,맑음,교차로 - 교차로횡단보도내,화물,남,54세,상해없음,자전거,여,68세,중상
2021060900100323,2021년 6월 9일 15시,수요일,전라북도 부안군 동진면,경상사고,0,0,2,0,차대차 - 추돌,안전운전불이행,건조,맑음,교차로 - 교차로부근,승용,여,52세,상해없음,승합,남,30세,경상
2021060900100414,2021년 6월 9일 17시,수요일,전라북도 전주시 완산구 중화산동1가,중상사고,0,2,1,0,차대사람 - 보도통행중,기타,건조,맑음,단일로 - 기타,승용,여,50세,상해없음,보행자,여,22세,경상
2021060900100415,2021년 6월 9일 17시,수요일,전라북도 전주시 완산구 경원동1가,중상사고,0,1,0,0,차량단독 - 기타,안전운전불이행,건조,맑음,단일로 - 기타,승합,남,58세,상해없음,,,,
2021060900100416,2021년 6월 9일 17시,수요일,전라북도 익산시 송학동,경상사고,0,0,1,0,차대사람 - 차도통행중,안전운전불이행,건조,맑음,교차로 - 교차로안,승용,남,61세,상해없음,보행자,남,80세,경상
2021060900100417,2021년 6월 9일 17시,수요일,전라북도 김제시 황산동,중상사고,0,1,0,0,차대차 - 측면충돌,안전운전불이행,건조,맑음,단일로 - 기타,농기계,남,23세,상해없음,승용,남,61세,중상
2021060900100418,2021년 6월 9일 17시,수요일,전라북도 고창군 해리면,경상사고,0,0,1,0,차대사람 - 기타,안전운전불이행,건조,맑음,기타 - 기타,승용,남,39세,상해없음,보행자,남,63세,경상
2021060900100485,2021년 6월 9일 18시,수요일,전라북도 전주시 덕진구 덕진동1가,경상사고,0,0,1,0,차대차 - 측면충돌,안전거리미확보,건조,맑음,교차로 - 교차로안,승용,남,22세,상해없음,승용,여,43세,경상
2021060900100486,2021년 6월 9일 18시,수요일,전라북도 익산시 성당면,중상사고,0,1,0,0,차대차 - 측면충돌,직진우회전진행방해,건조,맑음,교차로 - 교차로안,승용,남,58세,상해없음,이륜,여,61세,중상
2021060900100585,2021년 6월 9일 21시,수요일,전라북도 김제시 요촌동,중상사고,0,1,0,0,차대사람 - 보도통행중,보행자보호의무위반,건조,맑음,교차로 - 교차로안,화물,남,53세,상해없음,보행자,남,66세,중상
2021061000100043,2021년 6월 10일 06시,목요일,전라북도 전주시 완산구 색장동,사망사고,1,0,0,0,차대차 - 추돌,안전운전불이행,건조,맑음,단일로 - 기타,이륜,남,69세,사망,승용,여,59세,상해없음
2021061000100044,2021년 6월 10일 06시,목요일,전라북도 순창군 동계면,부상신고사고,0,0,0,1,차대차 - 정면충돌,신호위반,건조,맑음,교차로 - 교차로안,이륜,여,75세,부상신고,승용,여,44세,상해없음
2021061000100064,2021년 6월 10일 07시,목요일,전라북도 군산시 오식도동,경상사고,0,0,2,0,차대차 - 측면충돌,기타,건조,맑음,교차로 - 교차로안,승용,남,44세,경상,승용,남,53세,경상
2021061000100171,2021년 6월 10일 10시,목요일,전라북도 전주시 덕진구 우아동3가,경상사고,0,0,1,0,차대차 - 측면충돌,신호위반,건조,맑음,교차로 - 교차로부근,승용,남,75세,상해없음,승용,남,42세,경상
2021061000100172,2021년 6월 10일 10시,목요일,전라북도 군산시 나운동,경상사고,0,0,1,0,차대차 - 기타,안전운전불이행,건조,맑음,단일로 - 기타,화물,남,40세,상해없음,이륜,남,73세,경상
2021061000100352,2021년 6월 10일 15시,목요일,전라북도 무주군 설천면,사망사고,1,0,0,0,차량단독 - 공작물충돌,기타,건조,맑음,단일로 - 지하차도(도로)내,이륜,남,27세,사망,,,,
2021061000100385,2021년 6월 10일 16시,목요일,전라북도 전주시 완산구 효자동3가,경상사고,0,0,1,0,차대사람 - 기타,안전운전불이행,건조,맑음,기타 - 기타,승용,남,46세,상해없음,보행자,남,29세,경상
2021061000100386,2021년 6월 10일 16시,목요일,전라북도 군산시 옥구읍,중상사고,0,1,0,0,차대차 - 측면충돌,기타,건조,흐림,단일로 - 기타,이륜,남,28세,상해없음,자전거,여,68세,중상
2021061000100480,2021년 6월 10일 18시,목요일,전라북도 군산시 나운동,경상사고,0,0,1,0,차대차 - 추돌,안전운전불이행,젖음/습기,비,교차로 - 교차로부근,승용,남,43세,상해없음,이륜,남,44세,경상
2021061000100481,2021년 6월 10일 18시,목요일,전라북도 진안군 주천면,중상사고,0,1,0,0,차량단독 - 전도전복 - 전도,안전운전불이행,건조,흐림,단일로 - 기타,이륜,남,78세,중상,,,,
2021061000100482,2021년 6월 10일 18시,목요일,전라북도 순창군 쌍치면,중상사고,0,1,0,0,차대차 - 측면충돌,안전운전불이행,젖음/습기,비,단일로 - 기타,화물,남,46세,상해없음,농기계,남,77세,중상
2021061000100516,2021년 6월 10일 19시,목요일,전라북도 무주군 무주읍,경상사고,0,0,2,0,차대차 - 측면충돌,신호위반,젖음/습기,비,교차로 - 교차로안,승용,남,48세,상해없음,승용,여,48세,경상
2021061000100588,2021년 6월 10일 21시,목요일,전라북도 부안군 변산면,경상사고,0,0,1,0,차대차 - 측면충돌,교차로운행방법위반,젖음/습기,비,교차로 - 교차로안,승용,여,47세,상해없음,승용,여,53세,경상
2021061000100617,2021년 6월 10일 22시,목요일,전라북도 군산시 수송동,경상사고,0,0,2,0,차대차 - 기타,안전운전불이행,젖음/습기,비,교차로 - 교차로부근,승용,남,40세,상해없음,승용,여,27세,경상
2021061000100648,2021년 6월 10일 23시,목요일,전라북도 김제시 교동,부상신고사고,0,0,0,1,차량단독 - 공작물충돌,안전운전불이행,젖음/습기,맑음,단일로 - 기타,승용,남,57세,부상신고,,,,
2021061100100005,2021년 6월 11일 00시,금요일,전라북도 전주시 완산구 효자동3가,경상사고,0,0,1,0,차대차 - 추돌,안전운전불이행,젖음/습기,비,교차로 - 교차로부근,승용,여,25세,상해없음,승용,남,56세,경상
2021061100100040,2021년 6월 11일 04시,금요일,전라북도 익산시 모현동2가,경상사고,0,0,1,0,차대차 - 측면충돌,안전거리미확보,젖음/습기,비,단일로 - 기타,승용,남,15세,상해없음,승용,남,56세,경상
2021061100100160,2021년 6월 11일 10시,금요일,전라북도 남원시 동충동,부상신고사고,0,0,0,1,차대차 - 측면충돌,교차로운행방법위반,기타,맑음,교차로 - 교차로안,자전거,남,65세,부상신고,승용,여,38세,상해없음
2021061100100230,2021년 6월 11일 12시,금요일,전라북도 전주시 완산구 전동3가,중상사고,0,1,0,0,차대사람 - 길가장자리구역통행중,안전운전불이행,건조,맑음,교차로 - 교차로안,승용,여,70세,상해없음,보행자,여,65세,중상
2021061100100231,2021년 6월 11일 12시,금요일,전라북도 군산시 소룡동,경상사고,0,0,2,0,차대차 - 추돌,안전거리미확보,건조,흐림,교차로 - 교차로안,승용,남,61세,경상,이륜,남,46세,경상
2021061100100303,2021년 6월 11일 14시,금요일,전라북도 군산시 대명동,경상사고,0,0,1,0,차대사람 - 기타,안전운전불이행,건조,맑음,교차로 - 교차로부근,화물,남,73세,상해없음,보행자,남,66세,경상
2021061100100341,2021년 6월 11일 15시,금요일,전라북도 전주시 덕진구 팔복동2가,경상사고,0,0,1,0,차대차 - 측면충돌,신호위반,건조,맑음,교차로 - 교차로안,승용,여,38세,상해없음,승용,여,56세,경상
2021061100100374,2021년 6월 11일 16시,금요일,전라북도 전주시 완산구 삼천동1가,경상사고,0,0,1,0,차대차 - 측면충돌,안전운전불이행,건조,맑음,교차로 - 교차로안,승용,남,64세,상해없음,승용,남,54세,상해없음
2021061100100415,2021년 6월 11일 17시,금요일,전라북도 익산시 부송동,중상사고,0,1,0,0,차대차 - 측면충돌,직진우회전진행방해,건조,맑음,교차로 - 교차로안,승용,여,53세,상해없음,이륜,남,31세,중상
2021061100100517,2021년 6월 11일 19시,금요일,전라북도 익산시 금강동,경상사고,0,0,2,0,차대차 - 추돌,안전운전불이행,건조,맑음,교차로 - 교차로안,승용,남,27세,기타불명,승용,여,61세,경상
2021061100100544,2021년 6월 11일 20시,금요일,전라북도 전주시 완산구 다가동3가,경상사고,0,0,3,0,차대차 - 기타,신호위반,건조,맑음,교차로 - 교차로안,승용,남,21세,상해없음,승용,여,52세,경상
2021061200100005,2021년 6월 12일 00시,토요일,전라북도 완주군 상관면,사망사고,1,0,0,0,차량단독 - 공작물충돌,안전운전불이행,건조,흐림,교차로 - 교차로안,승용,여,31세,사망,,,,
2021061200100023,2021년 6월 12일 02시,토요일,전라북도 정읍시 상평동,사망사고,1,0,0,0,차대차 - 추돌,안전운전불이행,건조,맑음,단일로 - 기타,화물,남,39세,사망,승용,남,18세,기타불명
2021061200100074,2021년 6월 12일 08시,토요일,전라북도 완주군 용진읍,중상사고,0,1,0,0,차량단독 - 기타,안전운전불이행,건조,맑음,단일로 - 기타,사륜오토바이(ATV),여,64세,중상,,,,
2021061200100149,2021년 6월 12일 10시,토요일,전라북도 익산시 인화동2가,경상사고,0,0,2,0,차대차 - 측면충돌,안전운전불이행,건조,맑음,교차로 - 교차로부근,승용,남,33세,상해없음,승용,남,45세,경상
2021061200100150,2021년 6월 12일 10시,토요일,전라북도 익산시 영등동,경상사고,0,0,2,0,차대차 - 추돌,안전운전불이행,건조,맑음,교차로 - 교차로부근,승용,남,68세,상해없음,승용,남,54세,경상
2021061200100186,2021년 6월 12일 11시,토요일,전라북도 전주시 완산구 효자동2가,경상사고,0,0,4,0,차대차 - 기타,안전운전불이행,건조,맑음,단일로 - 기타,화물,남,35세,경상,승용,여,52세,경상
2021061200100187,2021년 6월 12일 11시,토요일,전라북도 군산시 중앙로1가,경상사고,0,0,1,0,차대차 - 추돌,교차로운행방법위반,건조,맑음,교차로 - 교차로안,승용,여,27세,상해없음,승용,남,60세,경상
2021061200100236,2021년 6월 12일 12시,토요일,전라북도 정읍시 연지동,경상사고,0,0,1,0,차대사람 - 보도통행중,보행자보호의무위반,건조,맑음,교차로 - 교차로횡단보도내,화물,남,54세,상해없음,보행자,여,15세,경상
2021061200100278,2021년 6월 12일 13시,토요일,전라북도 군산시 비응도동,경상사고,0,0,1,0,차대차 - 추돌,신호위반,건조,맑음,교차로 - 교차로부근,승용,남,73세,상해없음,승용,남,53세,경상
2021061200100279,2021년 6월 12일 13시,토요일,전라북도 진안군 안천면,중상사고,0,2,1,0,차대차 - 정면충돌,중앙선침범,건조,맑음,단일로 - 터널,원동기,남,40세,중상,승용,남,41세,상해없음
2021061200100360,2021년 6월 12일 15시,토요일,전라북도 전주시 덕진구 반월동,경상사고,0,0,1,0,차대차 - 측면충돌,안전운전불이행,건조,맑음,교차로 - 교차로안,승용,남,32세,상해없음,화물,남,65세,경상
2021061200100361,2021년 6월 12일 15시,토요일,전라북도 군산시 수송동,경상사고,0,0,3,0,차대차 - 추돌,신호위반,건조,맑음,교차로 - 교차로안,승용,남,22세,상해없음,승용,여,36세,경상
2021061200100399,2021년 6월 12일 16시,토요일,전라북도 전주시 덕진구 금암동,경상사고,0,0,1,0,차대차 - 측면충돌,차로위반,건조,맑음,단일로 - 기타,승용,여,52세,상해없음,승용,남,70세,경상
2021061200100542,2021년 6월 12일 20시,토요일,전라북도 군산시 산북동,경상사고,0,0,1,0,차대차 - 추돌,안전운전불이행,건조,맑음,단일로 - 기타,화물,남,35세,상해없음,이륜,남,24세,경상
2021061300100009,2021년 6월 13일 00시,일요일,전라북도 익산시 어양동,경상사고,0,0,2,0,차대차 - 측면충돌,신호위반,건조,맑음,단일로 - 기타,승용,남,27세,상해없음,승용,남,58세,경상
2021061300100010,2021년 6월 13일 00시,일요일,전라북도 익산시 신동,경상사고,0,0,1,0,차대차 - 후진중충돌,안전운전불이행,건조,맑음,교차로 - 교차로안,승용,남,36세,상해없음,이륜,남,19세,경상
2021061300100048,2021년 6월 13일 07시,일요일,전라북도 군산시 나운동,경상사고,0,0,2,0,차대차 - 기타,안전운전불이행,건조,맑음,교차로 - 교차로부근,승용,남,21세,상해없음,승용,남,47세,경상
2021061300100069,2021년 6월 13일 09시,일요일,전라북도 순창군 팔덕면,사망사고,1,0,0,0,차량단독 - 기타,안전운전불이행,건조,맑음,단일로 - 기타,화물,남,70세,사망,,,,
2021061300100087,2021년 6월 13일 10시,일요일,전라북도 부안군 동진면,경상사고,0,0,3,0,차대차 - 측면충돌,안전운전불이행,건조,맑음,단일로 - 기타,화물,남,60세,상해없음,승용,남,20세,경상
2021061300100417,2021년 6월 13일 20시,일요일,전라북도 정읍시 상동,경상사고,0,0,3,0,차대차 - 측면충돌,신호위반,건조,맑음,교차로 - 교차로안,승용,남,78세,상해없음,승용,여,45세,경상
2021061400100006,2021년 6월 14일 01시,월요일,전라북도 전주시 덕진구 인후동1가,중상사고,0,2,0,0,차대차 - 정면충돌,안전운전불이행,건조,맑음,교차로 - 교차로안,승용,남,32세,상해없음,승용,남,62세,중상
2021061400100036,2021년 6월 14일 06시,월요일,전라북도 남원시 갈치동,경상사고,0,0,3,0,차대차 - 추돌,안전운전불이행,건조,맑음,단일로 - 기타,화물,남,47세,경상,화물,남,53세,경상
2021061400100037,2021년 6월 14일 06시,월요일,전라북도 진안군 부귀면,중상사고,0,1,1,0,차대차 - 측면충돌,기타,건조,맑음,교차로 - 교차로안,승용,남,48세,경상,승용,남,60세,상해없음
2021061400100096,2021년 6월 14일 08시,월요일,전라북도 전주시 덕진구 금암동,중상사고,0,1,0,0,차대사람 - 횡단중,보행자보호의무위반,건조,맑음,교차로 - 교차로횡단보도내,화물,남,28세,상해없음,보행자,여,38세,중상
2021061400100097,2021년 6월 14일 08시,월요일,전라북도 전주시 덕진구 진북동,중상사고,0,1,0,0,차대차 - 측면충돌,안전운전불이행,건조,맑음,단일로 - 기타,승용,남,37세,상해없음,승용,남,55세,중상
2021061400100098,2021년 6월 14일 08시,월요일,전라북도 익산시 부송동,경상사고,0,0,1,0,차대사람 - 보도통행중,안전운전불이행,건조,맑음,교차로 - 교차로부근,승용,남,50세,상해없음,보행자,남,14세,경상
2021061400100099,2021년 6월 14일 08시,월요일,전라북도 김제시 신풍동,경상사고,0,0,1,0,차대차 - 측면충돌,신호위반,건조,맑음,교차로 - 교차로부근,이륜,남,18세,경상,승용,남,55세,상해없음
2021061400100100,2021년 6월 14일 08시,월요일,전라북도 남원시 동충동,경상사고,0,0,1,0,차대차 - 측면충돌,직진우회전진행방해,건조,맑음,교차로 - 교차로안,승용,여,29세,상해없음,자전거,남,85세,경상
2021061400100135,2021년 6월 14일 09시,월요일,전라북도 전주시 완산구 평화동1가,경상사고,0,0,1,0,차대차 - 측면충돌,신호위반,건조,맑음,교차로 - 교차로부근,승용,남,63세,상해없음,승용,남,30세,경상
2021061400100171,2021년 6월 14일 10시,월요일,전라북도 익산시 주현동,경상사고,0,0,2,0,차대차 - 기타,교차로운행방법위반,건조,맑음,교차로 - 교차로안,승용,남,56세,상해없음,승용,여,38세,경상
2021061400100199,2021년 6월 14일 11시,월요일,전라북도 정읍시 농소동,중상사고,0,1,0,0,차대차 - 기타,안전운전불이행,건조,맑음,기타 - 기타,승용,남,61세,상해없음,농기계,남,79세,중상
2021061400100238,2021년 6월 14일 12시,월요일,전라북도 정읍시 수성동,중상사고,0,1,0,0,차대사람 - 횡단중,보행자보호의무위반,건조,맑음,단일로 - 기타,승용,남,73세,상해없음,보행자,여,52세,중상
2021061400100273,2021년 6월 14일 13시,월요일,전라북도 전주시 완산구 중화산동2가,중상사고,0,1,2,0,차대차 - 측면충돌,중앙선침범,건조,맑음,단일로 - 기타,승용,여,60세,경상,승용,남,61세,경상
2021061400100308,2021년 6월 14일 14시,월요일,전라북도 전주시 덕진구 송천동1가,중상사고,0,1,0,0,차대차 - 측면충돌,직진우회전진행방해,건조,맑음,교차로 - 교차로안,화물,남,68세,상해없음,이륜,남,37세,중상
2021061400100309,2021년 6월 14일 14시,월요일,전라북도 군산시 소룡동,경상사고,0,0,2,0,차대차 - 측면충돌,안전운전불이행,건조,맑음,교차로 - 교차로안,화물,남,49세,상해없음,승용,여,26세,경상
2021061400100354,2021년 6월 14일 15시,월요일,전라북도 전주시 덕진구 만성동,경상사고,0,0,2,0,차대차 - 추돌,안전운전불이행,건조,맑음,교차로 - 교차로부근,승용,여,36세,상해없음,특수,남,44세,경상
2021061400100386,2021년 6월 14일 16시,월요일,전라북도 전주시 덕진구 용정동,중상사고,0,1,0,0,차량단독 - 전도전복 - 전도,안전운전불이행,건조,맑음,단일로 - 기타,화물,남,55세,상해없음,,,,
2021061400100430,2021년 6월 14일 17시,월요일,전라북도 전주시 덕진구 우아동2가,경상사고,0,0,1,0,차대차 - 측면충돌,신호위반,건조,맑음,교차로 - 교차로안,화물,남,54세,상해없음,이륜,남,24세,경상
2021061400100478,2021년 6월 14일 18시,월요일,전라북도 전주시 완산구 중화산동2가,경상사고,0,0,1,0,차대차 - 추돌,안전운전불이행,건조,맑음,교차로 - 교차로부근,승용,남,59세,상해없음,승용,여,42세,경상
2021061400100479,2021년 6월 14일 18시,월요일,전라북도 김제시 옥산동,중상사고,0,1,1,0,차대차 - 측면충돌,신호위반,건조,맑음,교차로 - 교차로안,승용,남,55세,상해없음,승용,남,37세,경상
2021061400100537,2021년 6월 14일 20시,월요일,전라북도 군산시 문화동,경상사고,0,0,1,0,차대차 - 측면충돌,안전운전불이행,건조,맑음,교차로 - 교차로안,이륜,남,20세,경상,승용,남,60세,기타불명
2021061400100589,2021년 6월 14일 23시,월요일,전라북도 전주시 완산구 평화동1가,경상사고,0,0,2,0,차대차 - 측면충돌,안전운전불이행,건조,맑음,교차로 - 교차로부근,승용,남,61세,상해없음,승용,남,43세,경상
2021061500100083,2021년 6월 15일 08시,화요일,전라북도 전주시 완산구 효자동1가,경상사고,0,0,3,0,차대차 - 정면충돌,안전운전불이행,건조,맑음,교차로 - 교차로안,승용,여,40세,상해없음,승용,남,57세,경상
2021061500100084,2021년 6월 15일 08시,화요일,전라북도 정읍시 수성동,중상사고,0,1,0,0,차대사람 - 횡단중,안전운전불이행,건조,맑음,교차로 - 교차로안,승용,여,43세,상해없음,보행자,여,74세,중상
2021061500100085,2021년 6월 15일 08시,화요일,전라북도 진안군 진안읍,중상사고,0,1,2,0,차대차 - 측면충돌,안전운전불이행,건조,흐림,단일로 - 지하차도(도로)내,승용,여,53세,중상,승용,남,41세,경상
2021061500100108,2021년 6월 15일 09시,화요일,전라북도 부안군 줄포면,중상사고,0,2,0,0,차대차 - 추돌,안전운전불이행,젖음/습기,비,단일로 - 기타,화물,남,51세,상해없음,승용,남,79세,중상
2021061500100142,2021년 6월 15일 10시,화요일,전라북도 전주시 완산구 평화동2가,경상사고,0,0,1,0,차대차 - 추돌,안전운전불이행,건조,맑음,교차로 - 교차로부근,화물,남,43세,상해없음,승용,여,29세,경상
2021061500100143,2021년 6월 15일 10시,화요일,전라북도 군산시 금암동,경상사고,0,0,2,0,차대차 - 측면충돌,직진우회전진행방해,젖음/습기,비,교차로 - 교차로안,승용,남,54세,상해없음,화물,남,70세,경상
2021061500100210,2021년 6월 15일 12시,화요일,전라북도 전주시 완산구 효자동3가,경상사고,0,0,1,0,차대차 - 추돌,안전운전불이행,건조,맑음,단일로 - 기타,승용,여,31세,상해없음,승용,여,37세,경상
2021061500100211,2021년 6월 15일 12시,화요일,전라북도 군산시 소룡동,경상사고,0,0,2,0,차대차 - 측면충돌,직진우회전진행방해,젖음/습기,비,교차로 - 교차로안,승용,남,75세,상해없음,승용,남,54세,경상
2021061500100252,2021년 6월 15일 13시,화요일,전라북도 정읍시 수성동,경상사고,0,0,1,0,차대사람 - 횡단중,안전운전불이행,젖음/습기,비,교차로 - 교차로부근,승용,남,56세,상해없음,보행자,남,62세,경상
2021061500100253,2021년 6월 15일 13시,화요일,전라북도 김제시 금산면,경상사고,0,0,1,0,차대차 - 측면충돌,안전거리미확보,젖음/습기,비,단일로 - 기타,화물,남,70세,상해없음,화물,남,61세,경상
2021061500100254,2021년 6월 15일 13시,화요일,전라북도 남원시 송동면,경상사고,0,0,2,0,차대차 - 측면충돌,직진우회전진행방해,젖음/습기,비,교차로 - 교차로안,승용,남,57세,상해없음,화물,남,69세,경상
2021061500100325,2021년 6월 15일 15시,화요일,전라북도 전주시 완산구 서신동,중상사고,0,1,0,0,차대차 - 기타,안전운전불이행,젖음/습기,비,단일로 - 기타,승용,여,37세,상해없음,이륜,남,55세,중상
2021061500100326,2021년 6월 15일 15시,화요일,전라북도 익산시 부송동,경상사고,0,0,1,0,차대사람 - 횡단중,안전운전불이행,젖음/습기,비,교차로 - 교차로횡단보도내,승용,여,56세,상해없음,보행자,여,14세,경상
2021061500100355,2021년 6월 15일 16시,화요일,전라북도 군산시 나포면,중상사고,0,1,0,0,차대차 - 측면충돌,신호위반,젖음/습기,비,교차로 - 교차로안,승용,남,64세,상해없음,화물,여,54세,중상
2021061500100356,2021년 6월 15일 16시,화요일,전라북도 익산시 신동,경상사고,0,0,2,0,차대차 - 추돌,안전운전불이행,젖음/습기,비,단일로 - 기타,화물,남,68세,상해없음,승용,남,44세,경상
2021061500100357,2021년 6월 15일 16시,화요일,전라북도 순창군 순창읍,중상사고,0,1,0,0,차대차 - 측면충돌,교차로운행방법위반,젖음/습기,비,교차로 - 교차로안,화물,남,61세,상해없음,화물,남,79세,상해없음
2021061500100402,2021년 6월 15일 17시,화요일,전라북도 전주시 덕진구 송천동1가,경상사고,0,0,1,0,차대차 - 측면충돌,차로위반,건조,맑음,단일로 - 기타,승용,남,25세,상해없음,승용,여,37세,경상
2021061500100403,2021년 6월 15일 17시,화요일,전라북도 익산시 어양동,경상사고,0,0,1,0,차대차 - 기타,직진우회전진행방해,젖음/습기,비,교차로 - 교차로안,승용,남,33세,상해없음,이륜,남,25세,경상
2021061500100439,2021년 6월 15일 18시,화요일,전라북도 전주시 완산구 평화동1가,경상사고,0,0,1,0,차대차 - 후진중충돌,안전운전불이행,건조,맑음,단일로 - 기타,승용,남,65세,상해없음,승용,여,27세,경상
2021061500100440,2021년 6월 15일 18시,화요일,전라북도 완주군 봉동읍,중상사고,0,1,0,0,차대차 - 측면충돌,직진우회전진행방해,건조,맑음,교차로 - 교차로안,승용,남,30세,상해없음,이륜,남,21세,중상
2021061500100441,2021년 6월 15일 18시,화요일,전라북도 완주군 봉동읍,중상사고,0,1,0,0,차대차 - 측면충돌,안전운전불이행,건조,맑음,교차로 - 교차로부근,승용,여,52세,상해없음,이륜,남,43세,중상
2021061500100487,2021년 6월 15일 19시,화요일,전라북도 전주시 완산구 효자동3가,경상사고,0,0,1,0,차대차 - 기타,중앙선침범,건조,맑음,단일로 - 기타,이륜,남,49세,상해없음,승용,남,30세,경상
2021061500100488,2021년 6월 15일 19시,화요일,전라북도 전주시 덕진구 송천동1가,중상사고,0,1,0,0,차대사람 - 횡단중,보행자보호의무위반,건조,맑음,교차로 - 교차로부근,승용,여,45세,상해없음,보행자,남,52세,중상
2021061500100489,2021년 6월 15일 19시,화요일,전라북도 군산시 명산동,중상사고,0,1,2,0,차대차 - 측면충돌,신호위반,건조,맑음,교차로 - 교차로안,승용,여,37세,상해없음,승용,남,62세,경상
2021061500100514,2021년 6월 15일 20시,화요일,전라북도 전주시 완산구 중화산동2가,경상사고,0,0,1,0,차대차 - 측면충돌,신호위반,젖음/습기,비,교차로 - 교차로안,승용,남,46세,상해없음,승용,남,36세,경상
2021061500100539,2021년 6월 15일 21시,화요일,전라북도 전주시 완산구 서신동,경상사고,0,0,1,0,차대사람 - 횡단중,안전운전불이행,젖음/습기,비,교차로 - 교차로안,승합,남,37세,상해없음,보행자,여,53세,경상
2021061500100540,2021년 6월 15일 21시,화요일,전라북도 전주시 덕진구 금암동,경상사고,0,0,1,0,차대차 - 추돌,안전운전불이행,젖음/습기,비,교차로 - 교차로부근,승용,남,41세,상해없음,승용,남,61세,상해없음
2021061500100571,2021년 6월 15일 22시,화요일,전라북도 익산시 송학동,경상사고,0,0,2,0,차대차 - 측면충돌,직진우회전진행방해,젖음/습기,비,교차로 - 교차로안,승용,남,50세,상해없음,승용,남,18세,경상
2021061600100023,2021년 6월 16일 03시,수요일,전라북도 전주시 완산구 경원동3가,중상사고,0,1,2,0,차대차 - 측면충돌,신호위반,건조,맑음,교차로 - 교차로안,승용,남,37세,경상,승용,남,41세,중상
2021061600100101,2021년 6월 16일 08시,수요일,전라북도 전주시 완산구 효자동2가,경상사고,0,0,1,0,차대차 - 측면충돌,신호위반,건조,맑음,교차로 - 교차로안,승용,남,41세,상해없음,승용,남,44세,경상
2021061600100102,2021년 6월 16일 08시,수요일,전라북도 군산시 신풍동,중상사고,0,1,0,0,차대차 - 추돌,교차로운행방법위반,건조,맑음,교차로 - 교차로부근,승용,여,68세,상해없음,이륜,여,44세,중상
2021061600100139,2021년 6월 16일 09시,수요일,전라북도 임실군 오수면,경상사고,0,0,1,0,차대차 - 추돌,안전운전불이행,건조,맑음,교차로 - 교차로안,이륜,여,60세,경상,승용,남,55세,상해없음
2021061600100230,2021년 6월 16일 12시,수요일,전라북도 진안군 용담면,경상사고,0,0,1,0,차량단독 - 공작물충돌,안전운전불이행,건조,맑음,단일로 - 기타,승용,여,72세,경상,,,,