사고번호,사고일시,요일,시군구,사고내용,사망자수,중상자수,경상자수,부상신고자수,사고유형,법규위반,노면상태,기상상태,도로형태,가해운전자 차종,가해운전자 성별,가해운전자 연령,가해운전자 상해정도,피해운전자 차종,피해운전자 성별,피해운전자 연령,피해운전자 상해정도
2021061600100264,2021년 6월 16일 13시,수요일,전라북도 전주시 덕진구 덕진동2가,경상사고,0,0,1,0,차대차 - 측면충돌,신호위반,건조,맑음,교차로 - 교차로안,승용,남,77세,상해없음,이륜,남,20세,경상
2021061600100265,2021년 6월 16일 13시,수요일,전라북도 전주시 덕진구 여의동,경상사고,0,0,1,0,차대차 - 측면충돌,불법유턴,건조,맑음,교차로 - 교차로부근,화물,남,69세,상해없음,승용,여,64세,경상
2021061600100266,2021년 6월 16일 13시,수요일,전라북도 남원시 신촌동,중상사고,0,1,1,0,차대차 - 측면충돌,안전거리미확보,건조,맑음,단일로 - 기타,화물,남,73세,상해없음,승용,남,82세,경상
2021061600100267,2021년 6월 16일 13시,수요일,전라북도 순창군 순창읍,부상신고사고,0,0,0,1,차량단독 - 기타,안전운전불이행,건조,맑음,교차로 - 교차로부근,이륜,남,67세,부상신고,,,,
2021061600100303,2021년 6월 16일 14시,수요일,전라북도 임실군 오수면,중상사고,0,1,0,0,차대차 - 추돌,교차로운행방법위반,건조,맑음,교차로 - 교차로안,건설기계,남,66세,상해없음,사륜오토바이(ATV),남,78세,중상
2021061600100339,2021년 6월 16일 15시,수요일,전라북도 고창군 아산면,사망사고,1,0,2,0,차대차 - 추돌,안전운전불이행,건조,맑음,교차로 - 교차로부근,화물,남,64세,사망,승용,남,30세,경상
2021061600100542,2021년 6월 16일 20시,수요일,전라북도 전주시 완산구 평화동1가,경상사고,0,0,1,0,차량단독 - 기타,안전운전불이행,건조,맑음,교차로 - 교차로부근,승용,남,66세,상해없음,,,,
2021061600100543,2021년 6월 16일 20시,수요일,전라북도 전주시 덕진구 금암동,경상사고,0,0,2,0,차대차 - 측면충돌,신호위반,건조,맑음,교차로 - 교차로안,승용,남,22세,상해없음,승용,남,25세,경상
2021061600100613,2021년 6월 16일 22시,수요일,전라북도 전주시 완산구 중화산동1가,경상사고,0,0,1,0,차대차 - 측면충돌,안전운전불이행,건조,맑음,교차로 - 교차로부근,승용,여,47세,상해없음,승용,남,45세,경상
2021061600100614,2021년 6월 16일 22시,수요일,전라북도 전주시 완산구 효자동2가,경상사고,0,0,1,0,차대차 - 추돌,안전운전불이행,건조,맑음,교차로 - 교차로부근,승용,여,41세,상해없음,이륜,남,27세,경상
2021061600100643,2021년 6월 16일 23시,수요일,전라북도 전주시 완산구 서완산동1가,경상사고,0,0,2,0,차대차 - 측면충돌,안전운전불이행,건조,맑음,교차로 - 교차로안,승용,남,31세,상해없음,승용,남,46세,경상
2021061600100644,2021년 6월 16일 23시,수요일,전라북도 군산시 수송동,경상사고,0,0,1,0,차대차 - 정면충돌,신호위반,건조,맑음,교차로 - 교차로안,승용,남,42세,상해없음,승용,남,59세,경상
2021061700100018,2021년 6월 17일 02시,목요일,전라북도 군산시 오식도동,경상사고,0,0,2,0,차대차 - 측면충돌,안전운전불이행,건조,흐림,교차로 - 교차로안,승용,여,50세,상해없음,승용,남,62세,경상
2021061700100032,2021년 6월 17일 05시,목요일,전라북도 전주시 완산구 중화산동2가,중상사고,0,2,2,0,차대차 - 측면충돌,신호위반,건조,맑음,교차로 - 교차로안,승합,남,22세,상해없음,승용,남,36세,중상
2021061700100095,2021년 6월 17일 08시,목요일,전라북도 군산시 산북동,경상사고,0,0,1,0,차대차 - 측면충돌,신호위반,건조,맑음,교차로 - 교차로안,승용,남,64세,상해없음,화물,남,41세,경상
2021061700100132,2021년 6월 17일 09시,목요일,전라북도 전주시 완산구 서노송동,중상사고,0,1,1,0,차대차 - 측면충돌,신호위반,건조,맑음,교차로 - 교차로안,승용,남,73세,상해없음,승용,남,27세,중상
2021061700100150,2021년 6월 17일 10시,목요일,전라북도 전주시 완산구 중화산동2가,중상사고,0,1,0,0,차대차 - 정면충돌,신호위반,건조,맑음,교차로 - 교차로안,승용,남,40세,상해없음,자전거,남,13세,중상
2021061700100189,2021년 6월 17일 11시,목요일,전라북도 전주시 완산구 색장동,경상사고,0,0,1,0,차대차 - 측면충돌,안전운전불이행,건조,맑음,단일로 - 기타,승용,남,56세,상해없음,화물,남,50세,경상
2021061700100190,2021년 6월 17일 11시,목요일,전라북도 진안군 안천면,사망사고,1,0,0,0,차량단독 - 공작물충돌,안전운전불이행,건조,맑음,미분류 - 미분류,원동기,남,74세,사망,,,,
2021061700100260,2021년 6월 17일 13시,목요일,전라북도 전주시 덕진구 우아동3가,경상사고,0,0,2,0,차대차 - 기타,중앙선침범,건조,맑음,단일로 - 기타,승용,여,39세,경상,이륜,남,22세,경상
2021061700100261,2021년 6월 17일 13시,목요일,전라북도 익산시 웅포면,중상사고,0,1,0,0,차대차 - 추돌,안전운전불이행,건조,흐림,교차로 - 교차로부근,화물,남,44세,상해없음,이륜,남,63세,중상
2021061700100262,2021년 6월 17일 13시,목요일,전라북도 정읍시 상동,경상사고,0,0,3,0,차대차 - 측면충돌,신호위반,건조,맑음,교차로 - 교차로안,승용,여,66세,상해없음,승용,여,18세,경상
2021061700100290,2021년 6월 17일 14시,목요일,전라북도 부안군 주산면,경상사고,0,0,1,0,차량단독 - 전도전복 - 전도,안전운전불이행,건조,흐림,단일로 - 기타,이륜,남,41세,경상,,,,
2021061700100319,2021년 6월 17일 15시,목요일,전라북도 고창군 부안면,경상사고,0,0,2,0,차대차 - 측면충돌,신호위반,젖음/습기,흐림,교차로 - 교차로안,승용,남,55세,상해없음,승용,남,51세,경상
2021061700100357,2021년 6월 17일 16시,목요일,전라북도 전주시 완산구 서신동,중상사고,0,1,1,0,차대사람 - 기타,안전운전불이행,건조,맑음,교차로 - 교차로안,승용,여,49세,상해없음,보행자,여,37세,중상
2021061700100391,2021년 6월 17일 17시,목요일,전라북도 전주시 덕진구 송천동2가,경상사고,0,0,1,0,차대차 - 기타,안전운전불이행,젖음/습기,비,단일로 - 기타,승용,여,37세,상해없음,승용,여,42세,경상
2021061700100392,2021년 6월 17일 17시,목요일,전라북도 익산시 어양동,경상사고,0,0,1,0,차대사람 - 횡단중,보행자보호의무위반,건조,맑음,교차로 - 교차로안,승용,남,40세,상해없음,보행자,남,6세,경상
2021061700100393,2021년 6월 17일 17시,목요일,전라북도 익산시 평화동,경상사고,0,0,1,0,차대차 - 측면충돌,직진우회전진행방해,젖음/습기,비,교차로 - 교차로안,이륜,남,64세,상해없음,승용,남,57세,경상
2021061700100394,2021년 6월 17일 17시,목요일,전라북도 부안군 부안읍,경상사고,0,0,1,0,차대차 - 측면충돌,직진우회전진행방해,젖음/습기,비,교차로 - 교차로안,승용,여,53세,상해없음,승용,여,50세,경상
2021061700100442,2021년 6월 17일 18시,목요일,전라북도 군산시 나운동,경상사고,0,0,1,0,차대차 - 측면충돌,불법유턴,젖음/습기,맑음,교차로 - 교차로부근,승용,남,47세,상해없음,이륜,남,19세,경상
2021061700100443,2021년 6월 17일 18시,목요일,전라북도 고창군 성내면,사망사고,1,1,0,0,차량단독 - 도로외이탈 - 추락,안전운전불이행,젖음/습기,비,단일로 - 기타,자전거,남,89세,사망,,,,
2021061700100488,2021년 6월 17일 20시,목요일,전라북도 전주시 완산구 삼천동3가,경상사고,0,0,1,0,차대차 - 측면충돌,안전거리미확보,젖음/습기,비,교차로 - 교차로안,승용,남,71세,상해없음,승용,여,45세,경상
2021061700100571,2021년 6월 17일 23시,목요일,전라북도 고창군 고수면,경상사고,0,0,1,0,차대차 - 추돌,안전운전불이행,젖음/습기,비,단일로 - 기타,화물,남,44세,상해없음,화물,남,64세,경상
2021061800100014,2021년 6월 18일 01시,금요일,전라북도 전주시 덕진구 송천동1가,경상사고,0,0,1,0,차대차 - 추돌,기타,젖음/습기,비,교차로 - 교차로부근,승용,남,64세,상해없음,승용,기타불명,미분류,기타불명
2021061800100020,2021년 6월 18일 03시,금요일,전라북도 정읍시 연지동,경상사고,0,0,1,0,차대차 - 추돌,안전운전불이행,젖음/습기,비,단일로 - 기타,승용,남,35세,경상,화물,남,62세,기타불명
2021061800100028,2021년 6월 18일 04시,금요일,전라북도 전주시 덕진구 송천동1가,중상사고,0,2,1,0,차대차 - 측면충돌,불법유턴,젖음/습기,비,단일로 - 기타,승용,남,66세,상해없음,승용,남,36세,경상
2021061800100039,2021년 6월 18일 06시,금요일,전라북도 전주시 덕진구 전미동1가,경상사고,0,0,2,0,차대차 - 측면충돌,신호위반,젖음/습기,비,교차로 - 교차로안,승용,남,48세,상해없음,승용,남,60세,경상
2021061800100055,2021년 6월 18일 07시,금요일,전라북도 남원시 동충동,중상사고,0,3,0,0,차대차 - 측면충돌,기타,젖음/습기,비,교차로 - 교차로안,승용,여,21세,중상,승용,남,29세,중상
2021061800100076,2021년 6월 18일 08시,금요일,전라북도 군산시 산북동,경상사고,0,0,8,0,차대차 - 추돌,안전운전불이행,건조,흐림,단일로 - 기타,승합,남,65세,상해없음,승용,남,50세,경상
2021061800100077,2021년 6월 18일 08시,금요일,전라북도 군산시 옥서면,경상사고,0,0,2,0,차대차 - 기타,신호위반,건조,맑음,교차로 - 교차로안,승용,남,55세,상해없음,승용,남,20세,경상
2021061800100106,2021년 6월 18일 09시,금요일,전라북도 전주시 완산구 효자동3가,경상사고,0,0,2,0,차대차 - 추돌,안전거리미확보,건조,맑음,교차로 - 교차로부근,승용,남,56세,상해없음,승용,여,38세,경상
2021061800100233,2021년 6월 18일 13시,금요일,전라북도 전주시 덕진구 금암동,중상사고,0,1,0,0,차대사람 - 차도통행중,안전운전불이행,젖음/습기,비,단일로 - 기타,승용,남,38세,상해없음,보행자,여,59세,중상
2021061800100234,2021년 6월 18일 13시,금요일,전라북도 정읍시 수성동,경상사고,0,0,4,0,차대차 - 측면충돌,안전운전불이행,건조,맑음,교차로 - 교차로안,승용,남,62세,경상,승용,여,56세,경상
2021061800100259,2021년 6월 18일 14시,금요일,전라북도 전주시 덕진구 팔복동2가,경상사고,0,0,1,0,차대차 - 측면충돌,안전거리미확보,젖음/습기,비,단일로 - 교량,승용,남,38세,상해없음,승용,남,48세,경상
2021061800100289,2021년 6월 18일 15시,금요일,전라북도 정읍시 영원면,중상사고,0,1,15,0,차대차 - 측면충돌,신호위반,건조,흐림,교차로 - 교차로안,화물,남,51세,상해없음,승용,남,20세,경상
2021061800100290,2021년 6월 18일 15시,금요일,전라북도 완주군 소양면,사망사고,1,0,0,0,차대사람 - 차도통행중,안전운전불이행,젖음/습기,흐림,단일로 - 기타,화물,남,56세,상해없음,보행자,여,58세,사망
2021061800100327,2021년 6월 18일 16시,금요일,전라북도 전주시 덕진구 송천동1가,경상사고,0,0,1,0,차대차 - 추돌,중앙선침범,건조,맑음,교차로 - 교차로부근,승용,남,21세,상해없음,승용,여,43세,경상
2021061800100372,2021년 6월 18일 17시,금요일,전라북도 전주시 완산구 중화산동2가,경상사고,0,0,1,0,차대차 - 기타,신호위반,건조,맑음,교차로 - 교차로안,승용,여,58세,상해없음,승용,남,54세,경상
2021061800100373,2021년 6월 18일 17시,금요일,전라북도 전주시 덕진구 진북동,경상사고,0,0,1,0,차대차 - 측면충돌,안전운전불이행,젖음/습기,비,교차로 - 교차로안,승용,여,34세,상해없음,화물,남,49세,경상
2021061800100374,2021년 6월 18일 17시,금요일,전라북도 전주시 덕진구 인후동2가,경상사고,0,0,1,0,차대차 - 기타,교차로운행방법위반,건조,맑음,교차로 - 교차로안,승용,남,66세,상해없음,승합,남,53세,상해없음
2021061800100375,2021년 6월 18일 17시,금요일,전라북도 군산시 나운동,경상사고,0,0,2,0,차대차 - 기타,신호위반,건조,흐림,교차로 - 교차로안,승용,남,22세,상해없음,승용,남,29세,경상
2021061800100376,2021년 6월 18일 17시,금요일,전라북도 정읍시 시기동,경상사고,0,0,1,0,차대차 - 측면충돌,교차로운행방법위반,건조,맑음,교차로 - 교차로안,화물,남,34세,상해없음,승용,여,25세,경상
2021061800100420,2021년 6월 18일 18시,금요일,전라북도 전주시 덕진구 금암동,중상사고,0,1,2,0,차대차 - 측면충돌,신호위반,건조,맑음,교차로 - 교차로안,승용,남,24세,상해없음,승용,남,61세,경상
2021061800100421,2021년 6월 18일 18시,금요일,전라북도 김제시 백구면,경상사고,0,0,1,0,차대차 - 추돌,안전운전불이행,건조,맑음,단일로 - 기타,화물,남,47세,상해없음,승용,여,50세,경상
2021061800100464,2021년 6월 18일 19시,금요일,전라북도 전주시 완산구 효자동1가,중상사고,0,1,0,0,차대차 - 측면충돌,안전운전불이행,건조,맑음,교차로 - 교차로횡단보도내,승용,남,66세,상해없음,자전거,남,13세,중상
2021061800100465,2021년 6월 18일 19시,금요일,전라북도 익산시 부송동,경상사고,0,0,1,0,차대차 - 측면충돌,안전거리미확보,건조,맑음,단일로 - 기타,승용,여,49세,상해없음,이륜,남,58세,경상
2021061800100497,2021년 6월 18일 20시,금요일,전라북도 정읍시 상동,중상사고,0,1,0,0,차대사람 - 횡단중,안전운전불이행,건조,맑음,단일로 - 기타,승용,여,40세,상해없음,보행자,남,7세,중상
2021061800100532,2021년 6월 18일 21시,금요일,전라북도 남원시 월락동,경상사고,0,0,1,0,차대차 - 측면충돌,신호위반,건조,맑음,교차로 - 교차로안,승용,남,21세,상해없음,승용,남,43세,경상
2021061800100559,2021년 6월 18일 22시,금요일,전라북도 군산시 조촌동,경상사고,0,0,3,0,차대차 - 기타,안전운전불이행,건조,맑음,단일로 - 기타,승용,여,22세,상해없음,승용,남,67세,경상
2021061900100096,2021년 6월 19일 08시,토요일,전라북도 전주시 덕진구 우아동1가,경상사고,0,0,1,0,차대차 - 추돌,안전운전불이행,건조,맑음,교차로 - 교차로부근,승용,남,49세,상해없음,승용,남,58세,경상
2021061900100123,2021년 6월 19일 09시,토요일,전라북도 전주시 덕진구 팔복동1가,경상사고,0,0,1,0,차대차 - 측면충돌,교차로운행방법위반,건조,맑음,교차로 - 교차로횡단보도내,화물,남,58세,상해없음,자전거,여,57세,경상
2021061900100152,2021년 6월 19일 10시,토요일,전라북도 군산시 소룡동,경상사고,0,0,1,0,차대차 - 측면충돌,안전운전불이행,건조,맑음,교차로 - 교차로부근,화물,남,54세,상해없음,승용,남,63세,경상
2021061900100230,2021년 6월 19일 12시,토요일,전라북도 군산시 조촌동,중상사고,0,1,0,0,차대차 - 기타,안전운전불이행,건조,맑음,교차로 - 교차로안,승용,여,27세,상해없음,이륜,남,62세,중상
2021061900100309,2021년 6월 19일 14시,토요일,전라북도 군산시 경장동,중상사고,0,1,1,0,차대차 - 측면충돌,신호위반,건조,맑음,교차로 - 교차로부근,승용,남,66세,기타불명,승용,여,33세,중상
2021061900100353,2021년 6월 19일 15시,토요일,전라북도 전주시 완산구 평화동1가,중상사고,0,2,2,0,차대차 - 측면충돌,안전운전불이행,건조,맑음,단일로 - 기타,승용,여,52세,상해없음,승용,여,47세,중상
2021061900100354,2021년 6월 19일 15시,토요일,전라북도 군산시 오식도동,경상사고,0,0,3,0,차대차 - 측면충돌,안전운전불이행,건조,맑음,교차로 - 교차로안,승용,남,41세,경상,승용,남,47세,경상
2021061900100355,2021년 6월 19일 15시,토요일,전라북도 익산시 망성면,중상사고,0,3,1,0,차량단독 - 공작물충돌,안전운전불이행,건조,맑음,단일로 - 기타,승용,남,74세,중상,,,,
2021061900100404,2021년 6월 19일 16시,토요일,전라북도 전주시 덕진구 인후동1가,중상사고,0,1,0,0,차대차 - 측면충돌,신호위반,건조,맑음,교차로 - 교차로안,자전거,남,57세,중상,승용,남,46세,상해없음
2021061900100537,2021년 6월 19일 19시,토요일,전라북도 무주군 무주읍,경상사고,0,0,1,0,차량단독 - 전도전복 - 전도,안전운전불이행,건조,맑음,단일로 - 지하차도(도로)내,이륜,남,50세,경상,,,,
2021062000100031,2021년 6월 20일 03시,일요일,전라북도 군산시 내초동,경상사고,0,0,2,0,차대차 - 추돌,신호위반,건조,맑음,교차로 - 교차로안,특수,남,39세,경상,승용,남,42세,경상
2021062000100036,2021년 6월 20일 04시,일요일,전라북도 임실군 관촌면,경상사고,0,0,1,0,차대차 - 추돌,안전운전불이행,건조,맑음,단일로 - 터널,승용,남,38세,상해없음,화물,남,48세,경상
2021062000100049,2021년 6월 20일 06시,일요일,전라북도 전주시 완산구 효자동1가,중상사고,0,2,0,0,차대차 - 기타,신호위반,건조,맑음,교차로 - 교차로안,화물,남,73세,상해없음,승용,남,62세,중상
2021062000100096,2021년 6월 20일 10시,일요일,전라북도 남원시 갈치동,중상사고,0,1,0,0,차대차 - 추돌,안전운전불이행,건조,맑음,단일로 - 기타,건설기계,남,51세,상해없음,농기계,남,86세,중상
2021062000100097,2021년 6월 20일 10시,일요일,전라북도 남원시 산동면,중상사고,0,1,0,0,차대차 - 추돌,안전운전불이행,건조,맑음,단일로 - 기타,농기계,남,67세,상해없음,농기계,남,47세,중상
2021062000100098,2021년 6월 20일 10시,일요일,전라북도 남원시 산동면,경상사고,0,0,1,0,차량단독 - 도로외이탈 - 기타,안전운전불이행,건조,맑음,단일로 - 기타,농기계,남,79세,경상,,,,
2021062000100185,2021년 6월 20일 13시,일요일,전라북도 전주시 완산구 평화동2가,경상사고,0,0,2,0,차대차 - 기타,안전운전불이행,건조,맑음,단일로 - 기타,승용,여,58세,상해없음,승용,남,36세,경상
2021062000100186,2021년 6월 20일 13시,일요일,전라북도 익산시 부송동,중상사고,0,2,3,0,차대차 - 측면충돌,교차로운행방법위반,건조,맑음,교차로 - 교차로안,승용,남,25세,경상,승용,남,50세,중상
2021062000100404,2021년 6월 20일 19시,일요일,전라북도 전주시 덕진구 우아동3가,경상사고,0,0,4,0,차대차 - 측면충돌,직진우회전진행방해,건조,맑음,교차로 - 교차로안,승용,남,50세,상해없음,화물,여,66세,경상
2021062000100405,2021년 6월 20일 19시,일요일,전라북도 익산시 중앙동1가,경상사고,0,0,4,0,차대차 - 정면충돌,신호위반,건조,맑음,교차로 - 교차로안,승용,남,55세,상해없음,승용,여,58세,경상
2021062000100458,2021년 6월 20일 21시,일요일,전라북도 전주시 완산구 효자동3가,경상사고,0,0,2,0,차량단독 - 기타,안전운전불이행,건조,맑음,교차로 - 교차로부근,승용,남,44세,경상,,,,
2021062100100029,2021년 6월 21일 04시,월요일,전라북도 전주시 완산구 중화산동2가,경상사고,0,0,2,0,차대차 - 추돌,안전운전불이행,건조,맑음,교차로 - 교차로부근,승용,남,27세,상해없음,승용,남,22세,경상
2021062100100030,2021년 6월 21일 04시,월요일,전라북도 익산시 오산면,중상사고,0,1,0,0,차대차 - 추돌,안전운전불이행,건조,맑음,단일로 - 기타,승용,남,24세,상해없음,농기계,남,65세,중상
2021062100100046,2021년 6월 21일 06시,월요일,전라북도 군산시 소룡동,중상사고,0,1,0,0,차대차 - 측면충돌,신호위반,건조,맑음,교차로 - 교차로안,승용,남,42세,상해없음,이륜,남,25세,중상
2021062100100098,2021년 6월 21일 08시,월요일,전라북도 전주시 덕진구 금암동,경상사고,0,0,1,0,차대차 - 측면충돌,신호위반,건조,맑음,교차로 - 교차로안,승용,남,70세,상해없음,승용,여,37세,경상
2021062100100099,2021년 6월 21일 08시,월요일,전라북도 군산시 나운동,경상사고,0,0,1,0,차대차 - 정면충돌,안전운전불이행,건조,맑음,교차로 - 교차로횡단보도내,승용,남,61세,상해없음,자전거,남,12세,경상
2021062100100100,2021년 6월 21일 08시,월요일,전라북도 익산시 신동,중상사고,0,1,0,0,차대사람 - 횡단중,안전운전불이행,건조,맑음,기타 - 기타,승용,남,51세,상해없음,보행자,여,70세,중상
2021062100100101,2021년 6월 21일 08시,월요일,전라북도 임실군 오수면,사망사고,1,0,0,0,차량단독 - 전도전복 - 전도,안전운전불이행,건조,맑음,단일로 - 기타,농기계,남,63세,사망,,,,
2021062100100138,2021년 6월 21일 09시,월요일,전라북도 전주시 덕진구 산정동,경상사고,0,0,1,0,차대차 - 측면충돌,신호위반,건조,맑음,교차로 - 교차로안,승용,남,74세,기타불명,화물,남,45세,경상
2021062100100139,2021년 6월 21일 09시,월요일,전라북도 익산시 함열읍,경상사고,0,0,1,0,차대차 - 측면충돌,신호위반,건조,맑음,교차로 - 교차로안,승용,여,53세,상해없음,승용,여,58세,경상
2021062100100140,2021년 6월 21일 09시,월요일,전라북도 남원시 하정동,중상사고,0,2,0,0,차대차 - 측면충돌,기타,기타,맑음,교차로 - 교차로안,승용,여,62세,상해없음,화물,남,58세,중상
2021062100100248,2021년 6월 21일 12시,월요일,전라북도 진안군 성수면,중상사고,0,1,2,0,차대차 - 측면충돌,직진우회전진행방해,건조,맑음,교차로 - 교차로안,화물,남,46세,경상,승용,남,36세,경상
2021062100100357,2021년 6월 21일 15시,월요일,전라북도 정읍시 연지동,경상사고,0,0,1,0,차대사람 - 횡단중,보행자보호의무위반,건조,맑음,교차로 - 교차로횡단보도내,승용,남,80세,상해없음,보행자,여,52세,경상
2021062100100410,2021년 6월 21일 16시,월요일,전라북도 전주시 완산구 효자동2가,경상사고,0,0,1,0,차대차 - 측면충돌,안전운전불이행,건조,맑음,교차로 - 교차로안,승용,남,60세,상해없음,개인형이동수단(PM),여,22세,경상
2021062100100411,2021년 6월 21일 16시,월요일,전라북도 전주시 완산구 중화산동2가,경상사고,0,0,1,0,차대차 - 측면충돌,안전운전불이행,건조,맑음,기타 - 기타,화물,남,34세,상해없음,자전거,남,11세,경상
2021062100100412,2021년 6월 21일 16시,월요일,전라북도 군산시 나운동,경상사고,0,0,1,0,차대사람 - 차도통행중,보행자보호의무위반,건조,맑음,교차로 - 교차로횡단보도내,승용,여,45세,상해없음,보행자,여,25세,경상
2021062100100413,2021년 6월 21일 16시,월요일,전라북도 군산시 소룡동,경상사고,0,0,4,0,차대차 - 추돌,안전운전불이행,건조,맑음,교차로 - 교차로부근,승용,남,38세,상해없음,승용,남,43세,경상
2021062100100463,2021년 6월 21일 17시,월요일,전라북도 전주시 완산구 평화동1가,경상사고,0,0,2,0,차대차 - 추돌,안전운전불이행,건조,맑음,기타 - 기타,승용,남,59세,상해없음,승용,여,44세,경상
2021062100100464,2021년 6월 21일 17시,월요일,전라북도 전주시 덕진구 금암동,경상사고,0,0,1,0,차대사람 - 보도통행중,기타,건조,맑음,기타 - 기타,승용,남,72세,상해없음,보행자,여,68세,경상
2021062100100465,2021년 6월 21일 17시,월요일,전라북도 전주시 덕진구 여의동2가,경상사고,0,0,2,0,차대차 - 측면충돌,안전운전불이행,건조,맑음,교차로 - 교차로안,승용,남,44세,상해없음,승용,남,41세,경상
2021062100100466,2021년 6월 21일 17시,월요일,전라북도 김제시 순동,중상사고,0,1,0,0,차대차 - 측면충돌,신호위반,건조,맑음,교차로 - 교차로안,승용,여,28세,상해없음,이륜,남,79세,중상
2021062100100467,2021년 6월 21일 17시,월요일,전라북도 남원시 고죽동,경상사고,0,0,1,0,차대차 - 측면충돌,안전거리미확보,기타,흐림,단일로 - 기타,이륜,남,52세,경상,승용,남,55세,상해없음
2021062100100555,2021년 6월 21일 19시,월요일,전라북도 임실군 지사면,사망사고,1,0,0,0,차량단독 - 도로외이탈 - 추락,안전운전불이행,건조,맑음,단일로 - 기타,농기계,남,77세,사망,,,,
2021062100100589,2021년 6월 21일 20시,월요일,전라북도 전주시 덕진구 인후동1가,경상사고,0,0,1,0,차대사람 - 횡단중,보행자보호의무위반,건조,맑음,교차로 - 교차로횡단보도내,승용,남,60세,상해없음,보행자,여,62세,경상
2021062100100590,2021년 6월 21일 20시,월요일,전라북도 김제시 신풍동,경상사고,0,0,1,0,차대차 - 추돌,안전운전불이행,건조,맑음,교차로 - 교차로부근,승용,남,34세,상해없음,승용,남,65세,경상
2021062100100591,2021년 6월 21일 20시,월요일,전라북도 김제시 죽산면,중상사고,0,1,0,0,차대사람 - 횡단중,안전운전불이행,건조,맑음,단일로 - 기타,승용,남,26세,상해없음,보행자,여,76세,중상
2021062100100609,2021년 6월 21일 21시,월요일,전라북도 군산시 나운동,경상사고,0,0,1,0,차대사람 - 보도통행중,보행자보호의무위반,건조,맑음,교차로 - 교차로횡단보도내,승용,여,50세,상해없음,보행자,여,46세,경상
2021062100100610,2021년 6월 21일 21시,월요일,전라북도 익산시 금강동,경상사고,0,0,1,0,차대차 - 추돌,안전운전불이행,건조,맑음,단일로 - 기타,승용,남,39세,상해없음,승용,여,56세,경상
2021062100100652,2021년 6월 21일 23시,월요일,전라북도 군산시 소룡동,중상사고,0,1,0,0,차대사람 - 차도통행중,안전운전불이행,건조,맑음,단일로 - 지하차도(도로)내,승용,남,50세,상해없음,보행자,여,57세,중상
2021062200100094,2021년 6월 22일 08시,화요일,전라북도 전주시 덕진구 만성동,경상사고,0,0,1,0,차대차 - 추돌,안전운전불이행,건조,맑음,교차로 - 교차로부근,승용,여,33세,상해없음,승용,여,36세,경상
2021062200100095,2021년 6월 22일 08시,화요일,전라북도 군산시 수송동,경상사고,0,0,1,0,차대차 - 측면충돌,안전운전불이행,건조,맑음,교차로 - 교차로안,승합,여,55세,상해없음,이륜,남,78세,경상
2021062200100130,2021년 6월 22일 09시,화요일,전라북도 전주시 덕진구 반월동,경상사고,0,0,1,0,차대차 - 측면충돌,교차로운행방법위반,건조,맑음,교차로 - 교차로안,특수,남,37세,상해없음,승용,여,50세,경상
2021062200100131,2021년 6월 22일 09시,화요일,전라북도 군산시 나운동,경상사고,0,0,1,0,차대차 - 정면충돌,중앙선침범,건조,맑음,교차로 - 교차로부근,승합,남,59세,상해없음,승용,여,53세,경상
2021062200100277,2021년 6월 22일 13시,화요일,전라북도 김제시 요촌동,중상사고,0,1,0,0,차대차 - 측면충돌,교차로운행방법위반,건조,흐림,교차로 - 교차로안,승용,남,28세,상해없음,이륜,남,23세,중상
2021062200100337,2021년 6월 22일 15시,화요일,전라북도 군산시 산북동,경상사고,0,0,1,0,차대차 - 측면충돌,안전운전불이행,건조,맑음,단일로 - 기타,건설기계,남,47세,상해없음,승용,남,57세,경상
2021062200100338,2021년 6월 22일 15시,화요일,전라북도 진안군 진안읍,경상사고,0,0,1,0,차대차 - 측면충돌,신호위반,건조,맑음,교차로 - 교차로안,화물,남,60세,상해없음,화물,남,48세,경상
2021062200100339,2021년 6월 22일 15시,화요일,전라북도 완주군 비봉면,경상사고,0,0,1,0,차량단독 - 도로외이탈 - 추락,안전운전불이행,건조,맑음,단일로 - 기타,화물,남,53세,경상,,,,
2021062200100375,2021년 6월 22일 16시,화요일,전라북도 전주시 덕진구 송천동1가,경상사고,0,0,1,0,차대사람 - 기타,안전운전불이행,건조,맑음,단일로 - 기타,승합,남,53세,상해없음,보행자,남,42세,경상
2021062200100376,2021년 6월 22일 16시,화요일,전라북도 고창군 고창읍,중상사고,0,1,1,0,차대차 - 측면충돌,안전운전불이행,건조,맑음,교차로 - 교차로부근,화물,남,37세,중상,승용,남,30세,경상
2021062200100377,2021년 6월 22일 16시,화요일,전라북도 완주군 용진읍,경상사고,0,0,1,0,차대사람 - 기타,안전운전불이행,건조,맑음,기타 - 기타,승용,남,47세,상해없음,보행자,여,80세,경상
2021062200100453,2021년 6월 22일 18시,화요일,전라북도 전주시 덕진구 인후동1가,경상사고,0,0,1,0,차대차 - 측면충돌,직진우회전진행방해,건조,맑음,교차로 - 교차로안,승용,남,52세,상해없음,이륜,남,42세,경상