사고번호,사고일시,요일,시군구,사고내용,사망자수,중상자수,경상자수,부상신고자수,사고유형,법규위반,노면상태,기상상태,도로형태,가해운전자 차종,가해운전자 성별,가해운전자 연령,가해운전자 상해정도,피해운전자 차종,피해운전자 성별,피해운전자 연령,피해운전자 상해정도
2021062200100454,2021년 6월 22일 18시,화요일,전라북도 전주시 덕진구 반월동,경상사고,0,0,4,0,차대차 - 측면충돌,안전운전불이행,건조,맑음,단일로 - 기타,승용,여,42세,상해없음,승용,남,21세,경상
2021062200100455,2021년 6월 22일 18시,화요일,전라북도 순창군 구림면,경상사고,0,0,1,0,차대차 - 측면충돌,직진우회전진행방해,건조,맑음,교차로 - 교차로안,승용,여,64세,상해없음,화물,남,41세,경상
2021062200100456,2021년 6월 22일 18시,화요일,전라북도 완주군 삼례읍,경상사고,0,0,1,0,차대차 - 측면충돌,중앙선침범,건조,맑음,단일로 - 기타,승용,남,56세,기타불명,승용,여,40세,경상
2021062200100515,2021년 6월 22일 20시,화요일,전라북도 순창군 순창읍,부상신고사고,0,0,0,1,차량단독 - 기타,안전운전불이행,건조,맑음,교차로 - 교차로안,승용,남,81세,부상신고,,,,
2021062300100078,2021년 6월 23일 08시,수요일,전라북도 군산시 나운동,경상사고,0,0,2,0,차대차 - 측면충돌,중앙선침범,건조,맑음,교차로 - 교차로부근,승용,여,52세,상해없음,승용,남,39세,경상
2021062300100130,2021년 6월 23일 10시,수요일,전라북도 전주시 완산구 효자동2가,경상사고,0,0,1,0,차대차 - 정면충돌,신호위반,건조,맑음,교차로 - 교차로안,화물,남,58세,상해없음,승용,남,63세,경상
2021062300100131,2021년 6월 23일 10시,수요일,전라북도 전주시 완산구 평화동1가,경상사고,0,0,4,0,차대차 - 추돌,안전거리미확보,건조,맑음,교차로 - 교차로부근,화물,남,25세,상해없음,승용,여,48세,경상
2021062300100165,2021년 6월 23일 11시,수요일,전라북도 김제시 연정동,경상사고,0,0,1,0,차대사람 - 횡단중,안전운전불이행,건조,맑음,단일로 - 기타,승용,여,50세,상해없음,보행자,남,33세,경상
2021062300100195,2021년 6월 23일 12시,수요일,전라북도 전주시 완산구 효자동3가,경상사고,0,0,1,0,차대차 - 측면충돌,안전운전불이행,건조,맑음,단일로 - 기타,승용,여,58세,상해없음,승용,여,40세,경상
2021062300100227,2021년 6월 23일 13시,수요일,전라북도 전주시 덕진구 금암동,경상사고,0,0,1,0,차대차 - 측면충돌,신호위반,건조,맑음,교차로 - 교차로부근,화물,남,61세,상해없음,승합,남,40세,경상
2021062300100228,2021년 6월 23일 13시,수요일,전라북도 정읍시 태인면,경상사고,0,0,3,0,차대차 - 추돌,안전운전불이행,건조,맑음,기타 - 기타,승용,남,47세,상해없음,승용,남,52세,경상
2021062300100253,2021년 6월 23일 14시,수요일,전라북도 전주시 완산구 서신동,경상사고,0,0,1,0,차대차 - 측면충돌,안전운전불이행,건조,맑음,단일로 - 기타,화물,남,45세,상해없음,화물,여,54세,경상
2021062300100283,2021년 6월 23일 15시,수요일,전라북도 전주시 완산구 평화동1가,경상사고,0,0,2,0,차대차 - 측면충돌,안전운전불이행,건조,맑음,단일로 - 기타,승용,여,60세,상해없음,승용,남,36세,경상
2021062300100284,2021년 6월 23일 15시,수요일,전라북도 군산시 신영동,경상사고,0,0,1,0,차대사람 - 보도통행중,기타,건조,맑음,단일로 - 기타,승용,남,75세,상해없음,보행자,남,63세,경상
2021062300100285,2021년 6월 23일 15시,수요일,전라북도 익산시 팔봉동,중상사고,0,1,0,0,차대차 - 측면충돌,차로위반,건조,맑음,단일로 - 기타,특수,남,45세,상해없음,승용,남,43세,중상
2021062300100321,2021년 6월 23일 16시,수요일,전라북도 전주시 완산구 효자동2가,중상사고,0,1,0,0,차량단독 - 기타,안전운전불이행,건조,맑음,단일로 - 기타,승합,여,55세,상해없음,,,,
2021062300100322,2021년 6월 23일 16시,수요일,전라북도 전주시 덕진구 덕진동2가,경상사고,0,0,1,0,차대차 - 추돌,안전운전불이행,건조,맑음,교차로 - 교차로부근,승용,여,33세,상해없음,승용,남,50세,경상
2021062300100323,2021년 6월 23일 16시,수요일,전라북도 군산시 오식도동,경상사고,0,0,2,0,차대차 - 측면충돌,안전운전불이행,건조,맑음,교차로 - 교차로안,화물,남,44세,상해없음,승용,남,68세,경상
2021062300100324,2021년 6월 23일 16시,수요일,전라북도 익산시 동산동,경상사고,0,0,1,0,차대차 - 측면충돌,차로위반,건조,맑음,단일로 - 기타,승용,남,59세,상해없음,이륜,남,46세,경상
2021062300100325,2021년 6월 23일 16시,수요일,전라북도 익산시 마동,경상사고,0,0,1,0,차대차 - 정면충돌,중앙선침범,건조,맑음,교차로 - 교차로안,화물,남,55세,상해없음,승용,남,51세,경상
2021062300100462,2021년 6월 23일 20시,수요일,전라북도 전주시 완산구 중화산동2가,중상사고,0,1,0,0,차대차 - 기타,안전운전불이행,건조,맑음,교차로 - 교차로안,승용,여,40세,상해없음,이륜,남,48세,중상
2021062300100501,2021년 6월 23일 21시,수요일,전라북도 전주시 덕진구 산정동,경상사고,0,0,2,0,차대차 - 측면충돌,신호위반,건조,흐림,교차로 - 교차로안,화물,남,60세,상해없음,승용,여,37세,경상
2021062400100032,2021년 6월 24일 05시,목요일,전라북도 익산시 금강동,중상사고,0,1,0,0,차대차 - 측면충돌,신호위반,건조,맑음,교차로 - 교차로안,화물,남,52세,상해없음,승용,남,50세,중상
2021062400100183,2021년 6월 24일 10시,목요일,전라북도 무주군 설천면,중상사고,0,1,0,0,차대사람 - 차도통행중,안전운전불이행,건조,맑음,단일로 - 지하차도(도로)내,화물,남,57세,상해없음,보행자,남,69세,중상
2021062400100213,2021년 6월 24일 11시,목요일,전라북도 진안군 동향면,중상사고,0,1,0,0,차대차 - 후진중충돌,안전운전불이행,건조,맑음,단일로 - 지하차도(도로)내,농기계,남,66세,중상,승용,남,62세,상해없음
2021062400100251,2021년 6월 24일 12시,목요일,전라북도 익산시 신동,중상사고,0,1,0,0,차대차 - 측면충돌,차로위반,건조,맑음,교차로 - 교차로부근,승용,남,61세,상해없음,이륜,남,40세,중상
2021062400100252,2021년 6월 24일 12시,목요일,전라북도 순창군 순창읍,경상사고,0,0,1,1,차대차 - 측면충돌,직진우회전진행방해,건조,맑음,교차로 - 교차로안,승용,여,35세,부상신고,승용,여,43세,경상
2021062400100287,2021년 6월 24일 13시,목요일,전라북도 전주시 완산구 효자동3가,경상사고,0,0,1,0,차대차 - 측면충돌,안전거리미확보,건조,맑음,단일로 - 기타,승용,남,45세,상해없음,승용,남,34세,경상
2021062400100363,2021년 6월 24일 15시,목요일,전라북도 군산시 서수면,경상사고,0,0,2,0,차대차 - 측면충돌,교차로운행방법위반,건조,맑음,교차로 - 교차로안,화물,남,42세,상해없음,화물,여,60세,경상
2021062400100364,2021년 6월 24일 15시,목요일,전라북도 정읍시 수성동,중상사고,0,1,1,0,차대사람 - 횡단중,안전운전불이행,건조,맑음,교차로 - 교차로부근,개인형이동수단(PM),남,40세,경상,보행자,여,71세,중상
2021062400100448,2021년 6월 24일 17시,목요일,전라북도 전주시 덕진구 금암동,경상사고,0,0,1,0,차대차 - 측면충돌,신호위반,건조,맑음,교차로 - 교차로부근,승용,여,25세,상해없음,자전거,남,27세,경상
2021062400100449,2021년 6월 24일 17시,목요일,전라북도 고창군 아산면,중상사고,0,1,0,0,차대차 - 측면충돌,신호위반,건조,맑음,교차로 - 교차로안,화물,남,52세,상해없음,이륜,남,78세,중상
2021062400100539,2021년 6월 24일 19시,목요일,전라북도 전주시 덕진구 금암동,중상사고,0,1,0,0,차대사람 - 횡단중,안전운전불이행,건조,맑음,단일로 - 기타,승용,남,77세,상해없음,보행자,여,86세,중상
2021062400100574,2021년 6월 24일 20시,목요일,전라북도 군산시 옥산면,경상사고,0,0,2,0,차대차 - 측면충돌,안전거리미확보,건조,맑음,기타 - 기타,화물,남,70세,상해없음,승용,여,46세,경상
2021062400100598,2021년 6월 24일 21시,목요일,전라북도 군산시 경암동,경상사고,0,0,1,0,차대차 - 측면충돌,안전운전불이행,건조,맑음,단일로 - 기타,승용,남,49세,상해없음,화물,남,52세,경상
2021062400100634,2021년 6월 24일 22시,목요일,전라북도 전주시 덕진구 장동,경상사고,0,0,1,0,차대차 - 측면충돌,안전운전불이행,건조,맑음,단일로 - 기타,승용,여,54세,상해없음,이륜,남,24세,경상
2021062400100635,2021년 6월 24일 22시,목요일,전라북도 전주시 덕진구 반월동,경상사고,0,0,1,0,차대차 - 정면충돌,중앙선침범,건조,맑음,단일로 - 터널,승용,여,55세,경상,화물,남,60세,상해없음
2021062400100636,2021년 6월 24일 22시,목요일,전라북도 군산시 장재동,경상사고,0,0,1,0,차대차 - 측면충돌,차로위반,건조,흐림,단일로 - 기타,승용,여,18세,상해없음,승용,여,65세,경상
2021062400100637,2021년 6월 24일 22시,목요일,전라북도 고창군 부안면,경상사고,0,0,1,0,차량단독 - 전도전복 - 전도,안전운전불이행,건조,맑음,교차로 - 교차로안,이륜,남,37세,경상,,,,
2021062400100665,2021년 6월 24일 23시,목요일,전라북도 익산시 남중동,경상사고,0,0,1,0,차대차 - 측면충돌,직진우회전진행방해,건조,맑음,교차로 - 교차로안,승용,여,23세,상해없음,승용,남,42세,경상
2021062500100011,2021년 6월 25일 00시,금요일,전라북도 익산시 함열읍,중상사고,0,1,0,0,차대사람 - 차도통행중,안전운전불이행,건조,맑음,단일로 - 고가도로위,승용,남,59세,상해없음,보행자,남,64세,중상
2021062500100039,2021년 6월 25일 06시,금요일,전라북도 익산시 모현동1가,중상사고,0,1,0,0,차대차 - 측면충돌,차로위반,건조,맑음,단일로 - 기타,화물,남,65세,상해없음,이륜,남,52세,중상
2021062500100040,2021년 6월 25일 06시,금요일,전라북도 남원시 고죽동,경상사고,0,0,1,0,차량단독 - 기타,기타,건조,맑음,단일로 - 기타,화물,남,56세,경상,,,,
2021062500100062,2021년 6월 25일 07시,금요일,전라북도 김제시 신풍동,중상사고,0,1,0,0,차대차 - 측면충돌,안전운전불이행,건조,맑음,단일로 - 기타,승용,남,65세,상해없음,승용,여,30세,중상
2021062500100144,2021년 6월 25일 09시,금요일,전라북도 군산시 소룡동,부상신고사고,0,0,0,1,차대사람 - 기타,안전운전불이행,건조,맑음,기타 - 기타,화물,남,57세,상해없음,보행자,남,59세,부상신고
2021062500100173,2021년 6월 25일 10시,금요일,전라북도 익산시 석암동,경상사고,0,0,1,0,차대차 - 측면충돌,직진우회전진행방해,건조,맑음,교차로 - 교차로안,화물,남,41세,경상,화물,남,67세,상해없음
2021062500100174,2021년 6월 25일 10시,금요일,전라북도 부안군 부안읍,중상사고,0,1,0,0,차대차 - 측면충돌,안전운전불이행,건조,맑음,단일로 - 기타,승용,남,34세,상해없음,이륜,남,86세,중상
2021062500100210,2021년 6월 25일 11시,금요일,전라북도 전주시 덕진구 금암동,경상사고,0,0,1,0,차대차 - 측면충돌,안전운전불이행,건조,맑음,교차로 - 교차로부근,건설기계,남,61세,상해없음,승용,여,59세,경상
2021062500100238,2021년 6월 25일 12시,금요일,전라북도 익산시 목천동,중상사고,0,1,0,0,차대사람 - 보도통행중,신호위반,건조,맑음,교차로 - 교차로횡단보도내,화물,남,58세,상해없음,보행자,남,20세,중상
2021062500100363,2021년 6월 25일 15시,금요일,전라북도 부안군 상서면,사망사고,1,0,0,0,차대차 - 측면충돌,기타,건조,맑음,교차로 - 교차로안,이륜,남,66세,사망,승용,여,43세,상해없음
2021062500100465,2021년 6월 25일 17시,금요일,전라북도 군산시 소룡동,경상사고,0,0,1,0,차대차 - 측면충돌,신호위반,건조,맑음,교차로 - 교차로안,화물,남,48세,상해없음,승용,남,61세,상해없음
2021062500100521,2021년 6월 25일 18시,금요일,전라북도 전주시 덕진구 송천동2가,경상사고,0,0,1,0,차대차 - 측면충돌,신호위반,건조,맑음,교차로 - 교차로안,승용,여,37세,상해없음,승용,여,48세,경상
2021062500100523,2021년 6월 25일 18시,금요일,전라북도 정읍시 수성동,경상사고,0,0,1,0,차대차 - 추돌,안전운전불이행,건조,맑음,교차로 - 교차로안,승용,남,67세,상해없음,승용,남,54세,경상
2021062500100524,2021년 6월 25일 18시,금요일,전라북도 고창군 고창읍,중상사고,0,1,0,0,차대차 - 측면충돌,중앙선침범,건조,맑음,단일로 - 기타,승용,여,54세,상해없음,화물,남,53세,중상
2021062500100603,2021년 6월 25일 20시,금요일,전라북도 군산시 조촌동,경상사고,0,0,1,0,차대차 - 기타,신호위반,건조,맑음,교차로 - 교차로부근,승용,여,53세,기타불명,승합,남,46세,상해없음
2021062500100631,2021년 6월 25일 21시,금요일,전라북도 군산시 나운동,중상사고,0,1,0,0,차대사람 - 횡단중,안전운전불이행,건조,맑음,교차로 - 교차로안,승용,남,76세,상해없음,보행자,남,23세,중상
2021062500100632,2021년 6월 25일 21시,금요일,전라북도 군산시 임피면,사망사고,1,0,0,0,차량단독 - 도로외이탈 - 추락,기타,건조,흐림,단일로 - 기타,승용,남,20세,사망,,,,
2021062500100675,2021년 6월 25일 22시,금요일,전라북도 전주시 완산구 서신동,경상사고,0,0,3,0,차대차 - 추돌,안전운전불이행,건조,흐림,단일로 - 기타,승용,남,32세,상해없음,승합,남,50세,경상
2021062500100676,2021년 6월 25일 22시,금요일,전라북도 익산시 영등동,경상사고,0,0,1,0,차대차 - 측면충돌,신호위반,젖음/습기,비,교차로 - 교차로부근,승용,남,63세,상해없음,승용,남,35세,경상
2021062500100693,2021년 6월 25일 23시,금요일,전라북도 전주시 완산구 효자동2가,경상사고,0,0,1,0,차대차 - 추돌,안전운전불이행,젖음/습기,비,교차로 - 교차로안,승용,여,49세,상해없음,승용,여,30세,경상
2021062500100694,2021년 6월 25일 23시,금요일,전라북도 진안군 진안읍,경상사고,0,0,1,0,차대차 - 정면충돌,중앙선침범,젖음/습기,비,단일로 - 기타,승용,남,51세,상해없음,화물,남,22세,경상
2021062600100013,2021년 6월 26일 00시,토요일,전라북도 완주군 봉동읍,사망사고,1,0,0,0,차량단독 - 공작물충돌,안전운전불이행,젖음/습기,비,단일로 - 기타,승용,남,44세,사망,,,,
2021062600100014,2021년 6월 26일 00시,토요일,전라북도 완주군 이서면,중상사고,0,4,0,0,차대차 - 추돌,안전운전불이행,젖음/습기,비,단일로 - 기타,승용,여,31세,상해없음,승용,여,44세,중상
2021062600100078,2021년 6월 26일 06시,토요일,전라북도 전주시 덕진구 산정동,경상사고,0,0,2,0,차대차 - 측면충돌,교차로운행방법위반,건조,맑음,교차로 - 교차로안,화물,남,51세,상해없음,승용,남,33세,경상
2021062600100087,2021년 6월 26일 07시,토요일,전라북도 임실군 성수면,중상사고,0,1,0,0,차대차 - 측면충돌,중앙선침범,젖음/습기,비,단일로 - 기타,화물,남,54세,상해없음,승용,남,64세,중상
2021062600100097,2021년 6월 26일 08시,토요일,전라북도 군산시 수송동,경상사고,0,0,1,0,차대차 - 기타,안전운전불이행,건조,맑음,교차로 - 교차로부근,승용,남,68세,상해없음,승용,남,64세,경상
2021062600100125,2021년 6월 26일 09시,토요일,전라북도 전주시 완산구 평화동3가,경상사고,0,0,1,0,차대사람 - 기타,안전운전불이행,건조,맑음,단일로 - 기타,자전거,남,13세,상해없음,보행자,여,51세,경상
2021062600100126,2021년 6월 26일 09시,토요일,전라북도 고창군 고수면,중상사고,0,7,2,0,차량단독 - 전도전복 - 전도,불법유턴,건조,맑음,단일로 - 기타,승합,남,60세,상해없음,,,,
2021062600100127,2021년 6월 26일 09시,토요일,전라북도 무주군 설천면,중상사고,0,1,1,0,차량단독 - 공작물충돌,안전운전불이행,젖음/습기,비,단일로 - 지하차도(도로)내,화물,남,62세,상해없음,,,,
2021062600100161,2021년 6월 26일 10시,토요일,전라북도 임실군 임실읍,중상사고,0,1,0,0,차대사람 - 기타,안전운전불이행,건조,맑음,기타 - 기타,승용,남,49세,상해없음,보행자,여,83세,중상
2021062600100162,2021년 6월 26일 10시,토요일,전라북도 진안군 정천면,경상사고,0,0,2,0,차대차 - 측면충돌,중앙선침범,건조,맑음,단일로 - 기타,화물,남,63세,상해없음,화물,남,59세,경상
2021062600100195,2021년 6월 26일 11시,토요일,전라북도 전주시 덕진구 덕진동1가,경상사고,0,0,2,0,차대차 - 추돌,안전운전불이행,건조,맑음,단일로 - 기타,승용,남,36세,상해없음,승용,남,64세,경상
2021062600100196,2021년 6월 26일 11시,토요일,전라북도 익산시 함열읍,경상사고,0,0,1,0,차대사람 - 횡단중,보행자보호의무위반,건조,맑음,단일로 - 기타,승용,남,60세,상해없음,보행자,남,53세,경상
2021062600100232,2021년 6월 26일 12시,토요일,전라북도 고창군 고창읍,경상사고,0,0,1,0,차대차 - 기타,중앙선침범,건조,맑음,교차로 - 교차로부근,승용,남,43세,상해없음,승용,여,71세,경상
2021062600100312,2021년 6월 26일 14시,토요일,전라북도 전주시 덕진구 우아동3가,중상사고,0,1,0,0,차대차 - 측면충돌,신호위반,건조,맑음,교차로 - 교차로안,승용,남,47세,상해없음,이륜,남,46세,중상
2021062600100452,2021년 6월 26일 18시,토요일,전라북도 전주시 완산구 서신동,경상사고,0,0,1,0,차대차 - 측면충돌,안전거리미확보,건조,맑음,단일로 - 기타,승용,남,19세,상해없음,승용,여,44세,경상
2021062600100453,2021년 6월 26일 18시,토요일,전라북도 군산시 나운동,경상사고,0,0,1,0,차대차 - 기타,안전운전불이행,건조,맑음,교차로 - 교차로안,승용,남,69세,상해없음,승용,남,59세,경상
2021062600100527,2021년 6월 26일 20시,토요일,전라북도 부안군 줄포면,중상사고,0,1,0,0,차대차 - 추돌,안전운전불이행,건조,맑음,단일로 - 기타,승용,남,39세,상해없음,이륜,남,74세,중상
2021062600100559,2021년 6월 26일 21시,토요일,전라북도 정읍시 상동,중상사고,0,1,0,0,차대차 - 정면충돌,신호위반,건조,맑음,교차로 - 교차로안,승용,남,21세,상해없음,이륜,남,18세,중상
2021062600100628,2021년 6월 26일 23시,토요일,전라북도 전주시 완산구 효자동2가,중상사고,0,1,0,0,차대차 - 측면충돌,불법유턴,건조,맑음,단일로 - 기타,승용,남,27세,상해없음,이륜,남,23세,중상
2021062700100012,2021년 6월 27일 00시,일요일,전라북도 남원시 도통동,사망사고,1,0,0,0,차대사람 - 기타,안전운전불이행,건조,맑음,단일로 - 기타,승용,남,35세,상해없음,보행자,남,47세,사망
2021062700100034,2021년 6월 27일 01시,일요일,전라북도 군산시 수송동,경상사고,0,0,1,0,차대차 - 추돌,안전운전불이행,건조,맑음,교차로 - 교차로안,승용,남,23세,상해없음,승용,남,24세,경상
2021062700100050,2021년 6월 27일 03시,일요일,전라북도 고창군 고창읍,경상사고,0,0,1,0,차대사람 - 횡단중,안전운전불이행,건조,맑음,단일로 - 기타,승용,여,59세,상해없음,보행자,남,48세,경상
2021062700100070,2021년 6월 27일 06시,일요일,전라북도 전주시 완산구 서신동,경상사고,0,0,1,0,차량단독 - 기타,안전운전불이행,건조,맑음,교차로 - 교차로안,승용,남,66세,상해없음,,,,
2021062700100088,2021년 6월 27일 08시,일요일,전라북도 전주시 완산구 서신동,부상신고사고,0,0,0,1,차대차 - 측면충돌,안전운전불이행,건조,맑음,교차로 - 교차로부근,이륜,남,53세,부상신고,승용,남,29세,상해없음
2021062700100089,2021년 6월 27일 08시,일요일,전라북도 익산시 창인동1가,경상사고,0,0,1,0,차대차 - 추돌,안전거리미확보,건조,맑음,교차로 - 교차로부근,승용,여,49세,상해없음,이륜,남,60세,경상
2021062700100100,2021년 6월 27일 09시,일요일,전라북도 전주시 완산구 효자동3가,중상사고,0,1,0,0,차대차 - 정면충돌,신호위반,건조,맑음,교차로 - 교차로안,승용,남,23세,상해없음,승용,남,56세,중상
2021062700100156,2021년 6월 27일 11시,일요일,전라북도 익산시 영등동,경상사고,0,0,1,0,차대차 - 측면충돌,안전운전불이행,건조,맑음,교차로 - 교차로부근,승용,남,73세,상해없음,승용,남,62세,경상
2021062700100181,2021년 6월 27일 12시,일요일,전라북도 전주시 완산구 다가동3가,경상사고,0,0,2,0,차대차 - 측면충돌,기타,건조,맑음,단일로 - 기타,승용,여,46세,상해없음,승용,남,27세,경상
2021062700100212,2021년 6월 27일 13시,일요일,전라북도 전주시 완산구 남노송동,경상사고,0,0,1,0,차대차 - 추돌,안전거리미확보,건조,맑음,교차로 - 교차로부근,승용,남,71세,상해없음,승합,남,52세,경상
2021062700100213,2021년 6월 27일 13시,일요일,전라북도 군산시 옥도면,중상사고,0,1,1,0,차대차 - 기타,불법유턴,건조,맑음,단일로 - 기타,승용,남,62세,상해없음,승용,남,73세,중상
2021062700100247,2021년 6월 27일 14시,일요일,전라북도 군산시 조촌동,경상사고,0,0,3,0,차대차 - 측면충돌,교차로운행방법위반,건조,맑음,교차로 - 교차로안,이륜,남,53세,경상,이륜,남,80세,경상
2021062700100304,2021년 6월 27일 16시,일요일,전라북도 전주시 덕진구 반월동,중상사고,0,1,0,0,차대차 - 측면충돌,신호위반,건조,맑음,교차로 - 교차로횡단보도내,승용,여,38세,상해없음,자전거,남,62세,중상
2021062700100333,2021년 6월 27일 17시,일요일,전라북도 전주시 완산구 평화동2가,경상사고,0,0,1,1,차대차 - 측면충돌,안전운전불이행,건조,맑음,교차로 - 교차로부근,승용,남,67세,상해없음,화물,남,41세,경상
2021062700100334,2021년 6월 27일 17시,일요일,전라북도 군산시 나운동,중상사고,0,1,0,0,차대차 - 정면충돌,안전운전불이행,건조,맑음,단일로 - 기타,자전거,여,55세,중상,자전거,남,61세,상해없음
2021062700100335,2021년 6월 27일 17시,일요일,전라북도 김제시 신풍동,경상사고,0,0,3,0,차대차 - 측면충돌,안전운전불이행,건조,맑음,단일로 - 기타,승용,남,26세,경상,승용,여,51세,경상
2021062700100411,2021년 6월 27일 19시,일요일,전라북도 전주시 완산구 삼천동1가,중상사고,0,1,0,0,차대사람 - 기타,안전운전불이행,건조,맑음,교차로 - 교차로안,화물,남,67세,상해없음,보행자,남,66세,중상
2021062700100461,2021년 6월 27일 21시,일요일,전라북도 전주시 덕진구 우아동3가,경상사고,0,0,1,0,차대사람 - 차도통행중,안전운전불이행,건조,흐림,교차로 - 교차로안,승용,남,55세,상해없음,보행자,남,55세,경상
2021062800100058,2021년 6월 28일 07시,월요일,전라북도 전주시 완산구 효자동3가,경상사고,0,0,1,0,차대차 - 기타,안전운전불이행,건조,맑음,교차로 - 교차로부근,승용,남,26세,상해없음,승용,남,30세,경상
2021062800100103,2021년 6월 28일 08시,월요일,전라북도 전주시 완산구 중화산동2가,경상사고,0,0,1,0,차대차 - 기타,안전운전불이행,건조,맑음,교차로 - 교차로부근,승용,여,46세,상해없음,승용,남,28세,경상
2021062800100104,2021년 6월 28일 08시,월요일,전라북도 전주시 완산구 삼천동1가,경상사고,0,0,1,0,차대사람 - 횡단중,보행자보호의무위반,건조,맑음,단일로 - 기타,화물,여,63세,상해없음,보행자,남,14세,경상
2021062800100105,2021년 6월 28일 08시,월요일,전라북도 남원시 죽항동,경상사고,0,0,1,0,차대차 - 측면충돌,안전운전불이행,건조,맑음,단일로 - 기타,화물,남,48세,상해없음,승용,여,61세,경상
2021062800100139,2021년 6월 28일 09시,월요일,전라북도 남원시 도통동,경상사고,0,0,2,0,차대차 - 추돌,안전거리미확보,건조,맑음,단일로 - 기타,승용,남,82세,상해없음,승용,여,40세,경상
2021062800100182,2021년 6월 28일 10시,월요일,전라북도 고창군 고창읍,경상사고,0,0,1,0,차대차 - 측면충돌,안전운전불이행,건조,맑음,기타 - 기타,화물,남,60세,상해없음,승용,여,33세,경상
2021062800100209,2021년 6월 28일 11시,월요일,전라북도 전주시 완산구 서완산동1가,경상사고,0,0,2,0,차대차 - 기타,안전운전불이행,건조,흐림,단일로 - 기타,승용,남,53세,상해없음,승용,여,51세,경상
2021062800100282,2021년 6월 28일 13시,월요일,전라북도 군산시 나운동,경상사고,0,0,7,0,차대차 - 추돌,안전운전불이행,건조,맑음,교차로 - 교차로부근,화물,남,62세,상해없음,승용,여,65세,경상
2021062800100283,2021년 6월 28일 13시,월요일,전라북도 완주군 소양면,경상사고,0,0,2,0,차대차 - 정면충돌,안전운전불이행,젖음/습기,비,단일로 - 기타,승용,여,51세,경상,승용,여,56세,경상
2021062800100327,2021년 6월 28일 14시,월요일,전라북도 완주군 삼례읍,경상사고,0,0,1,0,차대차 - 측면충돌,안전운전불이행,건조,맑음,단일로 - 기타,승용,여,22세,상해없음,화물,남,40세,경상
2021062800100365,2021년 6월 28일 15시,월요일,전라북도 전주시 덕진구 덕진동1가,경상사고,0,0,2,0,차대차 - 추돌,안전운전불이행,젖음/습기,흐림,교차로 - 교차로부근,승용,남,55세,상해없음,승용,남,25세,경상
2021062800100366,2021년 6월 28일 15시,월요일,전라북도 군산시 수송동,경상사고,0,0,1,0,차대사람 - 보도통행중,안전운전불이행,건조,맑음,기타 - 기타,개인형이동수단(PM),남,17세,상해없음,보행자,여,7세,경상
2021062800100416,2021년 6월 28일 16시,월요일,전라북도 익산시 낭산면,중상사고,0,1,1,0,차대차 - 추돌,안전운전불이행,젖음/습기,비,단일로 - 지하차도(도로)내,이륜,남,63세,중상,승용,남,30세,경상
2021062800100450,2021년 6월 28일 17시,월요일,전라북도 전주시 완산구 서신동,중상사고,0,1,0,0,차대사람 - 횡단중,보행자보호의무위반,건조,맑음,교차로 - 교차로횡단보도내,승용,남,63세,상해없음,보행자,여,81세,중상
2021062800100451,2021년 6월 28일 17시,월요일,전라북도 군산시 대명동,중상사고,0,1,0,0,차대차 - 측면충돌,신호위반,젖음/습기,비,단일로 - 기타,화물,남,39세,상해없음,자전거,여,67세,중상
2021062800100452,2021년 6월 28일 17시,월요일,전라북도 익산시 마동,경상사고,0,0,1,0,차대차 - 측면충돌,안전운전불이행,건조,맑음,교차로 - 교차로부근,이륜,남,29세,경상,승용,남,31세,상해없음
2021062800100508,2021년 6월 28일 18시,월요일,전라북도 전주시 완산구 삼천동3가,경상사고,0,0,1,0,차대차 - 측면충돌,신호위반,건조,맑음,교차로 - 교차로안,승용,남,66세,상해없음,승용,남,54세,경상
2021062800100509,2021년 6월 28일 18시,월요일,전라북도 전주시 덕진구 인후동2가,경상사고,0,0,1,0,차대사람 - 기타,기타,건조,맑음,교차로 - 교차로안,승합,남,51세,상해없음,보행자,여,61세,경상
2021062800100510,2021년 6월 28일 18시,월요일,전라북도 익산시 덕기동,중상사고,0,1,0,0,차대차 - 측면충돌,안전운전불이행,건조,맑음,단일로 - 기타,화물,남,58세,상해없음,승용,남,34세,중상
2021062800100555,2021년 6월 28일 19시,월요일,전라북도 익산시 팔봉동,중상사고,0,1,0,0,차대사람 - 횡단중,보행자보호의무위반,건조,맑음,교차로 - 교차로횡단보도내,화물,남,51세,상해없음,보행자,여,83세,중상
2021062800100582,2021년 6월 28일 20시,월요일,전라북도 전주시 덕진구 진북동,경상사고,0,0,2,0,차대차 - 측면충돌,안전운전불이행,건조,맑음,교차로 - 교차로부근,승용,남,49세,상해없음,승용,여,25세,경상
2021062900100092,2021년 6월 29일 08시,화요일,전라북도 김제시 상동동,경상사고,0,0,2,0,차대차 - 측면충돌,안전운전불이행,건조,맑음,단일로 - 기타,자전거,남,83세,상해없음,승용,여,45세,경상