사고번호,사고일시,요일,시군구,사고내용,사망자수,중상자수,경상자수,부상신고자수,사고유형,법규위반,노면상태,기상상태,도로형태,가해운전자 차종,가해운전자 성별,가해운전자 연령,가해운전자 상해정도,피해운전자 차종,피해운전자 성별,피해운전자 연령,피해운전자 상해정도
2021062900100128,2021년 6월 29일 09시,화요일,전라북도 전주시 덕진구 팔복동2가,경상사고,0,0,3,0,차대차 - 측면충돌,직진우회전진행방해,건조,맑음,교차로 - 교차로안,승용,여,61세,상해없음,승용,남,50세,경상
2021062900100162,2021년 6월 29일 10시,화요일,전라북도 전주시 덕진구 금암동,중상사고,0,1,0,0,차대사람 - 길가장자리구역통행중,안전운전불이행,건조,맑음,교차로 - 교차로부근,화물,남,66세,상해없음,보행자,남,25세,중상
2021062900100163,2021년 6월 29일 10시,화요일,전라북도 전주시 덕진구 팔복동2가,경상사고,0,0,1,0,차대차 - 측면충돌,직진우회전진행방해,건조,맑음,교차로 - 교차로안,승용,남,30세,상해없음,승용,여,40세,경상
2021062900100198,2021년 6월 29일 11시,화요일,전라북도 남원시 왕정동,경상사고,0,0,2,0,차대차 - 측면충돌,직진우회전진행방해,기타,맑음,교차로 - 교차로안,이륜,남,74세,상해없음,승용,여,58세,경상
2021062900100298,2021년 6월 29일 14시,화요일,전라북도 남원시 광치동,경상사고,0,0,3,0,차대차 - 측면충돌,신호위반,기타,맑음,기타 - 기타,승용,남,43세,상해없음,화물,남,36세,경상
2021062900100338,2021년 6월 29일 15시,화요일,전라북도 전주시 완산구 효자동2가,경상사고,0,0,2,0,차대차 - 측면충돌,신호위반,젖음/습기,비,기타 - 기타,이륜,남,26세,경상,자전거,남,13세,경상
2021062900100339,2021년 6월 29일 15시,화요일,전라북도 전주시 덕진구 금암동,경상사고,0,0,1,0,차대차 - 측면충돌,안전운전불이행,건조,맑음,교차로 - 교차로안,승용,여,52세,상해없음,승용,여,48세,경상
2021062900100390,2021년 6월 29일 16시,화요일,전라북도 군산시 대야면,중상사고,0,1,2,0,차대차 - 측면충돌,안전운전불이행,건조,흐림,단일로 - 지하차도(도로)내,승용,남,72세,상해없음,승용,여,32세,경상
2021062900100498,2021년 6월 29일 18시,화요일,전라북도 전주시 덕진구 인후동1가,경상사고,0,0,2,0,차대차 - 추돌,안전운전불이행,건조,맑음,단일로 - 기타,승용,남,56세,상해없음,승용,남,70세,경상
2021062900100499,2021년 6월 29일 18시,화요일,전라북도 익산시 평화동,중상사고,0,1,2,0,차대차 - 측면충돌,교차로운행방법위반,건조,맑음,교차로 - 교차로안,승용,남,56세,상해없음,승용,남,29세,경상
2021062900100500,2021년 6월 29일 18시,화요일,전라북도 순창군 풍산면,경상사고,0,0,1,1,차량단독 - 기타,안전운전불이행,젖음/습기,비,단일로 - 기타,화물,남,20세,부상신고,,,,
2021063000100063,2021년 6월 30일 07시,수요일,전라북도 전주시 덕진구 반월동,경상사고,0,0,1,0,차대사람 - 횡단중,신호위반,건조,맑음,교차로 - 교차로횡단보도내,승용,여,23세,상해없음,보행자,여,15세,경상
2021063000100167,2021년 6월 30일 10시,수요일,전라북도 익산시 남중동,경상사고,0,0,1,0,차대사람 - 기타,안전운전불이행,건조,맑음,교차로 - 교차로횡단보도내,승용,남,50세,상해없음,보행자,남,64세,경상
2021063000100194,2021년 6월 30일 11시,수요일,전라북도 전주시 덕진구 덕진동1가,경상사고,0,0,1,0,차대사람 - 기타,안전운전불이행,건조,맑음,단일로 - 기타,승합,남,51세,상해없음,보행자,여,66세,경상
2021063000100313,2021년 6월 30일 14시,수요일,전라북도 정읍시 시기동,경상사고,0,0,1,0,차대차 - 기타,안전운전불이행,건조,맑음,기타 - 기타,자전거,남,64세,경상,승용,남,72세,상해없음
2021063000100351,2021년 6월 30일 15시,수요일,전라북도 전주시 완산구 중화산동2가,경상사고,0,0,1,0,차대차 - 기타,안전거리미확보,건조,맑음,단일로 - 기타,승용,남,18세,상해없음,이륜,남,72세,경상
2021063000100392,2021년 6월 30일 16시,수요일,전라북도 전주시 완산구 서신동,경상사고,0,0,2,0,차대차 - 기타,안전운전불이행,건조,맑음,교차로 - 교차로안,승용,남,60세,상해없음,승용,남,23세,경상
2021063000100394,2021년 6월 30일 16시,수요일,전라북도 전주시 덕진구 반월동,경상사고,0,0,1,0,차대차 - 측면충돌,안전운전불이행,건조,맑음,단일로 - 기타,승용,남,63세,상해없음,승용,여,62세,경상
2021063000100441,2021년 6월 30일 17시,수요일,전라북도 전주시 완산구 효자동1가,중상사고,0,3,1,0,차대차 - 측면충돌,신호위반,건조,맑음,교차로 - 교차로안,승용,여,62세,중상,승용,남,59세,경상
2021063000100442,2021년 6월 30일 17시,수요일,전라북도 군산시 오식도동,경상사고,0,0,1,0,차대차 - 기타,안전운전불이행,건조,맑음,단일로 - 기타,승용,남,28세,기타불명,승용,남,53세,경상
2021063000100443,2021년 6월 30일 17시,수요일,전라북도 정읍시 북면,중상사고,0,1,1,0,차대차 - 측면충돌,직진우회전진행방해,건조,맑음,교차로 - 교차로안,승용,남,51세,상해없음,승용,여,58세,경상
2021063000100558,2021년 6월 30일 20시,수요일,전라북도 익산시 영등동,경상사고,0,0,1,0,차대차 - 측면충돌,중앙선침범,건조,맑음,단일로 - 기타,승용,남,67세,상해없음,승용,남,54세,경상
2021063000100631,2021년 6월 30일 23시,수요일,전라북도 순창군 순창읍,중상사고,0,1,1,0,차대차 - 측면충돌,기타,건조,맑음,교차로 - 교차로안,승용,남,43세,중상,화물,남,38세,경상
2021070100100003,2021년 7월 1일 00시,목요일,전라북도 전주시 덕진구 덕진동1가,중상사고,0,1,0,0,차대사람 - 횡단중,안전운전불이행,건조,맑음,교차로 - 교차로횡단보도내,이륜,남,17세,상해없음,보행자,남,56세,중상
2021070100100097,2021년 7월 1일 08시,목요일,전라북도 전주시 완산구 평화동2가,중상사고,0,1,0,0,차대사람 - 횡단중,안전운전불이행,건조,맑음,교차로 - 교차로부근,승용,여,50세,상해없음,보행자,남,63세,중상
2021070100100098,2021년 7월 1일 08시,목요일,전라북도 익산시 춘포면,경상사고,0,0,1,0,차대차 - 측면충돌,안전운전불이행,건조,맑음,단일로 - 기타,화물,남,61세,상해없음,승용,남,37세,경상
2021070100100099,2021년 7월 1일 08시,목요일,전라북도 임실군 오수면,중상사고,0,1,0,0,차대차 - 추돌,직진우회전진행방해,건조,맑음,교차로 - 교차로안,승용,남,64세,상해없음,이륜,여,61세,중상
2021070100100100,2021년 7월 1일 08시,목요일,전라북도 임실군 임실읍,중상사고,0,1,0,0,차대차 - 추돌,안전운전불이행,건조,맑음,단일로 - 기타,원동기,여,71세,중상,승용,여,42세,상해없음
2021070100100266,2021년 7월 1일 13시,목요일,전라북도 익산시 여산면,경상사고,0,0,1,0,차대차 - 측면충돌,중앙선침범,건조,맑음,단일로 - 기타,승용,남,79세,상해없음,화물,남,54세,경상
2021070100100374,2021년 7월 1일 16시,목요일,전라북도 전주시 덕진구 우아동3가,경상사고,0,0,2,0,차대차 - 추돌,안전운전불이행,건조,맑음,교차로 - 교차로부근,화물,남,54세,상해없음,승용,남,74세,경상
2021070100100375,2021년 7월 1일 16시,목요일,전라북도 익산시 신동,중상사고,0,1,0,0,차대차 - 측면충돌,안전운전불이행,건조,맑음,단일로 - 기타,승용,여,61세,상해없음,이륜,남,20세,중상
2021070100100418,2021년 7월 1일 17시,목요일,전라북도 전주시 완산구 효자동1가,경상사고,0,0,1,0,차대사람 - 횡단중,안전운전불이행,건조,맑음,단일로 - 기타,승용,여,50세,상해없음,보행자,남,5세,경상
2021070100100419,2021년 7월 1일 17시,목요일,전라북도 전주시 덕진구 인후동1가,경상사고,0,0,1,0,차대차 - 측면충돌,안전운전불이행,건조,맑음,교차로 - 교차로부근,승용,여,50세,상해없음,화물,남,37세,경상
2021070100100420,2021년 7월 1일 17시,목요일,전라북도 전주시 덕진구 전미동1가,경상사고,0,0,1,0,차대차 - 측면충돌,차로위반,건조,맑음,교차로 - 교차로안,승용,여,20세,상해없음,승용,남,52세,경상
2021070100100472,2021년 7월 1일 18시,목요일,전라북도 익산시 송학동,경상사고,0,0,1,0,차대차 - 측면충돌,안전운전불이행,건조,맑음,단일로 - 기타,승용,남,43세,상해없음,승용,여,60세,경상
2021070100100473,2021년 7월 1일 18시,목요일,전라북도 익산시 영등동,경상사고,0,0,2,0,차대차 - 추돌,안전운전불이행,건조,맑음,교차로 - 교차로부근,승용,기타불명,미분류,기타불명,승용,여,41세,경상
2021070100100520,2021년 7월 1일 19시,목요일,전라북도 전주시 덕진구 인후동1가,경상사고,0,0,1,0,차대차 - 측면충돌,안전운전불이행,젖음/습기,비,단일로 - 기타,승용,여,42세,상해없음,승용,남,48세,경상
2021070100100521,2021년 7월 1일 19시,목요일,전라북도 전주시 덕진구 송천동2가,경상사고,0,0,1,0,차대차 - 측면충돌,신호위반,건조,맑음,교차로 - 교차로안,승용,남,56세,상해없음,승용,남,30세,경상
2021070100100556,2021년 7월 1일 20시,목요일,전라북도 익산시 부송동,경상사고,0,0,1,0,차대차 - 측면충돌,안전거리미확보,건조,맑음,단일로 - 기타,승용,남,64세,기타불명,이륜,남,28세,경상
2021070200100033,2021년 7월 2일 04시,금요일,전라북도 전주시 덕진구 반월동,중상사고,0,1,0,0,차대차 - 추돌,안전운전불이행,건조,흐림,단일로 - 기타,승용,남,35세,상해없음,화물,남,41세,중상
2021070200100048,2021년 7월 2일 06시,금요일,전라북도 전주시 완산구 효자동2가,중상사고,0,1,1,0,차대차 - 측면충돌,신호위반,건조,맑음,교차로 - 교차로안,이륜,남,74세,중상,승용,여,26세,경상
2021070200100061,2021년 7월 2일 07시,금요일,전라북도 전주시 덕진구 성덕동,중상사고,0,1,1,0,차대차 - 측면충돌,불법유턴,건조,맑음,단일로 - 기타,승용,남,79세,상해없음,승용,남,20세,경상
2021070200100062,2021년 7월 2일 07시,금요일,전라북도 완주군 고산면,경상사고,0,0,1,0,차대차 - 측면충돌,불법유턴,건조,맑음,교차로 - 교차로부근,화물,남,65세,상해없음,승용,여,35세,경상
2021070200100094,2021년 7월 2일 08시,금요일,전라북도 전주시 완산구 효자동3가,경상사고,0,0,1,0,차대사람 - 차도통행중,안전운전불이행,건조,맑음,단일로 - 기타,승용,남,60세,상해없음,보행자,여,17세,경상
2021070200100095,2021년 7월 2일 08시,금요일,전라북도 전주시 덕진구 만성동,경상사고,0,0,1,0,차대차 - 정면충돌,교차로운행방법위반,건조,맑음,교차로 - 교차로안,승용,여,26세,상해없음,승용,남,34세,경상
2021070200100096,2021년 7월 2일 08시,금요일,전라북도 김제시 죽산면,경상사고,0,0,2,0,차대차 - 기타,안전거리미확보,젖음/습기,맑음,단일로 - 기타,화물,남,49세,상해없음,승용,남,48세,경상
2021070200100232,2021년 7월 2일 12시,금요일,전라북도 김제시 신풍동,경상사고,0,0,1,0,차대차 - 측면충돌,안전운전불이행,건조,맑음,교차로 - 교차로안,승용,여,29세,상해없음,이륜,남,70세,경상
2021070200100233,2021년 7월 2일 12시,금요일,전라북도 남원시 송동면,중상사고,0,1,1,0,차대차 - 측면충돌,신호위반,건조,맑음,교차로 - 교차로안,승용,남,40세,상해없음,승용,남,44세,경상
2021070200100266,2021년 7월 2일 13시,금요일,전라북도 김제시 요촌동,중상사고,0,1,0,0,차대차 - 측면충돌,불법유턴,건조,맑음,단일로 - 기타,승용,남,36세,상해없음,이륜,남,47세,중상
2021070200100355,2021년 7월 2일 15시,금요일,전라북도 전주시 완산구 삼천동1가,중상사고,0,1,0,0,차대사람 - 기타,신호위반,건조,맑음,교차로 - 교차로횡단보도내,승용,여,52세,상해없음,보행자,여,56세,중상
2021070200100394,2021년 7월 2일 16시,금요일,전라북도 익산시 모현동1가,경상사고,0,0,1,0,차대사람 - 횡단중,보행자보호의무위반,건조,맑음,교차로 - 교차로횡단보도내,승용,남,66세,상해없음,보행자,남,58세,경상
2021070200100510,2021년 7월 2일 18시,금요일,전라북도 익산시 인화동2가,중상사고,0,1,0,0,차대사람 - 길가장자리구역통행중,안전운전불이행,건조,맑음,단일로 - 기타,승용,남,64세,상해없음,보행자,여,69세,중상
2021070200100511,2021년 7월 2일 18시,금요일,전라북도 익산시 영등동,경상사고,0,0,3,0,차대차 - 기타,차로위반,건조,맑음,단일로 - 기타,승용,남,26세,상해없음,승용,남,46세,경상
2021070200100512,2021년 7월 2일 18시,금요일,전라북도 고창군 고수면,경상사고,0,0,5,0,차대차 - 기타,기타,건조,맑음,단일로 - 터널,화물,남,44세,상해없음,승용,남,43세,경상
2021070200100570,2021년 7월 2일 19시,금요일,전라북도 정읍시 시기동,중상사고,0,1,0,0,차대차 - 측면충돌,차로위반,젖음/습기,비,단일로 - 기타,승용,남,21세,상해없음,이륜,여,69세,중상
2021070200100571,2021년 7월 2일 19시,금요일,전라북도 김제시 금산면,중상사고,0,2,0,0,차대차 - 측면충돌,기타,젖음/습기,비,교차로 - 교차로안,화물,남,47세,상해없음,승용,남,55세,중상
2021070200100572,2021년 7월 2일 19시,금요일,전라북도 완주군 이서면,경상사고,0,0,1,0,차대사람 - 보도통행중,기타,건조,맑음,기타 - 기타,승용,남,43세,상해없음,보행자,남,48세,경상
2021070200100611,2021년 7월 2일 20시,금요일,전라북도 전주시 완산구 삼천동1가,경상사고,0,0,1,0,차대사람 - 횡단중,보행자보호의무위반,젖음/습기,비,교차로 - 교차로횡단보도내,이륜,남,52세,상해없음,보행자,남,14세,경상
2021070200100612,2021년 7월 2일 20시,금요일,전라북도 정읍시 수성동,중상사고,0,2,1,0,차대사람 - 횡단중,보행자보호의무위반,젖음/습기,비,교차로 - 교차로횡단보도내,이륜,남,33세,경상,보행자,남,32세,중상
2021070200100613,2021년 7월 2일 20시,금요일,전라북도 정읍시 상동,중상사고,0,1,0,0,차대사람 - 횡단중,보행자보호의무위반,젖음/습기,비,기타 - 기타,원동기,남,31세,상해없음,보행자,여,9세,중상
2021070200100659,2021년 7월 2일 21시,금요일,전라북도 전주시 완산구 효자동2가,경상사고,0,0,2,0,차대차 - 정면충돌,신호위반,건조,맑음,교차로 - 교차로안,승용,남,33세,상해없음,승용,남,26세,경상
2021070200100725,2021년 7월 2일 23시,금요일,전라북도 전주시 완산구 효자동2가,경상사고,0,0,2,0,차대차 - 측면충돌,안전운전불이행,건조,맑음,교차로 - 교차로부근,승용,남,23세,상해없음,승용,남,35세,경상
2021070200100726,2021년 7월 2일 23시,금요일,전라북도 전주시 덕진구 장동,중상사고,0,1,0,0,차대사람 - 차도통행중,안전운전불이행,건조,맑음,교차로 - 교차로부근,개인형이동수단(PM),여,18세,상해없음,보행자,여,26세,중상
2021070200100727,2021년 7월 2일 23시,금요일,전라북도 군산시 임피면,경상사고,0,0,3,0,차대차 - 측면충돌,중앙선침범,건조,흐림,단일로 - 기타,승용,남,35세,상해없음,승용,남,30세,경상
2021070200100728,2021년 7월 2일 23시,금요일,전라북도 완주군 고산면,중상사고,0,1,0,0,차대사람 - 길가장자리구역통행중,안전운전불이행,건조,맑음,단일로 - 기타,화물,남,29세,상해없음,보행자,남,72세,중상
2021070300100005,2021년 7월 3일 00시,토요일,전라북도 전주시 완산구 효자동3가,경상사고,0,0,4,0,차대차 - 측면충돌,신호위반,건조,맑음,교차로 - 교차로안,승용,남,66세,상해없음,승용,남,34세,경상
2021070300100006,2021년 7월 3일 00시,토요일,전라북도 김제시 백산면,중상사고,0,1,1,0,차대차 - 측면충돌,신호위반,건조,맑음,교차로 - 교차로안,승용,남,44세,상해없음,승용,남,51세,상해없음
2021070300100045,2021년 7월 3일 05시,토요일,전라북도 전주시 덕진구 호성동1가,중상사고,0,1,1,0,차대차 - 측면충돌,안전운전불이행,건조,맑음,교차로 - 교차로안,승합,남,76세,중상,승용,남,66세,경상
2021070300100050,2021년 7월 3일 06시,토요일,전라북도 군산시 문화동,경상사고,0,0,1,0,차대차 - 측면충돌,안전운전불이행,젖음/습기,흐림,교차로 - 교차로안,승용,여,44세,상해없음,이륜,남,68세,경상
2021070300100080,2021년 7월 3일 08시,토요일,전라북도 익산시 남중동,중상사고,0,1,0,0,차대사람 - 횡단중,안전운전불이행,건조,맑음,교차로 - 교차로부근,승용,여,46세,상해없음,보행자,여,68세,중상
2021070300100081,2021년 7월 3일 08시,토요일,전라북도 익산시 낭산면,경상사고,0,0,1,0,차대차 - 측면충돌,안전운전불이행,건조,맑음,교차로 - 교차로안,화물,남,63세,상해없음,승용,남,58세,경상
2021070300100082,2021년 7월 3일 08시,토요일,전라북도 순창군 쌍치면,중상사고,0,1,0,0,차대사람 - 기타,안전운전불이행,건조,흐림,단일로 - 기타,화물,남,51세,상해없음,보행자,여,90세,중상
2021070300100161,2021년 7월 3일 11시,토요일,전라북도 익산시 부송동,중상사고,0,1,0,0,차대차 - 기타,기타,건조,맑음,단일로 - 기타,승용,남,52세,상해없음,이륜,남,58세,중상
2021070300100162,2021년 7월 3일 11시,토요일,전라북도 익산시 영등동,경상사고,0,0,1,0,차대사람 - 횡단중,보행자보호의무위반,건조,맑음,교차로 - 교차로안,승용,여,59세,상해없음,보행자,남,16세,경상
2021070300100163,2021년 7월 3일 11시,토요일,전라북도 김제시 요촌동,경상사고,0,0,1,0,차대차 - 측면충돌,신호위반,건조,맑음,교차로 - 교차로안,이륜,남,78세,상해없음,승용,남,53세,상해없음
2021070300100203,2021년 7월 3일 12시,토요일,전라북도 전주시 완산구 중화산동2가,중상사고,0,1,1,0,차대차 - 측면충돌,안전거리미확보,건조,맑음,단일로 - 기타,승용,여,70세,경상,원동기,남,31세,중상
2021070300100204,2021년 7월 3일 12시,토요일,전라북도 전주시 덕진구 송천동1가,경상사고,0,0,1,0,차대차 - 측면충돌,교차로운행방법위반,건조,맑음,교차로 - 교차로안,승용,남,26세,상해없음,승용,여,45세,경상
2021070300100205,2021년 7월 3일 12시,토요일,전라북도 군산시 나운동,경상사고,0,0,1,0,차대차 - 측면충돌,신호위반,건조,맑음,교차로 - 교차로안,승용,남,68세,상해없음,승용,남,47세,경상
2021070300100243,2021년 7월 3일 13시,토요일,전라북도 전주시 완산구 효자동1가,경상사고,0,0,3,0,차대차 - 추돌,안전운전불이행,젖음/습기,비,교차로 - 교차로부근,승합,남,60세,상해없음,승용,여,42세,경상
2021070300100287,2021년 7월 3일 14시,토요일,전라북도 남원시 하정동,경상사고,0,0,1,0,차대차 - 측면충돌,안전운전불이행,젖음/습기,비,교차로 - 교차로안,승용,남,68세,상해없음,승용,남,49세,경상
2021070300100320,2021년 7월 3일 15시,토요일,전라북도 전주시 완산구 용복동,경상사고,0,0,3,0,차대차 - 측면충돌,안전운전불이행,젖음/습기,비,단일로 - 기타,승용,남,60세,상해없음,승용,여,32세,경상
2021070300100321,2021년 7월 3일 15시,토요일,전라북도 군산시 조촌동,중상사고,0,1,0,0,차대차 - 측면충돌,안전운전불이행,젖음/습기,비,교차로 - 교차로안,승용,남,21세,상해없음,자전거,남,79세,중상
2021070300100322,2021년 7월 3일 15시,토요일,전라북도 완주군 용진읍,중상사고,0,2,2,0,차대차 - 추돌,기타,젖음/습기,비,단일로 - 기타,승용,남,62세,상해없음,승용,남,58세,중상
2021070300100323,2021년 7월 3일 15시,토요일,전라북도 익산시 왕궁면,경상사고,0,0,3,0,차대차 - 측면충돌,안전운전불이행,젖음/습기,비,단일로 - 기타,승용,남,50세,상해없음,승용,남,33세,경상
2021070300100358,2021년 7월 3일 16시,토요일,전라북도 전주시 완산구 평화동1가,경상사고,0,0,1,0,차대차 - 측면충돌,신호위반,건조,맑음,교차로 - 교차로안,승용,남,25세,상해없음,승용,여,52세,경상
2021070300100359,2021년 7월 3일 16시,토요일,전라북도 익산시 어양동,경상사고,0,0,1,0,차대차 - 측면충돌,직진우회전진행방해,젖음/습기,비,교차로 - 교차로안,이륜,남,67세,경상,승용,여,34세,상해없음
2021070300100395,2021년 7월 3일 17시,토요일,전라북도 익산시 왕궁면,중상사고,0,1,1,0,차대차 - 정면충돌,신호위반,젖음/습기,비,교차로 - 교차로안,화물,남,64세,상해없음,승용,남,66세,경상
2021070300100535,2021년 7월 3일 20시,토요일,전라북도 익산시 함열읍,경상사고,0,0,1,0,차대차 - 추돌,안전운전불이행,젖음/습기,비,교차로 - 교차로부근,승용,남,56세,상해없음,승용,여,48세,경상
2021070300100581,2021년 7월 3일 21시,토요일,전라북도 정읍시 금붕동,경상사고,0,0,5,0,차대차 - 정면충돌,중앙선침범,젖음/습기,비,단일로 - 기타,승용,남,73세,상해없음,승용,남,37세,경상
2021070300100582,2021년 7월 3일 21시,토요일,전라북도 완주군 고산면,중상사고,0,1,0,0,차대사람 - 길가장자리구역통행중,안전운전불이행,젖음/습기,비,단일로 - 기타,승용,남,58세,상해없음,보행자,남,61세,중상
2021070400100051,2021년 7월 4일 02시,일요일,전라북도 익산시 신동,경상사고,0,0,1,0,차대차 - 추돌,안전운전불이행,젖음/습기,비,교차로 - 교차로부근,승용,여,56세,상해없음,승용,여,24세,경상
2021070400100067,2021년 7월 4일 04시,일요일,전라북도 정읍시 옹동면,경상사고,0,0,1,0,차량단독 - 공작물충돌,안전운전불이행,젖음/습기,흐림,교차로 - 교차로안,이륜,여,69세,경상,,,,
2021070400100072,2021년 7월 4일 05시,일요일,전라북도 전주시 덕진구 금암동,경상사고,0,0,1,0,차량단독 - 기타,안전운전불이행,건조,맑음,단일로 - 기타,승용,남,57세,기타불명,,,,
2021070400100091,2021년 7월 4일 08시,일요일,전라북도 군산시 대야면,경상사고,0,0,1,0,차대차 - 기타,신호위반,젖음/습기,비,교차로 - 교차로횡단보도내,승용,남,62세,상해없음,승용,여,67세,경상
2021070400100110,2021년 7월 4일 10시,일요일,전라북도 전주시 덕진구 진북동,경상사고,0,0,2,0,차대차 - 측면충돌,중앙선침범,건조,흐림,단일로 - 기타,승용,남,53세,상해없음,승용,여,25세,경상
2021070400100131,2021년 7월 4일 11시,일요일,전라북도 군산시 나운동,경상사고,0,0,2,0,차대차 - 추돌,안전운전불이행,젖음/습기,비,교차로 - 교차로부근,승용,남,46세,상해없음,승용,남,69세,경상
2021070400100151,2021년 7월 4일 12시,일요일,전라북도 전주시 덕진구 우아동1가,경상사고,0,0,1,0,차대사람 - 횡단중,보행자보호의무위반,건조,흐림,교차로 - 교차로안,승용,여,61세,상해없음,보행자,여,5세,경상
2021070400100152,2021년 7월 4일 12시,일요일,전라북도 익산시 어양동,경상사고,0,0,4,0,차대차 - 추돌,안전운전불이행,건조,맑음,단일로 - 기타,승용,남,58세,상해없음,승용,남,34세,경상
2021070400100177,2021년 7월 4일 13시,일요일,전라북도 전주시 덕진구 진북동,중상사고,0,1,2,0,차대차 - 측면충돌,신호위반,건조,흐림,교차로 - 교차로안,승용,남,56세,상해없음,승용,남,47세,중상
2021070400100279,2021년 7월 4일 16시,일요일,전라북도 전주시 완산구 효자동2가,경상사고,0,0,2,0,차대차 - 기타,안전운전불이행,건조,맑음,교차로 - 교차로부근,승용,여,55세,상해없음,승용,남,44세,경상
2021070400100311,2021년 7월 4일 17시,일요일,전라북도 김제시 교동,경상사고,0,0,4,0,차대차 - 측면충돌,중앙선침범,건조,맑음,단일로 - 기타,이륜,남,71세,상해없음,승합,남,38세,경상
2021070400100338,2021년 7월 4일 18시,일요일,전라북도 군산시 수송동,경상사고,0,0,1,0,차대차 - 기타,안전운전불이행,건조,흐림,교차로 - 교차로안,승용,여,62세,상해없음,이륜,남,31세,경상
2021070400100339,2021년 7월 4일 18시,일요일,전라북도 익산시 함라면,중상사고,0,6,2,0,차대차 - 측면충돌,안전운전불이행,건조,맑음,단일로 - 기타,승용,남,68세,상해없음,승용,남,25세,중상
2021070400100340,2021년 7월 4일 18시,일요일,전라북도 익산시 마동,경상사고,0,0,1,0,차대차 - 추돌,안전거리미확보,건조,맑음,단일로 - 기타,원동기,남,59세,상해없음,원동기,남,50세,경상
2021070400100397,2021년 7월 4일 20시,일요일,전라북도 전주시 완산구 평화동2가,중상사고,0,1,0,0,차대차 - 추돌,신호위반,건조,맑음,교차로 - 교차로부근,승용,여,47세,상해없음,승용,남,50세,중상
2021070400100398,2021년 7월 4일 20시,일요일,전라북도 전주시 덕진구 우아동1가,경상사고,0,0,4,0,차대차 - 측면충돌,교차로운행방법위반,건조,맑음,교차로 - 교차로안,승용,남,20세,상해없음,승합,여,39세,경상
2021070400100399,2021년 7월 4일 20시,일요일,전라북도 군산시 조촌동,경상사고,0,0,1,0,차대차 - 기타,안전운전불이행,젖음/습기,비,교차로 - 교차로안,승용,남,31세,상해없음,화물,여,69세,경상
2021070400100443,2021년 7월 4일 22시,일요일,전라북도 익산시 송학동,경상사고,0,0,1,0,차대차 - 기타,안전운전불이행,건조,맑음,교차로 - 교차로안,승용,여,51세,상해없음,승용,여,39세,경상
2021070500100038,2021년 7월 5일 06시,월요일,전라북도 군산시 산북동,중상사고,0,1,0,0,차대차 - 기타,안전운전불이행,건조,맑음,교차로 - 교차로횡단보도내,승용,남,33세,상해없음,자전거,남,64세,중상
2021070500100089,2021년 7월 5일 08시,월요일,전라북도 익산시 인화동2가,경상사고,0,0,2,0,차대차 - 추돌,신호위반,건조,맑음,교차로 - 교차로안,승용,남,65세,상해없음,승용,남,54세,경상
2021070500100090,2021년 7월 5일 08시,월요일,전라북도 정읍시 수성동,중상사고,0,1,0,0,차대사람 - 기타,안전운전불이행,건조,맑음,단일로 - 터널,자전거,여,26세,상해없음,보행자,남,58세,중상
2021070500100160,2021년 7월 5일 10시,월요일,전라북도 익산시 신동,부상신고사고,0,0,0,1,차대차 - 정면충돌,중앙선침범,건조,맑음,교차로 - 교차로부근,자전거,여,76세,부상신고,승용,남,39세,상해없음
2021070500100195,2021년 7월 5일 11시,월요일,전라북도 군산시 나운동,경상사고,0,0,2,0,차대차 - 측면충돌,신호위반,젖음/습기,흐림,교차로 - 교차로안,승용,여,25세,경상,승용,남,51세,경상
2021070500100265,2021년 7월 5일 13시,월요일,전라북도 군산시 미룡동,경상사고,0,0,1,0,차대차 - 측면충돌,안전운전불이행,젖음/습기,비,교차로 - 교차로안,승용,남,20세,상해없음,승용,여,52세,경상
2021070500100266,2021년 7월 5일 13시,월요일,전라북도 군산시 산북동,경상사고,0,0,1,0,차대사람 - 기타,기타,젖음/습기,비,기타 - 기타,승합,남,61세,상해없음,보행자,여,64세,경상
2021070500100267,2021년 7월 5일 13시,월요일,전라북도 김제시 용동,경상사고,0,0,3,0,차대차 - 정면충돌,중앙선침범,젖음/습기,비,단일로 - 교량,화물,남,57세,경상,승용,남,41세,경상
2021070500100268,2021년 7월 5일 13시,월요일,전라북도 고창군 고창읍,경상사고,0,0,3,0,차대차 - 측면충돌,안전운전불이행,젖음/습기,비,교차로 - 교차로안,승용,여,62세,상해없음,승용,여,68세,경상
2021070500100299,2021년 7월 5일 14시,월요일,전라북도 완주군 봉동읍,중상사고,0,1,0,0,차대사람 - 기타,안전운전불이행,젖음/습기,비,단일로 - 기타,화물,남,76세,상해없음,보행자,여,78세,중상
2021070500100377,2021년 7월 5일 16시,월요일,전라북도 전주시 완산구 서노송동,경상사고,0,0,1,0,차대사람 - 횡단중,신호위반,건조,맑음,교차로 - 교차로횡단보도내,승용,여,53세,상해없음,보행자,남,32세,경상
2021070500100415,2021년 7월 5일 17시,월요일,전라북도 익산시 인화동2가,경상사고,0,0,1,0,차대차 - 측면충돌,안전운전불이행,건조,맑음,교차로 - 교차로안,승용,남,41세,상해없음,승용,남,61세,경상
2021070500100453,2021년 7월 5일 18시,월요일,전라북도 남원시 동충동,중상사고,0,1,0,0,차대차 - 측면충돌,교차로운행방법위반,젖음/습기,비,교차로 - 교차로안,승합,여,49세,상해없음,이륜,남,75세,중상