사고번호,사고일시,요일,시군구,사고내용,사망자수,중상자수,경상자수,부상신고자수,사고유형,법규위반,노면상태,기상상태,도로형태,가해운전자 차종,가해운전자 성별,가해운전자 연령,가해운전자 상해정도,피해운전자 차종,피해운전자 성별,피해운전자 연령,피해운전자 상해정도
2021070500100488,2021년 7월 5일 19시,월요일,전라북도 전주시 덕진구 진북동,중상사고,0,3,0,0,차대차 - 측면충돌,중앙선침범,젖음/습기,비,단일로 - 기타,화물,남,67세,상해없음,승용,남,68세,중상
2021070500100489,2021년 7월 5일 19시,월요일,전라북도 군산시 비응도동,경상사고,0,0,4,0,차대차 - 정면충돌,신호위반,젖음/습기,비,교차로 - 교차로안,승용,여,53세,경상,승용,남,57세,경상
2021070500100490,2021년 7월 5일 19시,월요일,전라북도 익산시 모현동1가,경상사고,0,0,1,0,차대사람 - 차도통행중,중앙선침범,젖음/습기,흐림,단일로 - 기타,승용,남,55세,상해없음,보행자,여,64세,경상
2021070500100516,2021년 7월 5일 20시,월요일,전라북도 군산시 산북동,경상사고,0,0,1,0,차대사람 - 기타,기타,젖음/습기,비,교차로 - 교차로부근,승용,남,71세,상해없음,보행자,남,46세,경상
2021070500100596,2021년 7월 5일 23시,월요일,전라북도 전주시 완산구 효자동3가,중상사고,0,1,1,0,차대차 - 측면충돌,신호위반,젖음/습기,비,단일로 - 기타,기타불명,기타불명,미분류,기타불명,승용,여,38세,경상
2021070600100020,2021년 7월 6일 01시,화요일,전라북도 군산시 소룡동,경상사고,0,0,4,0,차대차 - 측면충돌,신호위반,젖음/습기,비,교차로 - 교차로안,승용,남,25세,상해없음,승용,남,32세,경상
2021070600100048,2021년 7월 6일 06시,화요일,전라북도 군산시 수송동,중상사고,0,1,0,0,차대사람 - 횡단중,보행자보호의무위반,젖음/습기,흐림,교차로 - 교차로안,승용,남,54세,상해없음,보행자,여,17세,중상
2021070600100155,2021년 7월 6일 10시,화요일,전라북도 군산시 미장동,경상사고,0,0,1,0,차대차 - 측면충돌,안전운전불이행,건조,맑음,교차로 - 교차로안,승용,남,59세,상해없음,승용,여,50세,경상
2021070600100156,2021년 7월 6일 10시,화요일,전라북도 익산시 왕궁면,중상사고,0,1,0,0,차대차 - 추돌,안전운전불이행,건조,맑음,단일로 - 기타,화물,남,62세,상해없음,자전거,남,91세,중상
2021070600100183,2021년 7월 6일 11시,화요일,전라북도 군산시 미장동,경상사고,0,0,5,0,차대차 - 측면충돌,신호위반,건조,흐림,교차로 - 교차로안,승용,남,55세,상해없음,승용,여,50세,경상
2021070600100184,2021년 7월 6일 11시,화요일,전라북도 임실군 관촌면,부상신고사고,0,0,0,1,차대차 - 기타,안전거리미확보,건조,맑음,단일로 - 기타,승용,여,50세,상해없음,승용,남,51세,상해없음
2021070600100221,2021년 7월 6일 12시,화요일,전라북도 전주시 완산구 평화동2가,경상사고,0,0,1,0,차대차 - 기타,신호위반,젖음/습기,비,교차로 - 교차로부근,승용,여,38세,상해없음,이륜,남,50세,경상
2021070600100222,2021년 7월 6일 12시,화요일,전라북도 군산시 나운동,경상사고,0,0,1,0,차대사람 - 차도통행중,안전운전불이행,건조,맑음,미분류 - 미분류,기타불명,기타불명,미분류,기타불명,보행자,여,76세,경상
2021070600100254,2021년 7월 6일 13시,화요일,전라북도 고창군 고창읍,중상사고,0,1,0,0,차대차 - 측면충돌,교차로운행방법위반,젖음/습기,비,교차로 - 교차로안,승용,남,73세,상해없음,승용,남,35세,중상
2021070600100284,2021년 7월 6일 14시,화요일,전라북도 군산시 명산동,경상사고,0,0,2,0,차대차 - 측면충돌,신호위반,젖음/습기,비,교차로 - 교차로안,승용,남,46세,상해없음,승용,남,70세,경상
2021070600100285,2021년 7월 6일 14시,화요일,전라북도 부안군 부안읍,중상사고,0,1,0,0,차대사람 - 기타,안전운전불이행,젖음/습기,비,교차로 - 교차로안,승용,여,41세,상해없음,보행자,남,71세,중상
2021070600100313,2021년 7월 6일 15시,화요일,전라북도 전주시 완산구 서신동,경상사고,0,0,1,0,차대차 - 기타,안전운전불이행,젖음/습기,비,교차로 - 교차로부근,승용,여,21세,상해없음,승합,남,36세,경상
2021070600100314,2021년 7월 6일 15시,화요일,전라북도 전주시 덕진구 장동,경상사고,0,0,1,0,차대차 - 측면충돌,신호위반,젖음/습기,비,교차로 - 교차로안,화물,남,74세,상해없음,승용,여,38세,경상
2021070600100346,2021년 7월 6일 16시,화요일,전라북도 전주시 완산구 평화동2가,경상사고,0,0,1,0,차대차 - 기타,안전운전불이행,젖음/습기,비,교차로 - 교차로부근,승용,여,37세,상해없음,승합,남,37세,경상
2021070600100347,2021년 7월 6일 16시,화요일,전라북도 익산시 신동,경상사고,0,0,1,0,차대차 - 정면충돌,안전운전불이행,젖음/습기,비,단일로 - 기타,승용,여,53세,상해없음,이륜,남,36세,경상
2021070600100348,2021년 7월 6일 16시,화요일,전라북도 정읍시 연지동,경상사고,0,0,1,0,차대차 - 측면충돌,신호위반,젖음/습기,비,교차로 - 교차로안,이륜,남,72세,경상,화물,남,61세,상해없음
2021070600100395,2021년 7월 6일 17시,화요일,전라북도 전주시 완산구 중화산동2가,경상사고,0,0,1,0,차대차 - 기타,안전운전불이행,젖음/습기,비,교차로 - 교차로부근,화물,남,47세,상해없음,승용,남,56세,경상
2021070600100396,2021년 7월 6일 17시,화요일,전라북도 익산시 용제동,경상사고,0,0,1,0,차대차 - 정면충돌,교차로운행방법위반,젖음/습기,비,교차로 - 교차로안,승용,여,55세,경상,승용,남,51세,상해없음
2021070600100397,2021년 7월 6일 17시,화요일,전라북도 고창군 흥덕면,경상사고,0,0,1,0,차대차 - 측면충돌,안전운전불이행,건조,맑음,기타 - 기타,승합,남,44세,상해없음,승용,남,40세,경상
2021070600100440,2021년 7월 6일 18시,화요일,전라북도 전주시 덕진구 송천동2가,경상사고,0,0,1,0,차대차 - 측면충돌,신호위반,젖음/습기,비,교차로 - 교차로부근,승용,남,67세,상해없음,승용,남,37세,경상
2021070600100441,2021년 7월 6일 18시,화요일,전라북도 군산시 옥산면,경상사고,0,0,1,0,차대차 - 측면충돌,안전운전불이행,젖음/습기,비,단일로 - 기타,승용,남,29세,상해없음,승용,남,37세,경상
2021070600100442,2021년 7월 6일 18시,화요일,전라북도 김제시 순동,경상사고,0,0,2,0,차대차 - 측면충돌,불법유턴,젖음/습기,비,단일로 - 기타,승용,남,30세,상해없음,승용,남,46세,경상
2021070600100476,2021년 7월 6일 19시,화요일,전라북도 전주시 덕진구 송천동1가,경상사고,0,0,2,0,차대차 - 측면충돌,안전운전불이행,건조,맑음,교차로 - 교차로부근,기타불명,기타불명,미분류,기타불명,승용,남,52세,경상
2021070600100477,2021년 7월 6일 19시,화요일,전라북도 익산시 인화동2가,경상사고,0,0,1,0,차대차 - 측면충돌,안전운전불이행,건조,맑음,단일로 - 기타,승용,여,22세,상해없음,승용,남,59세,경상
2021070600100509,2021년 7월 6일 20시,화요일,전라북도 익산시 부송동,경상사고,0,0,2,0,차대차 - 측면충돌,안전운전불이행,건조,맑음,단일로 - 기타,승용,남,34세,경상,승용,남,70세,경상
2021070600100573,2021년 7월 6일 22시,화요일,전라북도 전주시 완산구 중화산동2가,경상사고,0,0,1,0,차대차 - 기타,신호위반,젖음/습기,흐림,교차로 - 교차로안,승용,여,51세,상해없음,승용,여,25세,경상
2021070600100574,2021년 7월 6일 22시,화요일,전라북도 전주시 덕진구 전미동2가,경상사고,0,0,1,0,차대차 - 추돌,안전운전불이행,젖음/습기,비,단일로 - 기타,승용,남,24세,상해없음,화물,남,53세,경상
2021070600100592,2021년 7월 6일 23시,화요일,전라북도 군산시 나운동,경상사고,0,0,1,0,차대차 - 측면충돌,안전운전불이행,젖음/습기,흐림,단일로 - 기타,승용,남,43세,상해없음,승용,남,38세,경상
2021070700100007,2021년 7월 7일 00시,수요일,전라북도 익산시 황등면,중상사고,0,1,0,0,차대차 - 추돌,안전운전불이행,젖음/습기,흐림,단일로 - 지하차도(도로)내,승용,남,41세,상해없음,이륜,여,61세,중상
2021070700100043,2021년 7월 7일 05시,수요일,전라북도 전주시 완산구 효자동3가,중상사고,0,1,0,0,차대사람 - 횡단중,안전운전불이행,건조,맑음,단일로 - 기타,승용,남,59세,상해없음,보행자,여,25세,중상
2021070700100069,2021년 7월 7일 07시,수요일,전라북도 군산시 산북동,중상사고,0,1,0,0,차대사람 - 차도통행중,안전운전불이행,젖음/습기,흐림,단일로 - 기타,승용,남,26세,상해없음,보행자,여,54세,중상
2021070700100096,2021년 7월 7일 08시,수요일,전라북도 군산시 경암동,경상사고,0,0,5,0,차대차 - 측면충돌,직진우회전진행방해,젖음/습기,비,교차로 - 교차로안,승용,여,33세,상해없음,화물,남,71세,경상
2021070700100129,2021년 7월 7일 09시,수요일,전라북도 군산시 문화동,경상사고,0,0,1,0,차대차 - 측면충돌,신호위반,건조,흐림,교차로 - 교차로안,승용,남,73세,상해없음,승용,여,63세,경상
2021070700100157,2021년 7월 7일 10시,수요일,전라북도 전주시 완산구 효자동1가,중상사고,0,1,0,0,차대사람 - 횡단중,안전운전불이행,건조,맑음,교차로 - 교차로부근,이륜,남,56세,상해없음,보행자,여,38세,중상
2021070700100158,2021년 7월 7일 10시,수요일,전라북도 전주시 덕진구 호성동1가,중상사고,0,1,0,0,차대차 - 측면충돌,직진우회전진행방해,건조,맑음,교차로 - 교차로안,승용,여,59세,상해없음,승용,남,37세,중상
2021070700100242,2021년 7월 7일 12시,수요일,전라북도 무주군 안성면,경상사고,0,0,5,0,차대차 - 측면충돌,기타,건조,맑음,단일로 - 지하차도(도로)내,화물,여,68세,상해없음,승용,여,59세,경상
2021070700100332,2021년 7월 7일 15시,수요일,전라북도 남원시 주천면,경상사고,0,0,2,0,차대차 - 추돌,안전운전불이행,젖음/습기,비,단일로 - 기타,승용,남,41세,상해없음,화물,남,69세,경상
2021070700100377,2021년 7월 7일 16시,수요일,전라북도 전주시 완산구 상림동,경상사고,0,0,1,0,차대차 - 추돌,안전운전불이행,젖음/습기,비,교차로 - 교차로부근,승용,여,47세,상해없음,승용,남,68세,경상
2021070700100378,2021년 7월 7일 16시,수요일,전라북도 전주시 덕진구 인후동2가,중상사고,0,1,0,0,차대사람 - 보도통행중,안전운전불이행,건조,맑음,단일로 - 기타,자전거,남,17세,상해없음,보행자,여,76세,중상
2021070700100379,2021년 7월 7일 16시,수요일,전라북도 군산시 경장동,중상사고,0,2,1,0,차대차 - 정면충돌,신호위반,젖음/습기,비,교차로 - 교차로안,승용,여,53세,중상,승용,남,65세,경상
2021070700100380,2021년 7월 7일 16시,수요일,전라북도 군산시 수송동,중상사고,0,1,0,0,차대차 - 측면충돌,안전운전불이행,젖음/습기,흐림,교차로 - 교차로부근,승용,여,27세,상해없음,이륜,남,45세,중상
2021070700100459,2021년 7월 7일 18시,수요일,전라북도 전주시 완산구 서신동,중상사고,0,1,0,0,차대차 - 기타,안전운전불이행,젖음/습기,흐림,단일로 - 기타,승용,여,35세,상해없음,승용,여,35세,중상
2021070700100460,2021년 7월 7일 18시,수요일,전라북도 익산시 모현동1가,경상사고,0,0,2,0,차대차 - 정면충돌,교차로운행방법위반,건조,맑음,교차로 - 교차로안,이륜,남,21세,경상,승용,여,42세,경상
2021070700100549,2021년 7월 7일 20시,수요일,전라북도 익산시 부송동,경상사고,0,0,1,0,차대차 - 측면충돌,안전운전불이행,건조,맑음,교차로 - 교차로안,승용,남,45세,상해없음,승용,남,37세,경상
2021070700100550,2021년 7월 7일 20시,수요일,전라북도 완주군 용진읍,중상사고,0,1,0,0,차대사람 - 횡단중,기타,건조,맑음,교차로 - 교차로부근,화물,남,61세,상해없음,보행자,여,78세,중상
2021070700100585,2021년 7월 7일 21시,수요일,전라북도 군산시 대명동,경상사고,0,0,2,0,차대차 - 측면충돌,안전거리미확보,건조,맑음,단일로 - 지하차도(도로)내,승용,남,37세,상해없음,승용,여,69세,경상
2021070700100618,2021년 7월 7일 22시,수요일,전라북도 전주시 완산구 평화동1가,경상사고,0,0,1,0,차대차 - 기타,안전운전불이행,젖음/습기,비,단일로 - 기타,화물,남,58세,상해없음,승용,남,69세,경상
2021070800100048,2021년 7월 8일 05시,목요일,전라북도 전주시 완산구 경원동3가,사망사고,1,0,0,0,차대사람 - 기타,안전운전불이행,젖음/습기,비,교차로 - 교차로부근,승합,여,67세,상해없음,보행자,여,90세,사망
2021070800100063,2021년 7월 8일 07시,목요일,전라북도 군산시 나운동,경상사고,0,0,1,0,차대사람 - 횡단중,안전운전불이행,건조,맑음,단일로 - 지하차도(도로)내,승용,여,66세,상해없음,보행자,여,14세,경상
2021070800100142,2021년 7월 8일 09시,목요일,전라북도 군산시 소룡동,경상사고,0,0,1,0,차대차 - 기타,안전운전불이행,젖음/습기,맑음,교차로 - 교차로안,자전거,남,71세,경상,승용,기타불명,미분류,기타불명
2021070800100143,2021년 7월 8일 09시,목요일,전라북도 김제시 요촌동,경상사고,0,0,1,0,차대차 - 측면충돌,교차로운행방법위반,건조,맑음,교차로 - 교차로안,승용,남,67세,상해없음,승용,여,45세,경상
2021070800100183,2021년 7월 8일 10시,목요일,전라북도 군산시 지곡동,중상사고,0,1,0,0,차대사람 - 차도통행중,안전운전불이행,건조,맑음,교차로 - 교차로안,승용,여,66세,기타불명,보행자,여,61세,중상
2021070800100211,2021년 7월 8일 11시,목요일,전라북도 군산시 문화동,경상사고,0,0,1,1,차대차 - 측면충돌,안전운전불이행,건조,맑음,교차로 - 교차로안,승용,남,48세,부상신고,승용,여,45세,경상
2021070800100212,2021년 7월 8일 11시,목요일,전라북도 익산시 부송동,경상사고,0,0,1,0,차대차 - 추돌,안전운전불이행,건조,흐림,교차로 - 교차로안,승용,여,57세,상해없음,화물,남,70세,경상
2021070800100243,2021년 7월 8일 12시,목요일,전라북도 부안군 변산면,경상사고,0,0,1,0,차대사람 - 차도통행중,안전운전불이행,건조,맑음,교차로 - 교차로안,화물,남,75세,상해없음,보행자,남,52세,경상
2021070800100244,2021년 7월 8일 12시,목요일,전라북도 부안군 부안읍,경상사고,0,0,1,0,차대차 - 측면충돌,안전운전불이행,건조,맑음,교차로 - 교차로안,이륜,남,20세,경상,승용,남,63세,상해없음
2021070800100305,2021년 7월 8일 14시,목요일,전라북도 임실군 관촌면,중상사고,0,2,0,0,차대차 - 추돌,안전운전불이행,건조,맑음,교차로 - 교차로부근,화물,남,51세,상해없음,승용,남,62세,중상
2021070800100376,2021년 7월 8일 16시,목요일,전라북도 군산시 미룡동,경상사고,0,0,1,0,차대차 - 측면충돌,안전운전불이행,건조,맑음,단일로 - 기타,승용,남,35세,상해없음,승용,여,29세,경상
2021070800100416,2021년 7월 8일 17시,목요일,전라북도 군산시 사정동,경상사고,0,0,3,0,차대차 - 측면충돌,신호위반,건조,맑음,교차로 - 교차로안,승용,남,23세,기타불명,승용,남,53세,경상
2021070800100486,2021년 7월 8일 19시,목요일,전라북도 고창군 상하면,중상사고,0,1,0,0,차대차 - 측면충돌,교차로운행방법위반,건조,맑음,교차로 - 교차로안,화물,남,52세,상해없음,원동기,남,81세,중상
2021070800100516,2021년 7월 8일 20시,목요일,전라북도 군산시 나운동,중상사고,0,1,0,0,차대차 - 측면충돌,안전운전불이행,건조,맑음,단일로 - 기타,승용,남,49세,상해없음,이륜,남,43세,중상
2021070800100517,2021년 7월 8일 20시,목요일,전라북도 김제시 검산동,사망사고,1,0,0,0,차대사람 - 횡단중,안전운전불이행,건조,맑음,단일로 - 기타,승용,남,22세,상해없음,보행자,여,79세,사망
2021070800100550,2021년 7월 8일 21시,목요일,전라북도 익산시 임상동,중상사고,0,1,0,0,차대사람 - 횡단중,기타,건조,맑음,교차로 - 교차로안,승용,남,48세,상해없음,보행자,남,60세,중상
2021070800100572,2021년 7월 8일 22시,목요일,전라북도 전주시 완산구 효자동3가,경상사고,0,0,1,0,차대차 - 추돌,안전운전불이행,건조,맑음,교차로 - 교차로부근,승용,여,51세,상해없음,승용,남,20세,경상
2021070900100044,2021년 7월 9일 06시,금요일,전라북도 전주시 완산구 효자동2가,중상사고,0,1,1,0,차대차 - 측면충돌,중앙선침범,건조,맑음,교차로 - 교차로부근,승용,여,44세,경상,승용,여,49세,중상
2021070900100058,2021년 7월 9일 07시,금요일,전라북도 익산시 용안면,경상사고,0,0,1,0,차대차 - 추돌,안전운전불이행,건조,맑음,교차로 - 교차로부근,승용,여,28세,상해없음,승용,여,52세,경상
2021070900100091,2021년 7월 9일 08시,금요일,전라북도 익산시 왕궁면,경상사고,0,0,1,0,차대차 - 측면충돌,신호위반,건조,맑음,교차로 - 교차로안,승용,여,62세,상해없음,화물,남,46세,경상
2021070900100115,2021년 7월 9일 09시,금요일,전라북도 전주시 완산구 동완산동,중상사고,0,1,0,0,차대사람 - 횡단중,안전운전불이행,건조,맑음,단일로 - 기타,승용,여,64세,상해없음,보행자,여,68세,중상
2021070900100143,2021년 7월 9일 10시,금요일,전라북도 군산시 소룡동,중상사고,0,1,0,0,차대차 - 측면충돌,안전운전불이행,건조,맑음,교차로 - 교차로안,화물,남,60세,상해없음,이륜,남,38세,중상
2021070900100144,2021년 7월 9일 10시,금요일,전라북도 남원시 광치동,경상사고,0,0,1,0,차대차 - 정면충돌,중앙선침범,기타,흐림,단일로 - 기타,승용,남,66세,상해없음,승용,여,41세,경상
2021070900100145,2021년 7월 9일 10시,금요일,전라북도 부안군 보안면,경상사고,0,0,1,0,차대차 - 정면충돌,중앙선침범,건조,맑음,단일로 - 기타,승용,남,63세,상해없음,화물,남,54세,경상
2021070900100240,2021년 7월 9일 13시,금요일,전라북도 전주시 완산구 서노송동,중상사고,0,1,0,0,차대차 - 측면충돌,안전운전불이행,건조,맑음,단일로 - 기타,승용,남,23세,상해없음,이륜,남,49세,중상
2021070900100241,2021년 7월 9일 13시,금요일,전라북도 김제시 광활면,중상사고,0,1,0,0,차대차 - 측면충돌,직진우회전진행방해,건조,맑음,교차로 - 교차로안,승용,남,44세,상해없음,승용,남,87세,중상
2021070900100318,2021년 7월 9일 15시,금요일,전라북도 전주시 완산구 서신동,경상사고,0,0,1,0,차대차 - 측면충돌,신호위반,건조,맑음,교차로 - 교차로안,승용,남,66세,상해없음,승용,남,43세,경상
2021070900100319,2021년 7월 9일 15시,금요일,전라북도 완주군 봉동읍,중상사고,0,1,0,0,차대사람 - 기타,안전운전불이행,건조,맑음,단일로 - 기타,승합,남,29세,상해없음,보행자,여,80세,중상
2021070900100357,2021년 7월 9일 16시,금요일,전라북도 익산시 인화동2가,경상사고,0,0,1,0,차대차 - 측면충돌,신호위반,건조,맑음,교차로 - 교차로안,승용,남,29세,상해없음,화물,남,31세,경상
2021070900100358,2021년 7월 9일 16시,금요일,전라북도 익산시 신동,경상사고,0,0,1,0,차대차 - 측면충돌,안전운전불이행,건조,맑음,단일로 - 기타,승용,남,43세,상해없음,이륜,남,27세,경상
2021070900100359,2021년 7월 9일 16시,금요일,전라북도 남원시 동충동,경상사고,0,0,1,1,차대차 - 측면충돌,안전운전불이행,기타,맑음,교차로 - 교차로안,승용,남,30세,부상신고,승용,여,40세,경상
2021070900100360,2021년 7월 9일 16시,금요일,전라북도 순창군 구림면,중상사고,0,2,0,0,차대차 - 정면충돌,중앙선침범,건조,맑음,단일로 - 기타,승용,남,44세,기타불명,이륜,남,78세,중상
2021070900100408,2021년 7월 9일 17시,금요일,전라북도 전주시 완산구 동서학동,경상사고,0,0,1,0,차대차 - 측면충돌,안전운전불이행,건조,맑음,단일로 - 기타,승용,남,30세,상해없음,승용,여,34세,경상
2021070900100409,2021년 7월 9일 17시,금요일,전라북도 군산시 옥산면,경상사고,0,0,1,0,차대차 - 추돌,안전운전불이행,건조,흐림,단일로 - 기타,승용,남,39세,상해없음,승용,남,25세,경상
2021070900100455,2021년 7월 9일 18시,금요일,전라북도 정읍시 칠보면,사망사고,1,0,0,0,차량단독 - 전도전복 - 전도,안전운전불이행,건조,맑음,단일로 - 기타,자전거,남,91세,사망,,,,
2021070900100503,2021년 7월 9일 19시,금요일,전라북도 전주시 완산구 중화산동2가,경상사고,0,0,1,0,차대차 - 기타,안전운전불이행,건조,맑음,교차로 - 교차로안,승용,여,51세,상해없음,이륜,남,32세,경상
2021070900100609,2021년 7월 9일 22시,금요일,전라북도 전주시 완산구 효자동2가,경상사고,0,0,4,0,차대차 - 기타,불법유턴,건조,맑음,교차로 - 교차로부근,승용,여,55세,경상,승용,남,47세,경상
2021070900100610,2021년 7월 9일 22시,금요일,전라북도 군산시 수송동,경상사고,0,0,1,0,차대사람 - 차도통행중,안전운전불이행,건조,맑음,교차로 - 교차로안,승용,남,28세,상해없음,보행자,여,22세,경상
2021070900100639,2021년 7월 9일 23시,금요일,전라북도 전주시 덕진구 덕진동2가,경상사고,0,0,1,0,차대차 - 측면충돌,안전운전불이행,건조,맑음,교차로 - 교차로안,승용,남,55세,상해없음,승용,남,35세,상해없음
2021070900100640,2021년 7월 9일 23시,금요일,전라북도 군산시 나운동,경상사고,0,0,1,0,차대차 - 측면충돌,안전운전불이행,건조,맑음,교차로 - 교차로안,승용,남,41세,상해없음,승합,남,49세,경상
2021071000100012,2021년 7월 10일 00시,토요일,전라북도 전주시 덕진구 진북동,중상사고,0,1,1,0,차대차 - 측면충돌,교차로운행방법위반,건조,맑음,교차로 - 교차로안,승용,남,53세,상해없음,승용,여,56세,중상
2021071000100031,2021년 7월 10일 01시,토요일,전라북도 완주군 봉동읍,중상사고,0,1,1,0,차대차 - 추돌,안전운전불이행,건조,맑음,교차로 - 교차로부근,승용,남,30세,상해없음,승용,여,67세,중상
2021071000100043,2021년 7월 10일 02시,토요일,전라북도 전주시 완산구 전동3가,경상사고,0,0,1,0,차대사람 - 차도통행중,안전운전불이행,건조,맑음,기타 - 기타,승용,남,44세,상해없음,보행자,남,37세,경상
2021071000100135,2021년 7월 10일 09시,토요일,전라북도 군산시 경장동,경상사고,0,0,2,0,차대차 - 추돌,안전운전불이행,건조,맑음,교차로 - 교차로부근,승용,여,43세,상해없음,승용,남,57세,경상
2021071000100136,2021년 7월 10일 09시,토요일,전라북도 정읍시 이평면,경상사고,0,0,1,0,차량단독 - 기타,안전운전불이행,건조,맑음,단일로 - 기타,원동기,남,55세,경상,,,,
2021071000100296,2021년 7월 10일 13시,토요일,전라북도 전주시 완산구 중화산동1가,경상사고,0,0,2,0,차대차 - 추돌,안전운전불이행,건조,맑음,단일로 - 기타,승용,남,68세,경상,승용,여,66세,경상
2021071000100369,2021년 7월 10일 15시,토요일,전라북도 군산시 미장동,경상사고,0,0,1,0,차대차 - 측면충돌,중앙선침범,건조,맑음,교차로 - 교차로부근,승용,남,54세,상해없음,승용,여,51세,경상
2021071000100412,2021년 7월 10일 16시,토요일,전라북도 완주군 봉동읍,중상사고,0,1,0,0,차대차 - 측면충돌,안전거리미확보,건조,맑음,단일로 - 기타,승용,여,45세,상해없음,승용,여,69세,중상
2021071000100442,2021년 7월 10일 17시,토요일,전라북도 군산시 나운동,경상사고,0,0,2,0,차대차 - 추돌,안전운전불이행,건조,맑음,교차로 - 교차로부근,승용,여,43세,상해없음,승용,남,23세,경상
2021071000100443,2021년 7월 10일 17시,토요일,전라북도 군산시 나운동,경상사고,0,0,3,0,차대차 - 측면충돌,안전운전불이행,건조,맑음,교차로 - 교차로안,승용,여,65세,상해없음,화물,남,56세,경상
2021071000100444,2021년 7월 10일 17시,토요일,전라북도 익산시 신용동,경상사고,0,0,2,0,차대차 - 추돌,안전운전불이행,건조,맑음,교차로 - 교차로부근,승용,남,77세,상해없음,승용,여,55세,경상
2021071000100560,2021년 7월 10일 21시,토요일,전라북도 익산시 어양동,경상사고,0,0,4,0,차대차 - 측면충돌,직진우회전진행방해,건조,맑음,교차로 - 교차로부근,승용,남,61세,상해없음,승용,남,48세,경상
2021071000100586,2021년 7월 10일 22시,토요일,전라북도 전주시 완산구 서신동,경상사고,0,0,1,0,차대차 - 정면충돌,중앙선침범,건조,맑음,교차로 - 교차로안,승용,남,49세,상해없음,승합,남,47세,경상
2021071100100003,2021년 7월 11일 00시,일요일,전라북도 전주시 완산구 삼천동3가,경상사고,0,0,1,0,차대사람 - 길가장자리구역통행중,기타,건조,맑음,단일로 - 기타,승용,남,62세,상해없음,보행자,남,23세,경상
2021071100100111,2021년 7월 11일 12시,일요일,전라북도 군산시 나운동,경상사고,0,0,4,0,차대차 - 측면충돌,안전운전불이행,건조,맑음,단일로 - 기타,승합,여,43세,상해없음,승용,여,28세,경상
2021071100100112,2021년 7월 11일 12시,일요일,전라북도 임실군 임실읍,중상사고,0,1,1,0,차대차 - 정면충돌,안전운전불이행,건조,맑음,교차로 - 교차로안,승용,남,34세,상해없음,승용,남,65세,경상
2021071100100174,2021년 7월 11일 14시,일요일,전라북도 전주시 완산구 효자동3가,중상사고,0,1,3,0,차대차 - 측면충돌,신호위반,건조,맑음,교차로 - 교차로안,승용,남,26세,상해없음,승용,남,37세,중상
2021071100100210,2021년 7월 11일 15시,일요일,전라북도 군산시 대야면,경상사고,0,0,1,0,차대차 - 측면충돌,중앙선침범,건조,맑음,교차로 - 교차로부근,원동기,남,70세,상해없음,승용,남,38세,경상
2021071100100264,2021년 7월 11일 17시,일요일,전라북도 남원시 동충동,중상사고,0,1,0,0,차대차 - 측면충돌,교차로운행방법위반,건조,맑음,교차로 - 교차로안,화물,남,56세,상해없음,자전거,여,65세,중상
2021071100100301,2021년 7월 11일 18시,일요일,전라북도 익산시 모현동1가,경상사고,0,0,1,0,차대차 - 후진중충돌,안전운전불이행,건조,맑음,교차로 - 교차로부근,승용,남,62세,상해없음,이륜,남,18세,경상
2021071100100302,2021년 7월 11일 18시,일요일,전라북도 부안군 부안읍,경상사고,0,0,3,0,차대차 - 측면충돌,직진우회전진행방해,건조,맑음,교차로 - 교차로안,승용,여,57세,경상,승용,여,65세,경상
2021071200100002,2021년 7월 12일 00시,월요일,전라북도 익산시 영등동,중상사고,0,1,0,0,차대차 - 기타,신호위반,젖음/습기,흐림,교차로 - 교차로안,승용,남,19세,상해없음,이륜,남,28세,중상
2021071200100010,2021년 7월 12일 01시,월요일,전라북도 남원시 쌍교동,경상사고,0,0,1,1,차대차 - 측면충돌,안전운전불이행,기타,맑음,교차로 - 교차로안,승용,남,61세,부상신고,승용,남,55세,경상
2021071200100029,2021년 7월 12일 06시,월요일,전라북도 군산시 수송동,경상사고,0,0,1,0,차대차 - 측면충돌,교차로운행방법위반,건조,맑음,교차로 - 교차로안,승용,남,18세,상해없음,승용,남,55세,경상
2021071200100043,2021년 7월 12일 07시,월요일,전라북도 군산시 소룡동,경상사고,0,0,1,0,차대사람 - 횡단중,안전운전불이행,건조,맑음,교차로 - 교차로안,화물,남,76세,상해없음,보행자,남,16세,경상
2021071200100044,2021년 7월 12일 07시,월요일,전라북도 익산시 영등동,경상사고,0,0,2,0,차대차 - 측면충돌,안전운전불이행,건조,맑음,단일로 - 기타,승용,여,29세,상해없음,승용,남,66세,경상
2021071200100069,2021년 7월 12일 08시,월요일,전라북도 전주시 덕진구 호성동2가,중상사고,0,1,0,0,차대차 - 측면충돌,신호위반,건조,맑음,교차로 - 교차로안,승용,남,49세,상해없음,승용,남,66세,중상
2021071200100070,2021년 7월 12일 08시,월요일,전라북도 전주시 덕진구 여의동,경상사고,0,0,1,0,차대차 - 측면충돌,안전운전불이행,건조,맑음,교차로 - 교차로부근,승용,여,50세,상해없음,승용,여,38세,경상