사고번호,사고일시,요일,시군구,사고내용,사망자수,중상자수,경상자수,부상신고자수,사고유형,법규위반,노면상태,기상상태,도로형태,가해운전자 차종,가해운전자 성별,가해운전자 연령,가해운전자 상해정도,피해운전자 차종,피해운전자 성별,피해운전자 연령,피해운전자 상해정도
2021071800100370,2021년 7월 18일 20시,일요일,전라북도 군산시 경장동,경상사고,0,0,3,0,차대차 - 추돌,안전거리미확보,건조,맑음,교차로 - 교차로부근,승용,남,38세,상해없음,승용,남,25세,경상
2021071800100406,2021년 7월 18일 21시,일요일,전라북도 전주시 완산구 평화동2가,경상사고,0,0,2,0,차량단독 - 기타,안전운전불이행,건조,맑음,교차로 - 교차로부근,승용,남,64세,상해없음,,,,
2021071800100407,2021년 7월 18일 21시,일요일,전라북도 군산시 수송동,경상사고,0,0,1,0,차대사람 - 횡단중,신호위반,건조,맑음,단일로 - 기타,승용,여,20세,상해없음,보행자,여,20세,경상
2021071800100432,2021년 7월 18일 22시,일요일,전라북도 전주시 완산구 평화동1가,중상사고,0,1,0,0,차대차 - 기타,안전운전불이행,젖음/습기,흐림,교차로 - 교차로안,기타불명,기타불명,미분류,기타불명,이륜,남,30세,중상
2021071800100433,2021년 7월 18일 22시,일요일,전라북도 전주시 덕진구 인후동1가,중상사고,0,1,0,0,차대사람 - 길가장자리구역통행중,안전운전불이행,건조,맑음,교차로 - 교차로부근,이륜,남,17세,상해없음,보행자,남,40세,중상
2021071800100434,2021년 7월 18일 22시,일요일,전라북도 익산시 영등동,경상사고,0,0,1,0,차대차 - 추돌,안전운전불이행,젖음/습기,비,교차로 - 교차로부근,기타불명,기타불명,미분류,기타불명,승용,남,58세,경상
2021071900100005,2021년 7월 19일 00시,월요일,전라북도 전주시 덕진구 만성동,경상사고,0,0,1,0,차대차 - 측면충돌,중앙선침범,건조,맑음,교차로 - 교차로부근,승용,남,40세,상해없음,승용,남,48세,경상
2021071900100015,2021년 7월 19일 02시,월요일,전라북도 군산시 비응도동,중상사고,0,2,1,0,차량단독 - 공작물충돌,기타,건조,흐림,교차로 - 교차로안,승용,남,22세,상해없음,,,,
2021071900100066,2021년 7월 19일 07시,월요일,전라북도 군산시 서수면,중상사고,0,3,0,0,차대차 - 측면충돌,중앙선침범,건조,맑음,단일로 - 기타,승용,남,73세,상해없음,승용,남,74세,중상
2021071900100128,2021년 7월 19일 09시,월요일,전라북도 익산시 인화동1가,경상사고,0,0,1,0,차대차 - 기타,안전운전불이행,건조,맑음,교차로 - 교차로안,승용,남,53세,상해없음,승용,여,46세,경상
2021071900100161,2021년 7월 19일 10시,월요일,전라북도 익산시 영등동,중상사고,0,1,0,0,차대사람 - 횡단중,보행자보호의무위반,건조,맑음,교차로 - 교차로안,승용,남,53세,상해없음,보행자,여,70세,중상
2021071900100162,2021년 7월 19일 10시,월요일,전라북도 익산시 황등면,경상사고,0,0,1,0,차대차 - 측면충돌,직진우회전진행방해,건조,맑음,교차로 - 교차로안,승용,남,66세,상해없음,화물,남,66세,경상
2021071900100163,2021년 7월 19일 10시,월요일,전라북도 김제시 백구면,중상사고,0,2,1,0,차대차 - 정면충돌,안전운전불이행,건조,맑음,교차로 - 교차로안,승용,여,27세,상해없음,화물,남,50세,경상
2021071900100205,2021년 7월 19일 11시,월요일,전라북도 전주시 완산구 다가동1가,중상사고,0,1,0,0,차대차 - 측면충돌,신호위반,건조,맑음,교차로 - 교차로안,승합,남,60세,상해없음,화물,남,72세,중상
2021071900100206,2021년 7월 19일 11시,월요일,전라북도 무주군 무풍면,중상사고,0,1,1,0,차량단독 - 공작물충돌,안전운전불이행,건조,맑음,단일로 - 지하차도(도로)내,화물,남,50세,중상,,,,
2021071900100239,2021년 7월 19일 12시,월요일,전라북도 김제시 요촌동,중상사고,0,1,0,0,차대차 - 측면충돌,중앙선침범,건조,맑음,단일로 - 기타,승용,여,36세,상해없음,이륜,남,77세,중상
2021071900100240,2021년 7월 19일 12시,월요일,전라북도 남원시 도통동,경상사고,0,0,1,0,차대차 - 측면충돌,안전운전불이행,기타,맑음,교차로 - 교차로안,승용,여,45세,상해없음,자전거,남,12세,경상
2021071900100241,2021년 7월 19일 12시,월요일,전라북도 부안군 하서면,사망사고,1,0,0,0,차량단독 - 전도전복 - 전도,안전운전불이행,건조,맑음,교차로 - 교차로부근,농기계,남,82세,사망,,,,
2021071900100274,2021년 7월 19일 13시,월요일,전라북도 전주시 완산구 서완산동1가,경상사고,0,0,4,0,차대차 - 추돌,안전운전불이행,건조,맑음,교차로 - 교차로부근,승용,남,65세,상해없음,승용,여,43세,경상
2021071900100275,2021년 7월 19일 13시,월요일,전라북도 군산시 미룡동,경상사고,0,0,1,0,차대차 - 측면충돌,기타,건조,맑음,교차로 - 교차로안,승용,남,60세,상해없음,자전거,남,12세,경상
2021071900100353,2021년 7월 19일 15시,월요일,전라북도 전주시 완산구 평화동2가,경상사고,0,0,1,0,차대차 - 측면충돌,중앙선침범,건조,맑음,교차로 - 교차로안,승용,남,32세,상해없음,승용,여,48세,경상
2021071900100421,2021년 7월 19일 17시,월요일,전라북도 전주시 완산구 효자동2가,경상사고,0,0,1,0,차대차 - 측면충돌,안전운전불이행,건조,맑음,단일로 - 기타,승용,남,36세,상해없음,승용,남,42세,경상
2021071900100422,2021년 7월 19일 17시,월요일,전라북도 전주시 덕진구 팔복동1가,경상사고,0,0,1,0,차대차 - 기타,안전운전불이행,건조,맑음,단일로 - 기타,승용,남,62세,상해없음,이륜,남,39세,경상
2021071900100423,2021년 7월 19일 17시,월요일,전라북도 익산시 어양동,경상사고,0,0,1,0,차대차 - 측면충돌,안전운전불이행,건조,맑음,교차로 - 교차로안,승용,남,66세,상해없음,자전거,남,13세,경상
2021071900100536,2021년 7월 19일 20시,월요일,전라북도 전주시 덕진구 만성동,경상사고,0,0,1,0,차대차 - 후진중충돌,안전운전불이행,건조,맑음,단일로 - 기타,승용,남,29세,상해없음,승용,여,42세,상해없음
2021071900100560,2021년 7월 19일 21시,월요일,전라북도 완주군 화산면,중상사고,0,1,0,0,차량단독 - 공작물충돌,안전운전불이행,건조,맑음,단일로 - 기타,화물,남,55세,중상,,,,
2021071900100579,2021년 7월 19일 22시,월요일,전라북도 정읍시 수성동,경상사고,0,0,3,0,차대차 - 측면충돌,안전운전불이행,건조,맑음,단일로 - 기타,승용,남,52세,경상,승용,남,27세,경상
2021071900100600,2021년 7월 19일 23시,월요일,전라북도 익산시 마동,경상사고,0,0,2,0,차대차 - 측면충돌,안전운전불이행,건조,맑음,교차로 - 교차로안,승용,남,40세,상해없음,승용,남,65세,경상
2021072000100021,2021년 7월 20일 04시,화요일,전라북도 전주시 덕진구 산정동,사망사고,4,1,0,0,차대차 - 측면충돌,중앙선침범,건조,맑음,교차로 - 교차로안,화물,남,61세,상해없음,승용,남,19세,사망
2021072000100044,2021년 7월 20일 07시,화요일,전라북도 고창군 고창읍,중상사고,0,1,0,0,차대차 - 측면충돌,신호위반,건조,맑음,교차로 - 교차로안,화물,남,51세,상해없음,승용,남,64세,중상
2021072000100103,2021년 7월 20일 09시,화요일,전라북도 고창군 대산면,중상사고,0,1,0,0,차대차 - 정면충돌,교차로운행방법위반,건조,맑음,교차로 - 교차로안,농기계,남,62세,상해없음,승용,여,73세,중상
2021072000100139,2021년 7월 20일 10시,화요일,전라북도 전주시 완산구 서노송동,중상사고,0,1,0,0,차대사람 - 기타,안전운전불이행,건조,맑음,교차로 - 교차로안,승용,남,48세,상해없음,보행자,여,76세,중상
2021072000100140,2021년 7월 20일 10시,화요일,전라북도 군산시 회현면,중상사고,0,1,0,0,차량단독 - 전도전복 - 전도,안전운전불이행,건조,맑음,단일로 - 기타,이륜,남,69세,중상,,,,
2021072000100141,2021년 7월 20일 10시,화요일,전라북도 김제시 신풍동,중상사고,0,1,0,0,차대차 - 정면충돌,중앙선침범,건조,맑음,단일로 - 기타,승용,남,66세,상해없음,이륜,여,66세,중상
2021072000100170,2021년 7월 20일 11시,화요일,전라북도 전주시 완산구 효자동2가,중상사고,0,1,1,0,차대차 - 기타,신호위반,건조,맑음,교차로 - 교차로안,승용,여,48세,상해없음,승용,남,61세,중상
2021072000100308,2021년 7월 20일 15시,화요일,전라북도 전주시 완산구 효자동3가,중상사고,0,1,0,0,차대사람 - 기타,기타,건조,맑음,기타 - 기타,화물,남,46세,상해없음,보행자,남,69세,중상
2021072000100309,2021년 7월 20일 15시,화요일,전라북도 완주군 운주면,중상사고,0,1,0,0,차대차 - 기타,중앙선침범,건조,맑음,단일로 - 기타,이륜,남,47세,상해없음,원동기,남,81세,중상
2021072000100343,2021년 7월 20일 16시,화요일,전라북도 진안군 성수면,중상사고,0,1,0,0,차량단독 - 도로외이탈 - 추락,안전운전불이행,건조,맑음,단일로 - 기타,화물,남,62세,중상,,,,
2021072000100393,2021년 7월 20일 17시,화요일,전라북도 완주군 봉동읍,경상사고,0,0,1,0,차대차 - 측면충돌,신호위반,건조,맑음,교차로 - 교차로안,승용,남,61세,상해없음,승용,남,25세,경상
2021072000100439,2021년 7월 20일 18시,화요일,전라북도 군산시 옥도면,경상사고,0,0,3,0,차대차 - 기타,안전운전불이행,건조,맑음,단일로 - 기타,승용,여,43세,상해없음,승용,남,19세,경상
2021072000100465,2021년 7월 20일 19시,화요일,전라북도 군산시 수송동,경상사고,0,0,1,0,차대차 - 추돌,안전운전불이행,건조,맑음,교차로 - 교차로부근,승용,남,24세,상해없음,승용,여,60세,경상
2021072000100525,2021년 7월 20일 21시,화요일,전라북도 전주시 완산구 중화산동2가,경상사고,0,0,1,0,차대차 - 추돌,안전운전불이행,건조,맑음,단일로 - 기타,승용,남,57세,상해없음,승용,남,28세,경상
2021072000100526,2021년 7월 20일 21시,화요일,전라북도 익산시 마동,경상사고,0,0,1,0,차대차 - 측면충돌,교차로운행방법위반,건조,맑음,교차로 - 교차로안,승용,남,56세,상해없음,이륜,남,24세,경상
2021072000100541,2021년 7월 20일 22시,화요일,전라북도 전주시 완산구 삼천동3가,경상사고,0,0,3,0,차대차 - 측면충돌,신호위반,건조,맑음,교차로 - 교차로안,승용,남,61세,상해없음,승용,여,26세,경상
2021072000100557,2021년 7월 20일 23시,화요일,전라북도 완주군 봉동읍,중상사고,0,1,0,0,차대사람 - 차도통행중,안전운전불이행,건조,맑음,단일로 - 기타,승용,남,56세,상해없음,보행자,남,19세,중상
2021072100100027,2021년 7월 21일 04시,수요일,전라북도 완주군 소양면,사망사고,1,1,0,0,차대차 - 추돌,안전운전불이행,건조,맑음,단일로 - 기타,승용,여,65세,중상,농기계,남,77세,사망
2021072100100102,2021년 7월 21일 08시,수요일,전라북도 전주시 완산구 삼천동1가,경상사고,0,0,1,0,차대차 - 측면충돌,안전운전불이행,건조,맑음,교차로 - 교차로횡단보도내,승용,남,76세,상해없음,자전거,남,64세,경상
2021072100100103,2021년 7월 21일 08시,수요일,전라북도 정읍시 연지동,중상사고,0,1,0,0,차대사람 - 기타,안전운전불이행,건조,맑음,단일로 - 기타,승용,여,50세,상해없음,보행자,여,76세,중상
2021072100100104,2021년 7월 21일 08시,수요일,전라북도 남원시 금동,중상사고,0,1,0,0,차대사람 - 횡단중,보행자보호의무위반,건조,맑음,교차로 - 교차로횡단보도내,승용,남,44세,상해없음,보행자,여,83세,중상
2021072100100105,2021년 7월 21일 08시,수요일,전라북도 완주군 삼례읍,경상사고,0,0,1,0,차대차 - 측면충돌,안전운전불이행,건조,맑음,단일로 - 기타,승용,남,51세,상해없음,특수,남,60세,경상
2021072100100138,2021년 7월 21일 09시,수요일,전라북도 전주시 완산구 중화산동2가,부상신고사고,0,0,0,2,차대차 - 측면충돌,기타,건조,맑음,교차로 - 교차로안,승용,남,74세,상해없음,승용,여,32세,부상신고
2021072100100139,2021년 7월 21일 09시,수요일,전라북도 군산시 산북동,경상사고,0,0,1,0,차대차 - 측면충돌,신호위반,건조,맑음,교차로 - 교차로안,승용,여,44세,상해없음,승용,남,62세,경상
2021072100100140,2021년 7월 21일 09시,수요일,전라북도 군산시 대야면,중상사고,0,1,2,0,차대차 - 정면충돌,중앙선침범,건조,맑음,단일로 - 기타,승용,여,61세,경상,화물,남,61세,중상
2021072100100264,2021년 7월 21일 12시,수요일,전라북도 전주시 완산구 효자동1가,경상사고,0,0,1,0,차대차 - 측면충돌,안전운전불이행,건조,맑음,교차로 - 교차로횡단보도내,승용,남,64세,상해없음,승용,여,43세,경상
2021072100100339,2021년 7월 21일 14시,수요일,전라북도 남원시 도통동,중상사고,0,1,0,0,차대사람 - 보도통행중,기타,건조,맑음,단일로 - 기타,승용,남,47세,상해없음,보행자,여,62세,중상
2021072100100340,2021년 7월 21일 14시,수요일,전라북도 임실군 관촌면,경상사고,0,0,1,0,차대차 - 추돌,안전운전불이행,건조,맑음,교차로 - 교차로부근,승용,남,70세,상해없음,승용,남,51세,경상
2021072100100375,2021년 7월 21일 15시,수요일,전라북도 전주시 완산구 서신동,경상사고,0,0,1,0,차대차 - 측면충돌,안전운전불이행,건조,맑음,교차로 - 교차로안,승합,남,67세,상해없음,승용,남,79세,경상
2021072100100376,2021년 7월 21일 15시,수요일,전라북도 익산시 신동,경상사고,0,0,5,0,차대차 - 추돌,안전거리미확보,건조,맑음,단일로 - 기타,승용,남,43세,경상,승용,여,47세,경상
2021072100100425,2021년 7월 21일 16시,수요일,전라북도 전주시 완산구 중화산동2가,경상사고,0,0,1,0,차대차 - 기타,차로위반,건조,맑음,단일로 - 기타,승용,여,53세,상해없음,승용,여,39세,경상
2021072100100474,2021년 7월 21일 17시,수요일,전라북도 전주시 완산구 효자동3가,경상사고,0,0,2,0,차대차 - 추돌,안전거리미확보,건조,맑음,단일로 - 기타,승용,여,44세,상해없음,승용,남,26세,경상
2021072100100532,2021년 7월 21일 18시,수요일,전라북도 고창군 고창읍,경상사고,0,0,1,0,차대사람 - 차도통행중,교차로운행방법위반,건조,맑음,기타 - 기타,승용,여,41세,상해없음,보행자,여,70세,경상
2021072100100569,2021년 7월 21일 19시,수요일,전라북도 군산시 대야면,경상사고,0,0,1,0,차대차 - 기타,안전운전불이행,건조,맑음,교차로 - 교차로부근,승용,남,31세,상해없음,승용,여,70세,경상
2021072100100617,2021년 7월 21일 21시,수요일,전라북도 군산시 산북동,경상사고,0,0,2,0,차대차 - 추돌,안전운전불이행,건조,맑음,교차로 - 교차로부근,승용,남,33세,상해없음,승용,남,49세,경상
2021072100100646,2021년 7월 21일 22시,수요일,전라북도 전주시 완산구 효자동3가,경상사고,0,0,2,0,차대차 - 기타,신호위반,건조,맑음,교차로 - 교차로안,승용,여,21세,상해없음,승용,남,61세,경상
2021072100100647,2021년 7월 21일 22시,수요일,전라북도 전주시 덕진구 송천동2가,경상사고,0,0,1,0,차대차 - 추돌,안전운전불이행,건조,맑음,교차로 - 교차로부근,승용,남,64세,상해없음,승용,남,29세,경상
2021072100100648,2021년 7월 21일 22시,수요일,전라북도 전주시 덕진구 인후동1가,경상사고,0,0,1,0,차대차 - 측면충돌,안전거리미확보,건조,맑음,교차로 - 교차로부근,승용,남,59세,상해없음,승용,여,25세,경상
2021072100100649,2021년 7월 21일 22시,수요일,전라북도 군산시 조촌동,경상사고,0,0,1,0,차대사람 - 기타,안전운전불이행,젖음/습기,흐림,주차장 - 주차장,승용,남,41세,상해없음,보행자,남,64세,경상
2021072100100650,2021년 7월 21일 22시,수요일,전라북도 군산시 조촌동,경상사고,0,0,1,0,차대차 - 정면충돌,안전운전불이행,건조,맑음,교차로 - 교차로안,승용,여,50세,상해없음,이륜,남,46세,경상
2021072200100007,2021년 7월 22일 00시,목요일,전라북도 전주시 완산구 중화산동2가,경상사고,0,0,3,0,차대차 - 후진중충돌,안전운전불이행,건조,맑음,단일로 - 기타,승용,남,42세,상해없음,승용,남,42세,경상
2021072200100008,2021년 7월 22일 00시,목요일,전라북도 익산시 남중동,경상사고,0,0,1,0,차대차 - 추돌,안전운전불이행,건조,맑음,단일로 - 기타,승용,남,25세,상해없음,승용,남,27세,경상
2021072200100018,2021년 7월 22일 01시,목요일,전라북도 군산시 수송동,경상사고,0,0,1,0,차대차 - 정면충돌,신호위반,건조,맑음,교차로 - 교차로안,승용,남,69세,상해없음,승용,남,40세,경상
2021072200100065,2021년 7월 22일 07시,목요일,전라북도 전주시 완산구 삼천동3가,경상사고,0,0,2,0,차대차 - 기타,안전운전불이행,건조,맑음,단일로 - 기타,화물,남,54세,상해없음,승용,여,49세,경상
2021072200100097,2021년 7월 22일 08시,목요일,전라북도 전주시 덕진구 덕진동1가,경상사고,0,0,1,0,차대차 - 측면충돌,교차로운행방법위반,건조,맑음,교차로 - 교차로안,화물,남,74세,상해없음,승용,여,50세,경상
2021072200100098,2021년 7월 22일 08시,목요일,전라북도 익산시 동산동,경상사고,0,0,1,0,차대차 - 추돌,안전운전불이행,건조,맑음,교차로 - 교차로부근,승용,남,35세,상해없음,이륜,남,38세,경상
2021072200100163,2021년 7월 22일 10시,목요일,전라북도 전주시 덕진구 여의동,경상사고,0,0,1,0,차대사람 - 차도통행중,안전운전불이행,건조,맑음,교차로 - 교차로안,승용,남,58세,상해없음,보행자,남,42세,경상
2021072200100164,2021년 7월 22일 10시,목요일,전라북도 전주시 덕진구 인후동1가,경상사고,0,0,4,0,차대차 - 측면충돌,신호위반,건조,맑음,교차로 - 교차로안,승용,남,56세,상해없음,승용,남,29세,경상
2021072200100165,2021년 7월 22일 10시,목요일,전라북도 완주군 이서면,중상사고,0,1,0,0,차대차 - 정면충돌,신호위반,건조,맑음,교차로 - 교차로안,승용,여,50세,상해없음,승용,남,65세,중상
2021072200100314,2021년 7월 22일 14시,목요일,전라북도 임실군 오수면,중상사고,0,1,0,0,차대차 - 추돌,중앙선침범,건조,맑음,단일로 - 기타,화물,남,62세,상해없음,이륜,남,25세,중상
2021072200100365,2021년 7월 22일 15시,목요일,전라북도 전주시 완산구 평화동2가,경상사고,0,0,1,0,차대차 - 기타,안전운전불이행,건조,맑음,단일로 - 기타,승용,남,74세,상해없음,승용,남,62세,경상
2021072200100366,2021년 7월 22일 15시,목요일,전라북도 정읍시 산내면,중상사고,0,1,0,0,차대차 - 추돌,안전운전불이행,건조,맑음,단일로 - 기타,승용,남,18세,상해없음,원동기,남,80세,중상
2021072200100405,2021년 7월 22일 16시,목요일,전라북도 정읍시 이평면,경상사고,0,0,1,0,차대차 - 정면충돌,불법유턴,건조,맑음,단일로 - 기타,건설기계,남,55세,상해없음,승용,남,36세,경상
2021072200100451,2021년 7월 22일 17시,목요일,전라북도 전주시 완산구 효자동2가,중상사고,0,1,1,0,차대차 - 기타,신호위반,건조,맑음,교차로 - 교차로안,승용,남,71세,상해없음,승용,남,67세,경상
2021072200100452,2021년 7월 22일 17시,목요일,전라북도 익산시 인화동2가,경상사고,0,0,1,0,차대차 - 추돌,안전운전불이행,건조,맑음,교차로 - 교차로안,승합,남,40세,상해없음,승용,여,46세,경상
2021072200100492,2021년 7월 22일 18시,목요일,전라북도 군산시 중동,경상사고,0,0,2,0,차대차 - 측면충돌,안전운전불이행,건조,맑음,교차로 - 교차로안,승용,남,51세,상해없음,원동기,남,28세,경상
2021072200100537,2021년 7월 22일 19시,목요일,전라북도 전주시 완산구 평화동2가,중상사고,0,1,0,0,차대차 - 추돌,안전운전불이행,건조,맑음,단일로 - 기타,화물,남,45세,상해없음,승용,여,19세,중상
2021072200100538,2021년 7월 22일 19시,목요일,전라북도 전주시 덕진구 만성동,중상사고,0,1,0,0,차대차 - 측면충돌,안전운전불이행,건조,맑음,단일로 - 기타,승용,남,50세,상해없음,자전거,남,27세,중상
2021072200100539,2021년 7월 22일 19시,목요일,전라북도 익산시 남중동,중상사고,0,1,0,0,차대차 - 측면충돌,불법유턴,건조,맑음,단일로 - 기타,자전거,남,66세,중상,승용,남,61세,상해없음
2021072200100577,2021년 7월 22일 20시,목요일,전라북도 전주시 완산구 삼천동1가,경상사고,0,0,1,0,차대차 - 추돌,안전운전불이행,건조,맑음,교차로 - 교차로안,승용,남,71세,상해없음,승용,남,50세,경상
2021072200100630,2021년 7월 22일 22시,목요일,전라북도 전주시 덕진구 송천동1가,경상사고,0,0,1,0,차대차 - 측면충돌,신호위반,건조,맑음,교차로 - 교차로안,승합,남,49세,상해없음,이륜,남,36세,경상
2021072300100008,2021년 7월 23일 00시,금요일,전라북도 전주시 덕진구 고랑동,경상사고,0,0,1,0,차량단독 - 기타,안전운전불이행,건조,맑음,교차로 - 교차로부근,승용,남,57세,상해없음,,,,
2021072300100047,2021년 7월 23일 06시,금요일,전라북도 임실군 지사면,중상사고,0,1,0,0,차대사람 - 차도통행중,안전운전불이행,건조,맑음,교차로 - 교차로안,승용,남,92세,상해없음,보행자,여,66세,중상
2021072300100093,2021년 7월 23일 08시,금요일,전라북도 무주군 적상면,경상사고,0,0,2,0,차대차 - 측면충돌,직진우회전진행방해,건조,맑음,교차로 - 교차로안,승용,남,58세,경상,원동기,남,60세,경상
2021072300100123,2021년 7월 23일 09시,금요일,전라북도 정읍시 시기동,경상사고,0,0,1,0,차대사람 - 횡단중,보행자보호의무위반,건조,맑음,교차로 - 교차로횡단보도내,화물,남,79세,상해없음,보행자,여,68세,경상
2021072300100162,2021년 7월 23일 10시,금요일,전라북도 부안군 부안읍,경상사고,0,0,2,0,차대차 - 측면충돌,안전운전불이행,건조,맑음,교차로 - 교차로안,승용,여,69세,경상,승용,남,85세,경상
2021072300100192,2021년 7월 23일 11시,금요일,전라북도 군산시 구암동,경상사고,0,0,1,0,차대차 - 측면충돌,신호위반,건조,맑음,교차로 - 교차로안,승용,여,48세,상해없음,승용,여,42세,경상
2021072300100227,2021년 7월 23일 12시,금요일,전라북도 김제시 금구면,경상사고,0,0,3,0,차대차 - 측면충돌,신호위반,건조,맑음,교차로 - 교차로안,승용,여,52세,경상,화물,남,39세,경상
2021072300100305,2021년 7월 23일 14시,금요일,전라북도 전주시 덕진구 금암동,경상사고,0,0,1,0,차대사람 - 길가장자리구역통행중,안전운전불이행,건조,맑음,단일로 - 기타,화물,남,76세,상해없음,보행자,남,23세,경상
2021072300100344,2021년 7월 23일 15시,금요일,전라북도 군산시 경장동,경상사고,0,0,1,0,차대차 - 측면충돌,신호위반,건조,맑음,교차로 - 교차로안,승용,남,36세,상해없음,승용,남,41세,경상
2021072300100393,2021년 7월 23일 16시,금요일,전라북도 군산시 개정면,경상사고,0,0,4,0,차대차 - 측면충돌,신호위반,건조,맑음,교차로 - 교차로안,화물,남,45세,상해없음,승합,남,61세,경상
2021072300100442,2021년 7월 23일 17시,금요일,전라북도 장수군 장수읍,중상사고,0,1,0,0,차대사람 - 기타,안전운전불이행,건조,맑음,단일로 - 기타,승합,남,27세,상해없음,보행자,남,81세,중상
2021072300100548,2021년 7월 23일 19시,금요일,전라북도 김제시 복죽동,경상사고,0,0,1,0,차대차 - 측면충돌,안전운전불이행,건조,맑음,단일로 - 기타,승용,남,69세,상해없음,자전거,남,46세,경상
2021072300100590,2021년 7월 23일 20시,금요일,전라북도 전주시 덕진구 덕진동2가,경상사고,0,0,1,0,차대차 - 기타,차로위반,건조,맑음,단일로 - 기타,승용,여,48세,상해없음,승용,남,39세,경상
2021072300100635,2021년 7월 23일 22시,금요일,전라북도 전주시 완산구 효자동2가,경상사고,0,0,1,0,차대차 - 기타,안전운전불이행,건조,맑음,교차로 - 교차로부근,승용,남,60세,상해없음,승용,남,26세,경상
2021072300100636,2021년 7월 23일 22시,금요일,전라북도 군산시 삼학동,경상사고,0,0,1,0,차대차 - 측면충돌,중앙선침범,기타,기타,단일로 - 기타,승용,남,43세,상해없음,승용,남,31세,경상
2021072300100637,2021년 7월 23일 22시,금요일,전라북도 정읍시 상동,경상사고,0,0,2,0,차대차 - 측면충돌,직진우회전진행방해,건조,맑음,교차로 - 교차로안,승용,남,73세,경상,승용,여,50세,경상
2021072400100032,2021년 7월 24일 05시,토요일,전라북도 전주시 완산구 서신동,중상사고,0,1,0,0,차량단독 - 기타,안전운전불이행,건조,흐림,단일로 - 지하차도(도로)내,이륜,남,16세,상해없음,,,,
2021072400100071,2021년 7월 24일 08시,토요일,전라북도 군산시 선양동,경상사고,0,0,1,0,차대사람 - 횡단중,안전운전불이행,건조,맑음,교차로 - 교차로부근,자전거,남,77세,상해없음,보행자,여,59세,경상
2021072400100123,2021년 7월 24일 10시,토요일,전라북도 전주시 덕진구 인후동2가,경상사고,0,0,1,0,차대차 - 측면충돌,안전운전불이행,건조,맑음,교차로 - 교차로안,승용,남,60세,상해없음,승용,남,69세,경상
2021072400100166,2021년 7월 24일 11시,토요일,전라북도 전주시 덕진구 송천동2가,경상사고,0,0,1,0,차대차 - 측면충돌,안전운전불이행,건조,맑음,단일로 - 기타,이륜,남,38세,상해없음,자전거,남,21세,경상
2021072400100167,2021년 7월 24일 11시,토요일,전라북도 익산시 남중동,경상사고,0,0,1,0,차대차 - 정면충돌,안전운전불이행,건조,맑음,교차로 - 교차로안,승용,남,47세,상해없음,승용,남,31세,경상
2021072400100168,2021년 7월 24일 11시,토요일,전라북도 익산시 팔봉동,경상사고,0,0,1,0,차대차 - 측면충돌,안전거리미확보,건조,맑음,단일로 - 기타,화물,남,44세,상해없음,승용,여,54세,경상
2021072400100169,2021년 7월 24일 11시,토요일,전라북도 부안군 하서면,사망사고,1,0,0,0,차대차 - 측면충돌,신호위반,건조,맑음,교차로 - 교차로안,이륜,남,82세,사망,승용,남,50세,상해없음
2021072400100205,2021년 7월 24일 12시,토요일,전라북도 김제시 금산면,경상사고,0,0,5,0,차대차 - 측면충돌,신호위반,건조,맑음,교차로 - 교차로안,승용,여,25세,상해없음,승용,여,32세,경상
2021072400100206,2021년 7월 24일 12시,토요일,전라북도 부안군 상서면,중상사고,0,1,0,0,차대차 - 기타,안전운전불이행,건조,맑음,기타 - 기타,이륜,남,73세,중상,승합,남,61세,상해없음
2021072400100207,2021년 7월 24일 12시,토요일,전라북도 완주군 운주면,중상사고,0,1,3,0,차대차 - 측면충돌,기타,건조,맑음,교차로 - 교차로안,이륜,남,58세,중상,승용,남,50세,경상
2021072400100293,2021년 7월 24일 14시,토요일,전라북도 전주시 덕진구 송천동2가,경상사고,0,0,1,0,차대차 - 측면충돌,안전운전불이행,건조,맑음,단일로 - 기타,승용,여,39세,상해없음,승용,여,37세,경상
2021072400100294,2021년 7월 24일 14시,토요일,전라북도 정읍시 태인면,경상사고,0,0,1,0,차대차 - 측면충돌,신호위반,건조,맑음,교차로 - 교차로안,승용,남,65세,상해없음,화물,남,24세,경상
2021072400100295,2021년 7월 24일 14시,토요일,전라북도 부안군 백산면,경상사고,0,0,3,0,차대차 - 측면충돌,신호위반,건조,맑음,교차로 - 교차로안,승용,남,66세,상해없음,승용,여,49세,경상
2021072400100329,2021년 7월 24일 15시,토요일,전라북도 전주시 완산구 효자동3가,경상사고,0,0,1,0,차대차 - 기타,기타,건조,맑음,단일로 - 기타,화물,남,30세,상해없음,승용,여,30세,경상
2021072400100330,2021년 7월 24일 15시,토요일,전라북도 정읍시 상동,중상사고,0,1,0,0,차대사람 - 횡단중,보행자보호의무위반,건조,맑음,교차로 - 교차로안,승합,남,51세,상해없음,보행자,여,57세,중상