사고번호,사고일시,요일,시군구,사고내용,사망자수,중상자수,경상자수,부상신고자수,사고유형,법규위반,노면상태,기상상태,도로형태,가해운전자 차종,가해운전자 성별,가해운전자 연령,가해운전자 상해정도,피해운전자 차종,피해운전자 성별,피해운전자 연령,피해운전자 상해정도
2021072400100365,2021년 7월 24일 16시,토요일,전라북도 군산시 수송동,경상사고,0,0,2,0,차대차 - 기타,교차로운행방법위반,건조,맑음,교차로 - 교차로안,이륜,여,17세,상해없음,화물,남,47세,상해없음
2021072400100400,2021년 7월 24일 17시,토요일,전라북도 전주시 완산구 서신동,경상사고,0,0,2,0,차대차 - 기타,교차로운행방법위반,건조,맑음,교차로 - 교차로안,승용,여,42세,경상,승용,남,28세,경상
2021072400100477,2021년 7월 24일 19시,토요일,전라북도 군산시 나운동,경상사고,0,0,3,0,차대차 - 추돌,안전운전불이행,건조,맑음,교차로 - 교차로안,화물,남,24세,상해없음,승용,남,52세,경상
2021072400100504,2021년 7월 24일 20시,토요일,전라북도 전주시 덕진구 인후동1가,경상사고,0,0,1,0,차대차 - 추돌,차로위반,건조,맑음,교차로 - 교차로부근,승용,남,32세,상해없음,승용,남,46세,경상
2021072400100505,2021년 7월 24일 20시,토요일,전라북도 전주시 덕진구 우아동3가,경상사고,0,0,1,0,차대차 - 측면충돌,안전운전불이행,건조,맑음,교차로 - 교차로안,원동기,남,68세,상해없음,승용,남,55세,경상
2021072400100506,2021년 7월 24일 20시,토요일,전라북도 임실군 임실읍,경상사고,0,0,1,0,차대차 - 측면충돌,교차로운행방법위반,건조,맑음,교차로 - 교차로안,승용,남,65세,상해없음,자전거,남,11세,경상
2021072400100538,2021년 7월 24일 21시,토요일,전라북도 전주시 덕진구 덕진동1가,중상사고,0,1,0,0,차대차 - 추돌,중앙선침범,건조,맑음,단일로 - 기타,자전거,남,28세,상해없음,이륜,남,24세,중상
2021072400100539,2021년 7월 24일 21시,토요일,전라북도 부안군 부안읍,중상사고,0,1,2,0,차대차 - 측면충돌,차로위반,건조,맑음,단일로 - 기타,승용,여,56세,경상,승용,남,21세,중상
2021072500100007,2021년 7월 25일 00시,일요일,전라북도 전주시 완산구 효자동3가,경상사고,0,0,2,0,차대차 - 기타,안전운전불이행,건조,맑음,교차로 - 교차로부근,승용,남,20세,상해없음,승용,남,64세,경상
2021072500100026,2021년 7월 25일 02시,일요일,전라북도 군산시 경암동,경상사고,0,0,1,0,차량단독 - 전도전복 - 전도,안전운전불이행,건조,맑음,교차로 - 교차로부근,이륜,남,27세,경상,,,,
2021072500100050,2021년 7월 25일 07시,일요일,전라북도 군산시 옥산면,경상사고,0,0,1,0,차대차 - 측면충돌,안전운전불이행,건조,맑음,단일로 - 기타,승용,여,65세,상해없음,승용,남,54세,경상
2021072500100067,2021년 7월 25일 09시,일요일,전라북도 전주시 완산구 서서학동,경상사고,0,0,1,0,차대사람 - 기타,안전운전불이행,건조,맑음,단일로 - 기타,승용,남,74세,상해없음,보행자,남,69세,경상
2021072500100104,2021년 7월 25일 11시,일요일,전라북도 전주시 덕진구 산정동,경상사고,0,0,2,0,차대차 - 추돌,안전운전불이행,건조,맑음,교차로 - 교차로부근,승용,남,55세,상해없음,승용,남,52세,경상
2021072500100169,2021년 7월 25일 13시,일요일,전라북도 남원시 왕정동,경상사고,0,0,1,0,차대차 - 측면충돌,안전운전불이행,건조,맑음,단일로 - 기타,화물,남,49세,상해없음,승용,남,35세,경상
2021072500100170,2021년 7월 25일 13시,일요일,전라북도 무주군 무풍면,경상사고,0,0,5,0,차대차 - 기타,안전운전불이행,건조,맑음,단일로 - 지하차도(도로)내,승용,남,39세,상해없음,승용,남,34세,경상
2021072500100297,2021년 7월 25일 17시,일요일,전라북도 전주시 덕진구 금암동,중상사고,0,1,0,0,차대사람 - 길가장자리구역통행중,안전운전불이행,건조,맑음,교차로 - 교차로안,승합,남,68세,상해없음,보행자,여,61세,중상
2021072500100298,2021년 7월 25일 17시,일요일,전라북도 전주시 덕진구 송천동2가,경상사고,0,0,2,0,차대차 - 기타,교차로운행방법위반,건조,맑음,교차로 - 교차로안,승용,남,84세,상해없음,승용,남,29세,경상
2021072500100331,2021년 7월 25일 18시,일요일,전라북도 정읍시 하북동,경상사고,0,0,1,0,차대차 - 측면충돌,직진우회전진행방해,건조,맑음,교차로 - 교차로안,승용,남,62세,상해없음,승용,여,58세,경상
2021072500100332,2021년 7월 25일 18시,일요일,전라북도 장수군 계남면,경상사고,0,0,1,0,차대차 - 정면충돌,안전운전불이행,건조,맑음,교차로 - 교차로안,화물,남,71세,상해없음,승용,남,19세,경상
2021072500100362,2021년 7월 25일 19시,일요일,전라북도 전주시 완산구 서노송동,경상사고,0,0,5,0,차대차 - 기타,교차로운행방법위반,건조,맑음,교차로 - 교차로안,승용,남,59세,경상,승용,여,61세,경상
2021072600100004,2021년 7월 26일 00시,월요일,전라북도 군산시 소룡동,경상사고,0,0,1,0,차대차 - 측면충돌,안전운전불이행,건조,맑음,단일로 - 기타,승용,남,56세,상해없음,승용,남,51세,경상
2021072600100036,2021년 7월 26일 06시,월요일,전라북도 고창군 신림면,중상사고,0,1,0,0,차대사람 - 기타,안전운전불이행,건조,맑음,단일로 - 기타,화물,남,61세,상해없음,보행자,남,71세,중상
2021072600100083,2021년 7월 26일 08시,월요일,전라북도 전주시 덕진구 팔복동3가,경상사고,0,0,1,0,차대차 - 기타,안전운전불이행,건조,맑음,단일로 - 기타,화물,남,64세,상해없음,승용,남,29세,경상
2021072600100120,2021년 7월 26일 09시,월요일,전라북도 임실군 임실읍,경상사고,0,0,1,0,차대차 - 측면충돌,안전운전불이행,건조,맑음,단일로 - 기타,승용,여,29세,상해없음,승용,여,51세,경상
2021072600100163,2021년 7월 26일 10시,월요일,전라북도 군산시 경장동,경상사고,0,0,1,0,차대차 - 기타,안전운전불이행,건조,맑음,단일로 - 기타,승용,여,54세,상해없음,이륜,남,77세,경상
2021072600100164,2021년 7월 26일 10시,월요일,전라북도 남원시 동충동,중상사고,0,1,0,0,차대사람 - 기타,안전운전불이행,건조,맑음,교차로 - 교차로안,화물,여,46세,상해없음,보행자,여,64세,중상
2021072600100206,2021년 7월 26일 11시,월요일,전라북도 임실군 임실읍,경상사고,0,0,2,0,차대차 - 측면충돌,신호위반,건조,맑음,교차로 - 교차로안,승용,여,29세,상해없음,승합,남,70세,경상
2021072600100292,2021년 7월 26일 13시,월요일,전라북도 전주시 덕진구 송천동2가,중상사고,0,1,0,0,차대차 - 후진중충돌,안전운전불이행,건조,맑음,교차로 - 교차로안,화물,남,49세,상해없음,자전거,여,41세,중상
2021072600100332,2021년 7월 26일 14시,월요일,전라북도 전주시 완산구 중화산동2가,경상사고,0,0,1,0,차대사람 - 차도통행중,안전운전불이행,건조,맑음,단일로 - 기타,승용,남,41세,상해없음,보행자,남,21세,경상
2021072600100333,2021년 7월 26일 14시,월요일,전라북도 군산시 오식도동,경상사고,0,0,1,0,차대차 - 측면충돌,신호위반,건조,맑음,교차로 - 교차로부근,화물,남,45세,상해없음,승용,남,42세,경상
2021072600100334,2021년 7월 26일 14시,월요일,전라북도 정읍시 수성동,경상사고,0,0,2,0,차대차 - 측면충돌,안전운전불이행,건조,맑음,교차로 - 교차로부근,승용,남,53세,상해없음,화물,남,25세,경상
2021072600100368,2021년 7월 26일 15시,월요일,전라북도 정읍시 상동,중상사고,0,1,0,0,차량단독 - 기타,안전운전불이행,건조,맑음,단일로 - 기타,자전거,남,81세,중상,,,,
2021072600100442,2021년 7월 26일 17시,월요일,전라북도 전주시 덕진구 인후동1가,경상사고,0,0,1,0,차대사람 - 보도통행중,기타,건조,맑음,기타 - 기타,승용,여,55세,상해없음,보행자,여,54세,경상
2021072600100443,2021년 7월 26일 17시,월요일,전라북도 정읍시 수성동,경상사고,0,0,1,0,차대차 - 측면충돌,중앙선침범,건조,맑음,교차로 - 교차로부근,화물,남,55세,상해없음,승용,남,22세,경상
2021072600100568,2021년 7월 26일 20시,월요일,전라북도 전주시 덕진구 송천동2가,경상사고,0,0,1,0,차대사람 - 차도통행중,안전운전불이행,건조,맑음,교차로 - 교차로부근,화물,남,71세,상해없음,보행자,여,46세,경상
2021072600100591,2021년 7월 26일 21시,월요일,전라북도 전주시 완산구 서신동,경상사고,0,0,1,0,차대차 - 측면충돌,신호위반,건조,맑음,교차로 - 교차로안,승용,여,52세,상해없음,원동기,남,19세,경상
2021072600100616,2021년 7월 26일 22시,월요일,전라북도 전주시 덕진구 금암동,경상사고,0,0,2,0,차대차 - 측면충돌,안전운전불이행,건조,맑음,교차로 - 교차로부근,승용,여,53세,상해없음,승용,남,53세,경상
2021072600100617,2021년 7월 26일 22시,월요일,전라북도 익산시 남중동,경상사고,0,0,1,0,차대차 - 측면충돌,안전운전불이행,건조,맑음,단일로 - 기타,승용,여,40세,경상,승용,남,64세,상해없음
2021072700100030,2021년 7월 27일 05시,화요일,전라북도 익산시 오산면,경상사고,0,0,1,0,차대차 - 측면충돌,직진우회전진행방해,건조,맑음,교차로 - 교차로안,승용,남,32세,상해없음,승용,여,63세,경상
2021072700100042,2021년 7월 27일 06시,화요일,전라북도 남원시 금동,경상사고,0,0,1,0,차대차 - 측면충돌,신호위반,건조,맑음,교차로 - 교차로안,승용,남,77세,상해없음,화물,남,45세,경상
2021072700100285,2021년 7월 27일 13시,화요일,전라북도 익산시 어양동,경상사고,0,0,1,0,차대사람 - 횡단중,안전운전불이행,건조,맑음,교차로 - 교차로안,화물,남,62세,상해없음,보행자,남,77세,경상
2021072700100314,2021년 7월 27일 14시,화요일,전라북도 전주시 덕진구 여의동2가,중상사고,0,1,0,0,차대차 - 추돌,안전운전불이행,건조,맑음,교차로 - 교차로안,승용,남,22세,상해없음,자전거,남,57세,중상
2021072700100388,2021년 7월 27일 16시,화요일,전라북도 익산시 모현동2가,경상사고,0,0,1,0,차대차 - 측면충돌,차로위반,건조,맑음,단일로 - 기타,화물,남,39세,상해없음,승용,남,65세,경상
2021072700100473,2021년 7월 27일 18시,화요일,전라북도 전주시 덕진구 금암동,경상사고,0,0,2,0,차대차 - 측면충돌,안전거리미확보,건조,맑음,교차로 - 교차로부근,승용,남,49세,상해없음,승용,여,29세,경상
2021072700100474,2021년 7월 27일 18시,화요일,전라북도 군산시 사정동,경상사고,0,0,1,0,차대차 - 기타,안전운전불이행,건조,맑음,단일로 - 기타,승용,여,51세,상해없음,자전거,남,75세,경상
2021072700100475,2021년 7월 27일 18시,화요일,전라북도 익산시 낭산면,경상사고,0,0,2,0,차대차 - 측면충돌,중앙선침범,건조,맑음,단일로 - 기타,화물,남,65세,경상,승용,여,48세,경상
2021072700100476,2021년 7월 27일 18시,화요일,전라북도 익산시 평화동,경상사고,0,0,2,0,차대차 - 측면충돌,안전운전불이행,건조,맑음,교차로 - 교차로안,승용,남,35세,상해없음,승용,여,52세,경상
2021072700100477,2021년 7월 27일 18시,화요일,전라북도 남원시 노암동,중상사고,0,1,0,0,차대차 - 기타,기타,건조,맑음,단일로 - 기타,이륜,남,29세,상해없음,자전거,여,63세,중상
2021072700100572,2021년 7월 27일 21시,화요일,전라북도 전주시 완산구 다가동3가,경상사고,0,0,1,0,차대사람 - 차도통행중,안전운전불이행,건조,맑음,단일로 - 기타,승용,남,59세,상해없음,보행자,남,64세,경상
2021072700100573,2021년 7월 27일 21시,화요일,전라북도 익산시 부송동,경상사고,0,0,2,0,차대차 - 측면충돌,안전운전불이행,건조,맑음,교차로 - 교차로부근,승용,남,23세,상해없음,승용,남,48세,경상
2021072800100005,2021년 7월 28일 00시,수요일,전라북도 부안군 부안읍,경상사고,0,0,4,0,차대차 - 측면충돌,직진우회전진행방해,건조,맑음,교차로 - 교차로안,승용,여,33세,경상,승용,남,30세,경상
2021072800100006,2021년 7월 28일 00시,수요일,전라북도 완주군 봉동읍,경상사고,0,0,1,0,차대차 - 측면충돌,교차로운행방법위반,건조,맑음,교차로 - 교차로안,승용,남,63세,상해없음,승용,남,25세,경상
2021072800100030,2021년 7월 28일 05시,수요일,전라북도 부안군 행안면,중상사고,0,1,0,0,차대차 - 추돌,안전운전불이행,건조,맑음,단일로 - 기타,승용,남,78세,상해없음,자전거,여,69세,중상
2021072800100049,2021년 7월 28일 06시,수요일,전라북도 전주시 덕진구 반월동,경상사고,0,0,1,0,차대차 - 측면충돌,안전운전불이행,건조,맑음,단일로 - 기타,승용,남,42세,상해없음,자전거,남,83세,경상
2021072800100050,2021년 7월 28일 06시,수요일,전라북도 완주군 용진읍,중상사고,0,1,0,0,차대차 - 기타,직진우회전진행방해,건조,맑음,교차로 - 교차로안,자전거,남,66세,중상,승용,여,47세,상해없음
2021072800100095,2021년 7월 28일 08시,수요일,전라북도 군산시 나운동,경상사고,0,0,2,0,차대차 - 추돌,안전운전불이행,건조,맑음,교차로 - 교차로안,특수,남,51세,상해없음,승용,남,51세,경상
2021072800100096,2021년 7월 28일 08시,수요일,전라북도 임실군 임실읍,경상사고,0,0,2,0,차대차 - 정면충돌,중앙선침범,건조,맑음,단일로 - 기타,승용,여,29세,경상,승용,남,49세,경상
2021072800100097,2021년 7월 28일 08시,수요일,전라북도 무주군 적상면,경상사고,0,0,2,0,차대차 - 측면충돌,중앙선침범,건조,맑음,단일로 - 지하차도(도로)내,승용,남,68세,상해없음,승용,여,54세,경상
2021072800100128,2021년 7월 28일 09시,수요일,전라북도 전주시 덕진구 장동,경상사고,0,0,1,0,차대차 - 추돌,안전거리미확보,건조,맑음,단일로 - 기타,승용,남,57세,상해없음,승용,남,26세,경상
2021072800100190,2021년 7월 28일 11시,수요일,전라북도 익산시 모현동1가,경상사고,0,0,1,0,차대차 - 측면충돌,신호위반,건조,맑음,교차로 - 교차로안,승용,남,73세,상해없음,승용,여,68세,경상
2021072800100227,2021년 7월 28일 12시,수요일,전라북도 순창군 구림면,중상사고,0,1,2,0,차대차 - 정면충돌,중앙선침범,건조,맑음,단일로 - 기타,화물,남,61세,상해없음,승용,남,46세,중상
2021072800100266,2021년 7월 28일 13시,수요일,전라북도 군산시 개사동,경상사고,0,0,1,0,차대차 - 추돌,안전운전불이행,건조,맑음,단일로 - 기타,승용,여,68세,경상,승용,남,48세,상해없음
2021072800100296,2021년 7월 28일 14시,수요일,전라북도 전주시 덕진구 송천동1가,중상사고,0,1,0,0,차대차 - 측면충돌,신호위반,건조,맑음,교차로 - 교차로안,승용,남,34세,상해없음,자전거,여,16세,중상
2021072800100297,2021년 7월 28일 14시,수요일,전라북도 전주시 덕진구 팔복동2가,경상사고,0,0,2,0,차대차 - 추돌,안전운전불이행,건조,흐림,교차로 - 교차로부근,승용,남,53세,상해없음,승용,여,55세,경상
2021072800100410,2021년 7월 28일 17시,수요일,전라북도 전주시 완산구 효자동3가,경상사고,0,0,3,0,차대차 - 기타,교차로운행방법위반,건조,맑음,교차로 - 교차로안,승용,여,43세,상해없음,승용,남,30세,경상
2021072800100411,2021년 7월 28일 17시,수요일,전라북도 남원시 금동,경상사고,0,0,1,0,차대차 - 측면충돌,안전운전불이행,기타,맑음,단일로 - 기타,이륜,남,73세,경상,승용,여,36세,상해없음
2021072800100412,2021년 7월 28일 17시,수요일,전라북도 임실군 오수면,경상사고,0,0,1,0,차대차 - 추돌,안전운전불이행,건조,맑음,교차로 - 교차로횡단보도내,화물,남,53세,상해없음,승용,남,52세,경상
2021072800100468,2021년 7월 28일 18시,수요일,전라북도 전주시 완산구 삼천동1가,중상사고,0,1,0,0,차대차 - 측면충돌,안전운전불이행,건조,맑음,교차로 - 교차로횡단보도내,승용,남,25세,상해없음,자전거,남,13세,중상
2021072800100469,2021년 7월 28일 18시,수요일,전라북도 전주시 완산구 서신동,경상사고,0,0,1,0,차대차 - 정면충돌,안전운전불이행,젖음/습기,비,단일로 - 기타,승용,여,42세,상해없음,승용,남,61세,경상
2021072800100470,2021년 7월 28일 18시,수요일,전라북도 군산시 나운동,중상사고,0,2,0,0,차대차 - 기타,안전운전불이행,건조,맑음,교차로 - 교차로안,승용,남,63세,상해없음,승용,여,59세,중상
2021072800100531,2021년 7월 28일 20시,수요일,전라북도 군산시 소룡동,중상사고,0,1,0,0,차대차 - 기타,중앙선침범,건조,맑음,교차로 - 교차로부근,승용,남,73세,상해없음,자전거,남,50세,중상
2021072800100590,2021년 7월 28일 22시,수요일,전라북도 익산시 부송동,경상사고,0,0,1,0,차대차 - 측면충돌,중앙선침범,건조,맑음,단일로 - 기타,승용,남,28세,상해없음,이륜,남,55세,경상
2021072900100055,2021년 7월 29일 07시,목요일,전라북도 익산시 여산면,경상사고,0,0,2,0,차대차 - 측면충돌,기타,건조,맑음,교차로 - 교차로안,승용,여,51세,상해없음,승용,여,63세,경상
2021072900100056,2021년 7월 29일 07시,목요일,전라북도 정읍시 북면,중상사고,0,1,1,0,차대차 - 기타,안전운전불이행,건조,맑음,단일로 - 기타,승용,여,54세,경상,화물,남,46세,중상
2021072900100115,2021년 7월 29일 09시,목요일,전라북도 전주시 완산구 삼천동1가,중상사고,0,1,0,0,차대사람 - 보도통행중,기타,건조,맑음,교차로 - 교차로부근,승용,남,40세,상해없음,보행자,여,72세,중상
2021072900100116,2021년 7월 29일 09시,목요일,전라북도 전주시 완산구 삼천동1가,경상사고,0,0,2,0,차대차 - 정면충돌,신호위반,건조,맑음,교차로 - 교차로안,승용,여,56세,상해없음,승용,남,66세,경상
2021072900100183,2021년 7월 29일 11시,목요일,전라북도 익산시 동산동,중상사고,0,1,0,0,차대차 - 측면충돌,중앙선침범,건조,맑음,단일로 - 기타,승용,남,71세,상해없음,이륜,남,39세,중상
2021072900100263,2021년 7월 29일 13시,목요일,전라북도 익산시 영등동,경상사고,0,0,1,0,차대사람 - 길가장자리구역통행중,안전운전불이행,건조,맑음,단일로 - 기타,승용,여,46세,상해없음,보행자,남,51세,경상
2021072900100264,2021년 7월 29일 13시,목요일,전라북도 고창군 고창읍,경상사고,0,0,1,0,차대차 - 측면충돌,신호위반,건조,맑음,교차로 - 교차로안,승용,남,68세,상해없음,승용,남,42세,상해없음
2021072900100289,2021년 7월 29일 14시,목요일,전라북도 전주시 덕진구 송천동1가,경상사고,0,0,1,0,차대차 - 측면충돌,안전거리미확보,건조,맑음,단일로 - 기타,승용,남,61세,상해없음,승용,남,29세,경상
2021072900100290,2021년 7월 29일 14시,목요일,전라북도 김제시 요촌동,경상사고,0,0,1,0,차대차 - 측면충돌,중앙선침범,건조,맑음,단일로 - 기타,승용,여,60세,상해없음,승용,남,49세,경상
2021072900100311,2021년 7월 29일 15시,목요일,전라북도 익산시 금마면,경상사고,0,0,1,0,차대차 - 측면충돌,중앙선침범,건조,맑음,단일로 - 기타,승용,여,48세,상해없음,승용,여,40세,경상
2021072900100391,2021년 7월 29일 17시,목요일,전라북도 전주시 덕진구 우아동2가,중상사고,0,1,0,0,차대차 - 측면충돌,직진우회전진행방해,젖음/습기,비,교차로 - 교차로안,승용,남,49세,상해없음,이륜,남,58세,중상
2021072900100392,2021년 7월 29일 17시,목요일,전라북도 전주시 덕진구 우아동2가,중상사고,0,1,0,0,차대차 - 측면충돌,직진우회전진행방해,건조,맑음,교차로 - 교차로안,승용,남,46세,상해없음,승용,남,50세,중상
2021073000100014,2021년 7월 30일 04시,금요일,전라북도 무주군 안성면,경상사고,0,0,5,0,차대차 - 추돌,직진우회전진행방해,건조,맑음,교차로 - 교차로안,승용,여,39세,경상,승용,남,72세,경상
2021073000100033,2021년 7월 30일 06시,금요일,전라북도 군산시 조촌동,사망사고,1,0,0,0,차대사람 - 길가장자리구역통행중,안전운전불이행,건조,맑음,단일로 - 기타,화물,남,60세,상해없음,보행자,여,88세,사망
2021073000100107,2021년 7월 30일 09시,금요일,전라북도 익산시 함열읍,경상사고,0,0,1,0,차대차 - 측면충돌,중앙선침범,건조,맑음,단일로 - 기타,승용,남,61세,상해없음,화물,남,62세,경상
2021073000100169,2021년 7월 30일 11시,금요일,전라북도 익산시 팔봉동,경상사고,0,0,2,0,차대차 - 측면충돌,교차로운행방법위반,건조,맑음,교차로 - 교차로안,승용,여,57세,경상,화물,남,52세,경상
2021073000100170,2021년 7월 30일 11시,금요일,전라북도 임실군 오수면,중상사고,0,1,0,0,차대차 - 측면충돌,교차로운행방법위반,건조,맑음,교차로 - 교차로안,화물,남,57세,상해없음,이륜,남,82세,중상
2021073000100212,2021년 7월 30일 12시,금요일,전라북도 군산시 경장동,경상사고,0,0,1,0,차대차 - 추돌,안전운전불이행,건조,맑음,기타 - 기타,승용,남,69세,상해없음,승용,남,30세,상해없음
2021073000100368,2021년 7월 30일 16시,금요일,전라북도 군산시 소룡동,경상사고,0,0,1,0,차대차 - 추돌,안전운전불이행,건조,맑음,교차로 - 교차로안,승용,남,32세,상해없음,승용,남,40세,경상
2021073000100462,2021년 7월 30일 18시,금요일,전라북도 익산시 왕궁면,중상사고,0,1,0,0,차대차 - 정면충돌,중앙선침범,건조,맑음,교차로 - 교차로부근,화물,남,63세,상해없음,화물,남,41세,중상
2021073000100463,2021년 7월 30일 18시,금요일,전라북도 순창군 순창읍,부상신고사고,0,0,0,1,차대차 - 측면충돌,직진우회전진행방해,건조,맑음,교차로 - 교차로안,자전거,여,22세,부상신고,승용,여,44세,상해없음
2021073000100489,2021년 7월 30일 19시,금요일,전라북도 전주시 덕진구 우아동3가,중상사고,0,1,0,0,차대차 - 측면충돌,기타,건조,맑음,단일로 - 기타,승용,남,42세,상해없음,이륜,남,24세,중상
2021073000100490,2021년 7월 30일 19시,금요일,전라북도 군산시 수송동,경상사고,0,0,1,0,차대차 - 추돌,기타,건조,맑음,단일로 - 기타,승용,남,27세,상해없음,자전거,남,65세,경상
2021073000100519,2021년 7월 30일 20시,금요일,전라북도 익산시 영등동,경상사고,0,0,1,0,차대사람 - 횡단중,보행자보호의무위반,건조,맑음,교차로 - 교차로횡단보도내,승합,남,61세,상해없음,보행자,여,28세,경상
2021073000100552,2021년 7월 30일 21시,금요일,전라북도 전주시 완산구 중앙동3가,경상사고,0,0,1,0,차대차 - 측면충돌,안전운전불이행,건조,맑음,교차로 - 교차로안,승용,남,23세,상해없음,승합,남,40세,경상
2021073000100586,2021년 7월 30일 22시,금요일,전라북도 군산시 수송동,경상사고,0,0,1,0,차대차 - 추돌,안전운전불이행,건조,맑음,교차로 - 교차로부근,승용,남,65세,상해없음,승용,남,48세,경상
2021073100100032,2021년 7월 31일 02시,토요일,전라북도 군산시 서수면,중상사고,0,1,0,0,차대차 - 기타,안전운전불이행,건조,맑음,단일로 - 기타,승용,남,62세,상해없음,승용,남,39세,중상
2021073100100044,2021년 7월 31일 05시,토요일,전라북도 전주시 덕진구 덕진동1가,중상사고,0,1,0,0,차량단독 - 공작물충돌,안전운전불이행,젖음/습기,비,교차로 - 교차로부근,승용,남,29세,상해없음,,,,
2021073100100056,2021년 7월 31일 06시,토요일,전라북도 전주시 완산구 용복동,경상사고,0,0,2,0,차대차 - 정면충돌,안전운전불이행,건조,맑음,교차로 - 교차로안,화물,남,78세,상해없음,화물,남,67세,경상
2021073100100144,2021년 7월 31일 11시,토요일,전라북도 군산시 소룡동,중상사고,0,1,1,0,차대차 - 추돌,안전운전불이행,건조,맑음,교차로 - 교차로부근,건설기계,남,67세,상해없음,승용,남,52세,중상
2021073100100145,2021년 7월 31일 11시,토요일,전라북도 정읍시 수성동,경상사고,0,0,1,0,차대차 - 측면충돌,안전운전불이행,건조,맑음,교차로 - 교차로안,승용,남,54세,상해없음,승용,남,49세,상해없음
2021073100100194,2021년 7월 31일 12시,토요일,전라북도 전주시 완산구 중화산동2가,중상사고,0,1,0,0,차대차 - 측면충돌,안전운전불이행,건조,맑음,기타 - 기타,승용,남,59세,상해없음,자전거,남,57세,중상
2021073100100195,2021년 7월 31일 12시,토요일,전라북도 부안군 동진면,경상사고,0,0,1,0,차대차 - 측면충돌,안전운전불이행,건조,맑음,단일로 - 지하차도(도로)내,승용,여,57세,상해없음,승용,여,63세,경상
2021073100100282,2021년 7월 31일 14시,토요일,전라북도 군산시 나운동,중상사고,0,1,3,0,차대차 - 측면충돌,신호위반,건조,맑음,교차로 - 교차로안,승용,남,69세,상해없음,승합,남,49세,경상
2021073100100320,2021년 7월 31일 15시,토요일,전라북도 익산시 어양동,경상사고,0,0,1,0,차대차 - 추돌,안전운전불이행,건조,맑음,단일로 - 기타,화물,남,40세,상해없음,승용,여,50세,경상
2021073100100348,2021년 7월 31일 16시,토요일,전라북도 전주시 덕진구 금암동,경상사고,0,0,1,0,차대차 - 측면충돌,안전거리미확보,건조,맑음,단일로 - 기타,승용,여,62세,상해없음,이륜,남,34세,경상
2021073100100349,2021년 7월 31일 16시,토요일,전라북도 완주군 용진읍,경상사고,0,0,1,0,차대차 - 추돌,안전운전불이행,건조,맑음,단일로 - 기타,화물,남,67세,기타불명,승용,남,52세,경상
2021073100100385,2021년 7월 31일 17시,토요일,전라북도 남원시 쌍교동,경상사고,0,0,1,0,차대차 - 측면충돌,안전운전불이행,건조,맑음,교차로 - 교차로안,승용,여,58세,상해없음,승용,남,36세,경상
2021073100100386,2021년 7월 31일 17시,토요일,전라북도 부안군 변산면,중상사고,0,1,0,0,차대차 - 측면충돌,직진우회전진행방해,건조,맑음,교차로 - 교차로안,화물,남,47세,상해없음,승용,여,54세,중상
2021073100100387,2021년 7월 31일 17시,토요일,전라북도 부안군 부안읍,사망사고,1,0,1,0,차대차 - 추돌,안전운전불이행,건조,맑음,단일로 - 기타,화물,남,64세,상해없음,화물,남,58세,경상
2021073100100422,2021년 7월 31일 18시,토요일,전라북도 익산시 신흥동,경상사고,0,0,2,0,차대차 - 추돌,안전운전불이행,건조,맑음,단일로 - 기타,화물,남,50세,상해없음,승용,남,24세,경상
2021073100100424,2021년 7월 31일 18시,토요일,전라북도 무주군 무주읍,경상사고,0,0,1,0,차대차 - 측면충돌,중앙선침범,건조,맑음,단일로 - 지하차도(도로)내,승용,남,61세,상해없음,화물,남,54세,경상
2021073100100425,2021년 7월 31일 18시,토요일,전라북도 임실군 관촌면,중상사고,0,1,0,0,차대사람 - 기타,안전운전불이행,건조,맑음,기타 - 기타,승용,남,25세,상해없음,보행자,여,43세,중상
2021073100100454,2021년 7월 31일 19시,토요일,전라북도 부안군 위도면,경상사고,0,0,1,0,차량단독 - 도로외이탈 - 기타,안전운전불이행,건조,맑음,단일로 - 지하차도(도로)내,농기계,남,80세,경상,,,,
2021073100100487,2021년 7월 31일 20시,토요일,전라북도 김제시 성덕면,중상사고,0,1,0,0,차대사람 - 횡단중,안전운전불이행,건조,맑음,교차로 - 교차로부근,화물,남,60세,상해없음,보행자,남,83세,중상
2021073100100542,2021년 7월 31일 22시,토요일,전라북도 완주군 구이면,경상사고,0,0,3,0,차대차 - 측면충돌,기타,건조,맑음,단일로 - 기타,승용,남,33세,상해없음,승합,여,48세,경상
2021073100100561,2021년 7월 31일 23시,토요일,전라북도 군산시 경장동,경상사고,0,0,1,0,차대사람 - 기타,안전운전불이행,기타,맑음,기타 - 기타,승용,여,51세,기타불명,보행자,남,22세,경상
2021080100100038,2021년 8월 1일 07시,일요일,전라북도 군산시 대야면,중상사고,0,1,1,0,차대차 - 측면충돌,중앙선침범,젖음/습기,비,교차로 - 교차로부근,승용,여,59세,상해없음,이륜,남,79세,경상