사고번호,사고일시,요일,시군구,사고내용,사망자수,중상자수,경상자수,부상신고자수,사고유형,법규위반,노면상태,기상상태,도로형태,가해운전자 차종,가해운전자 성별,가해운전자 연령,가해운전자 상해정도,피해운전자 차종,피해운전자 성별,피해운전자 연령,피해운전자 상해정도
2021080100100051,2021년 8월 1일 08시,일요일,전라북도 전주시 덕진구 진북동,경상사고,0,0,1,0,차대사람 - 횡단중,보행자보호의무위반,건조,맑음,교차로 - 교차로안,승용,여,52세,상해없음,보행자,여,60세,경상
2021080100100064,2021년 8월 1일 09시,일요일,전라북도 남원시 용정동,경상사고,0,0,1,0,차대차 - 추돌,중앙선침범,건조,맑음,교차로 - 교차로부근,승용,남,52세,상해없음,승용,여,61세,경상
2021080100100137,2021년 8월 1일 12시,일요일,전라북도 군산시 오룡동,경상사고,0,0,1,0,차대차 - 측면충돌,중앙선침범,젖음/습기,비,교차로 - 교차로부근,승용,남,84세,상해없음,승용,남,26세,경상
2021080100100214,2021년 8월 1일 15시,일요일,전라북도 군산시 중앙로3가,경상사고,0,0,2,0,차대차 - 추돌,안전운전불이행,건조,맑음,단일로 - 기타,승용,남,35세,상해없음,승용,남,32세,경상
2021080100100215,2021년 8월 1일 15시,일요일,전라북도 임실군 오수면,중상사고,0,2,0,0,차량단독 - 도로외이탈 - 기타,안전운전불이행,젖음/습기,비,단일로 - 기타,승용,여,65세,상해없음,,,,
2021080100100239,2021년 8월 1일 16시,일요일,전라북도 전주시 덕진구 호성동1가,경상사고,0,0,1,0,차대차 - 측면충돌,안전운전불이행,젖음/습기,흐림,단일로 - 기타,이륜,남,36세,상해없음,자전거,남,8세,경상
2021080100100269,2021년 8월 1일 17시,일요일,전라북도 남원시 사매면,사망사고,1,0,0,0,차량단독 - 공작물충돌,안전운전불이행,젖음/습기,비,단일로 - 기타,승용,남,33세,사망,,,,
2021080100100270,2021년 8월 1일 17시,일요일,전라북도 완주군 운주면,경상사고,0,0,4,0,차대차 - 측면충돌,직진우회전진행방해,건조,맑음,교차로 - 교차로안,승용,여,77세,상해없음,승용,남,32세,경상
2021080100100299,2021년 8월 1일 18시,일요일,전라북도 전주시 완산구 효자동1가,경상사고,0,0,1,0,차대차 - 측면충돌,안전운전불이행,젖음/습기,비,교차로 - 교차로안,화물,남,54세,상해없음,승용,남,37세,경상
2021080100100337,2021년 8월 1일 19시,일요일,전라북도 남원시 천거동,중상사고,0,1,0,0,차대차 - 후진중충돌,안전운전불이행,젖음/습기,흐림,교차로 - 교차로안,화물,남,69세,상해없음,승용,남,52세,중상
2021080100100412,2021년 8월 1일 21시,일요일,전라북도 부안군 하서면,경상사고,0,0,2,0,차대차 - 측면충돌,안전운전불이행,젖음/습기,흐림,단일로 - 기타,승용,남,53세,상해없음,화물,남,54세,경상
2021080100100413,2021년 8월 1일 21시,일요일,전라북도 진안군 동향면,사망사고,1,0,0,0,차량단독 - 도로외이탈 - 추락,안전운전불이행,젖음/습기,흐림,단일로 - 기타,화물,남,61세,사망,,,,
2021080100100435,2021년 8월 1일 22시,일요일,전라북도 익산시 주현동,중상사고,0,1,0,0,차대사람 - 차도통행중,안전운전불이행,젖음/습기,비,단일로 - 기타,승용,남,33세,상해없음,보행자,남,63세,중상
2021080200100005,2021년 8월 2일 00시,월요일,전라북도 군산시 조촌동,부상신고사고,0,0,0,2,차대차 - 측면충돌,안전운전불이행,건조,맑음,교차로 - 교차로안,승합,여,41세,상해없음,승용,남,52세,부상신고
2021080200100039,2021년 8월 2일 06시,월요일,전라북도 남원시 향교동,경상사고,0,0,1,0,차대차 - 후진중충돌,안전운전불이행,건조,맑음,단일로 - 기타,승용,남,36세,상해없음,자전거,여,64세,경상
2021080200100102,2021년 8월 2일 09시,월요일,전라북도 전주시 완산구 평화동1가,경상사고,0,0,1,0,차대차 - 측면충돌,신호위반,젖음/습기,비,교차로 - 교차로안,승용,남,55세,상해없음,승용,남,38세,경상
2021080200100103,2021년 8월 2일 09시,월요일,전라북도 전주시 덕진구 화전동,경상사고,0,0,1,0,차대차 - 기타,안전운전불이행,젖음/습기,비,교차로 - 교차로부근,승용,남,56세,상해없음,승용,남,79세,상해없음
2021080200100131,2021년 8월 2일 10시,월요일,전라북도 전주시 덕진구 덕진동2가,경상사고,0,0,2,0,차대차 - 추돌,안전운전불이행,젖음/습기,비,교차로 - 교차로부근,승용,남,58세,상해없음,승용,남,67세,경상
2021080200100204,2021년 8월 2일 12시,월요일,전라북도 군산시 소룡동,사망사고,1,0,0,0,차대차 - 측면충돌,신호위반,젖음/습기,비,교차로 - 교차로안,승합,남,45세,상해없음,승용,남,39세,사망
2021080200100241,2021년 8월 2일 13시,월요일,전라북도 전주시 완산구 효자동1가,경상사고,0,0,1,0,차대차 - 측면충돌,안전운전불이행,건조,맑음,교차로 - 교차로안,화물,남,36세,상해없음,승용,남,57세,경상
2021080200100273,2021년 8월 2일 14시,월요일,전라북도 군산시 나운동,경상사고,0,0,1,0,차대차 - 추돌,안전운전불이행,건조,맑음,단일로 - 기타,승용,남,71세,상해없음,승용,남,27세,경상
2021080200100324,2021년 8월 2일 15시,월요일,전라북도 전주시 완산구 중화산동2가,경상사고,0,0,4,0,차대차 - 측면충돌,신호위반,젖음/습기,흐림,교차로 - 교차로안,승용,남,47세,상해없음,승용,여,54세,경상
2021080200100325,2021년 8월 2일 15시,월요일,전라북도 전주시 덕진구 우아동3가,경상사고,0,0,5,0,차대차 - 측면충돌,신호위반,젖음/습기,비,교차로 - 교차로안,승용,여,49세,경상,승용,남,59세,경상
2021080200100326,2021년 8월 2일 15시,월요일,전라북도 전주시 덕진구 금상동,경상사고,0,0,2,0,차대차 - 측면충돌,안전거리미확보,젖음/습기,비,교차로 - 교차로부근,승용,여,60세,상해없음,승용,남,64세,경상
2021080200100327,2021년 8월 2일 15시,월요일,전라북도 전주시 덕진구 금암동,경상사고,0,0,4,0,차대차 - 후진중충돌,안전운전불이행,젖음/습기,비,기타 - 기타,승용,남,66세,경상,승용,남,69세,경상
2021080200100351,2021년 8월 2일 16시,월요일,전라북도 군산시 월명동,경상사고,0,0,1,0,차대차 - 추돌,안전운전불이행,건조,맑음,단일로 - 기타,승용,여,38세,상해없음,승용,남,71세,경상
2021080200100431,2021년 8월 2일 18시,월요일,전라북도 전주시 덕진구 장동,경상사고,0,0,1,0,차대차 - 추돌,안전운전불이행,건조,맑음,교차로 - 교차로안,승용,여,47세,상해없음,승용,남,40세,경상
2021080200100432,2021년 8월 2일 18시,월요일,전라북도 군산시 나운동,경상사고,0,0,2,0,차대차 - 측면충돌,안전운전불이행,건조,맑음,교차로 - 교차로안,승용,남,30세,상해없음,승용,남,26세,경상
2021080200100496,2021년 8월 2일 20시,월요일,전라북도 전주시 완산구 효자동1가,중상사고,0,1,1,0,차대차 - 측면충돌,신호위반,건조,맑음,교차로 - 교차로안,이륜,남,51세,중상,승용,여,31세,경상
2021080200100527,2021년 8월 2일 21시,월요일,전라북도 부안군 동진면,경상사고,0,0,3,0,차대차 - 추돌,안전운전불이행,건조,흐림,교차로 - 교차로부근,화물,남,64세,상해없음,화물,남,49세,경상
2021080200100555,2021년 8월 2일 22시,월요일,전라북도 익산시 모현동1가,경상사고,0,0,2,0,차대차 - 추돌,안전운전불이행,건조,맑음,단일로 - 기타,승용,남,30세,상해없음,화물,남,56세,경상
2021080300100004,2021년 8월 3일 00시,화요일,전라북도 군산시 미룡동,부상신고사고,0,0,0,1,차대사람 - 횡단중,안전운전불이행,건조,맑음,단일로 - 기타,승용,남,48세,상해없음,보행자,남,55세,부상신고
2021080300100010,2021년 8월 3일 01시,화요일,전라북도 정읍시 수성동,경상사고,0,0,1,0,차대차 - 측면충돌,신호위반,젖음/습기,비,교차로 - 교차로안,승용,남,46세,상해없음,승용,남,23세,경상
2021080300100110,2021년 8월 3일 10시,화요일,전라북도 군산시 중앙로1가,경상사고,0,0,1,0,차대차 - 측면충돌,안전운전불이행,건조,맑음,교차로 - 교차로안,승용,남,52세,상해없음,자전거,남,83세,경상
2021080300100111,2021년 8월 3일 10시,화요일,전라북도 군산시 명산동,경상사고,0,0,1,0,차대차 - 측면충돌,직진우회전진행방해,건조,맑음,교차로 - 교차로안,이륜,남,65세,상해없음,승용,남,37세,경상
2021080300100112,2021년 8월 3일 10시,화요일,전라북도 익산시 어양동,경상사고,0,0,5,0,차대차 - 추돌,안전운전불이행,건조,맑음,교차로 - 교차로부근,특수,남,46세,상해없음,승용,남,38세,경상
2021080300100113,2021년 8월 3일 10시,화요일,전라북도 익산시 신흥동,경상사고,0,0,1,0,차대차 - 측면충돌,기타,건조,맑음,단일로 - 기타,기타불명,기타불명,미분류,기타불명,승용,남,69세,상해없음
2021080300100243,2021년 8월 3일 14시,화요일,전라북도 전주시 완산구 효자동2가,경상사고,0,0,1,0,차대차 - 측면충돌,신호위반,건조,맑음,교차로 - 교차로안,승용,남,75세,상해없음,승용,남,56세,경상
2021080300100315,2021년 8월 3일 16시,화요일,전라북도 순창군 쌍치면,중상사고,0,1,0,0,차대사람 - 횡단중,안전운전불이행,건조,맑음,단일로 - 기타,승용,여,55세,상해없음,보행자,남,88세,중상
2021080300100347,2021년 8월 3일 17시,화요일,전라북도 익산시 부송동,경상사고,0,0,2,0,차대차 - 추돌,안전운전불이행,건조,맑음,교차로 - 교차로부근,화물,남,65세,상해없음,승용,남,34세,경상
2021080300100348,2021년 8월 3일 17시,화요일,전라북도 익산시 어양동,경상사고,0,0,1,0,차대차 - 측면충돌,안전운전불이행,건조,맑음,교차로 - 교차로부근,승용,남,70세,상해없음,승용,남,44세,상해없음
2021080300100391,2021년 8월 3일 18시,화요일,전라북도 익산시 영등동,경상사고,0,0,4,0,차대차 - 추돌,안전운전불이행,건조,맑음,단일로 - 기타,승용,남,48세,상해없음,승용,남,39세,경상
2021080300100451,2021년 8월 3일 20시,화요일,전라북도 정읍시 농소동,중상사고,0,1,0,0,차대사람 - 횡단중,안전운전불이행,건조,맑음,단일로 - 기타,승용,여,27세,상해없음,보행자,여,84세,중상
2021080300100497,2021년 8월 3일 22시,화요일,전라북도 정읍시 시기동,경상사고,0,0,3,0,차대차 - 기타,직진우회전진행방해,건조,맑음,교차로 - 교차로안,승용,남,20세,경상,승용,남,23세,경상
2021080400100003,2021년 8월 4일 00시,수요일,전라북도 전주시 덕진구 인후동1가,경상사고,0,0,1,0,차대차 - 측면충돌,직진우회전진행방해,건조,흐림,교차로 - 교차로안,승용,남,51세,상해없음,승용,남,35세,경상
2021080400100011,2021년 8월 4일 01시,수요일,전라북도 군산시 월명동,경상사고,0,0,1,0,차대차 - 측면충돌,안전운전불이행,건조,맑음,교차로 - 교차로안,승용,남,44세,상해없음,승용,남,38세,경상
2021080400100025,2021년 8월 4일 05시,수요일,전라북도 익산시 목천동,경상사고,0,0,2,0,차대차 - 측면충돌,직진우회전진행방해,건조,맑음,교차로 - 교차로안,승용,여,62세,상해없음,승용,여,66세,경상
2021080400100032,2021년 8월 4일 06시,수요일,전라북도 전주시 완산구 서신동,중상사고,0,1,0,0,차대차 - 측면충돌,신호위반,건조,맑음,교차로 - 교차로안,승용,남,62세,상해없음,이륜,남,43세,중상
2021080400100033,2021년 8월 4일 06시,수요일,전라북도 전주시 완산구 평화동2가,경상사고,0,0,3,0,차대차 - 기타,신호위반,건조,맑음,교차로 - 교차로안,승용,여,52세,상해없음,승용,남,65세,경상
2021080400100034,2021년 8월 4일 06시,수요일,전라북도 남원시 송동면,중상사고,0,1,0,0,차대차 - 정면충돌,중앙선침범,젖음/습기,안개,단일로 - 기타,농기계,남,74세,중상,화물,남,72세,상해없음
2021080400100077,2021년 8월 4일 08시,수요일,전라북도 정읍시 송산동,경상사고,0,0,1,0,차대차 - 정면충돌,안전운전불이행,건조,맑음,단일로 - 기타,승용,여,25세,상해없음,자전거,여,80세,경상
2021080400100110,2021년 8월 4일 09시,수요일,전라북도 남원시 하정동,중상사고,0,1,0,0,차대사람 - 차도통행중,안전운전불이행,기타,맑음,단일로 - 기타,화물,여,55세,상해없음,보행자,여,79세,중상
2021080400100176,2021년 8월 4일 11시,수요일,전라북도 남원시 월락동,경상사고,0,0,1,0,차대차 - 측면충돌,신호위반,기타,맑음,교차로 - 교차로부근,승용,남,74세,상해없음,화물,남,41세,경상
2021080400100245,2021년 8월 4일 13시,수요일,전라북도 전주시 완산구 평화동2가,경상사고,0,0,1,0,차대차 - 추돌,안전운전불이행,건조,맑음,단일로 - 기타,승용,여,47세,상해없음,승용,여,31세,경상
2021080400100323,2021년 8월 4일 15시,수요일,전라북도 전주시 덕진구 진북동,경상사고,0,0,1,0,차대차 - 측면충돌,안전운전불이행,건조,맑음,교차로 - 교차로안,승용,여,62세,상해없음,승용,남,60세,경상
2021080400100324,2021년 8월 4일 15시,수요일,전라북도 익산시 어양동,중상사고,0,1,0,0,차대사람 - 횡단중,안전운전불이행,건조,맑음,단일로 - 기타,승용,남,61세,상해없음,보행자,남,13세,중상
2021080400100357,2021년 8월 4일 16시,수요일,전라북도 전주시 완산구 동서학동,중상사고,0,1,3,0,차대차 - 측면충돌,안전운전불이행,건조,맑음,교차로 - 교차로안,승용,남,29세,상해없음,승용,남,40세,경상
2021080400100358,2021년 8월 4일 16시,수요일,전라북도 군산시 경암동,경상사고,0,0,1,0,차대사람 - 횡단중,보행자보호의무위반,건조,맑음,교차로 - 교차로안,승용,남,75세,상해없음,보행자,여,68세,경상
2021080400100405,2021년 8월 4일 17시,수요일,전라북도 전주시 완산구 효자동3가,경상사고,0,0,1,0,차대차 - 측면충돌,신호위반,건조,맑음,교차로 - 교차로횡단보도내,이륜,남,26세,상해없음,자전거,남,19세,경상
2021080400100406,2021년 8월 4일 17시,수요일,전라북도 전주시 덕진구 금암동,중상사고,0,1,0,0,차대차 - 측면충돌,신호위반,건조,맑음,교차로 - 교차로안,승용,여,34세,상해없음,이륜,남,42세,중상
2021080400100407,2021년 8월 4일 17시,수요일,전라북도 익산시 영등동,경상사고,0,0,1,0,차대사람 - 기타,안전운전불이행,건조,맑음,기타 - 기타,승용,여,53세,상해없음,보행자,남,63세,경상
2021080400100528,2021년 8월 4일 20시,수요일,전라북도 군산시 성산면,경상사고,0,0,2,0,차대차 - 추돌,안전거리미확보,기타,맑음,단일로 - 기타,승용,여,67세,경상,승용,여,27세,경상
2021080400100545,2021년 8월 4일 21시,수요일,전라북도 전주시 덕진구 반월동,중상사고,0,1,0,0,차대사람 - 횡단중,신호위반,건조,흐림,단일로 - 기타,이륜,남,15세,기타불명,보행자,여,59세,중상
2021080400100597,2021년 8월 4일 23시,수요일,전라북도 익산시 황등면,사망사고,1,0,0,0,차량단독 - 도로외이탈 - 추락,안전운전불이행,건조,맑음,단일로 - 기타,이륜,남,46세,사망,,,,
2021080500100017,2021년 8월 5일 02시,목요일,전라북도 군산시 소룡동,경상사고,0,0,5,0,차대차 - 측면충돌,불법유턴,건조,맑음,단일로 - 기타,승용,남,21세,상해없음,승용,남,65세,경상
2021080500100084,2021년 8월 5일 08시,목요일,전라북도 전주시 완산구 삼천동1가,경상사고,0,0,2,0,차대차 - 기타,신호위반,건조,맑음,교차로 - 교차로안,승용,남,60세,상해없음,승용,남,48세,경상
2021080500100085,2021년 8월 5일 08시,목요일,전라북도 김제시 요촌동,경상사고,0,0,3,0,차대차 - 측면충돌,신호위반,건조,맑음,교차로 - 교차로안,승용,남,72세,상해없음,승합,남,68세,경상
2021080500100118,2021년 8월 5일 09시,목요일,전라북도 군산시 서수면,중상사고,0,1,0,0,차대차 - 기타,신호위반,건조,맑음,교차로 - 교차로안,승합,남,59세,상해없음,승용,남,55세,중상
2021080500100143,2021년 8월 5일 10시,목요일,전라북도 전주시 완산구 중화산동2가,경상사고,0,0,1,0,차대차 - 기타,안전거리미확보,건조,맑음,교차로 - 교차로안,승용,남,62세,상해없음,승용,여,48세,경상
2021080500100144,2021년 8월 5일 10시,목요일,전라북도 김제시 광활면,경상사고,0,0,5,0,차대차 - 측면충돌,신호위반,건조,맑음,교차로 - 교차로안,화물,남,79세,상해없음,화물,남,44세,경상
2021080500100193,2021년 8월 5일 11시,목요일,전라북도 무주군 안성면,경상사고,0,0,1,0,차대차 - 후진중충돌,안전운전불이행,건조,맑음,단일로 - 지하차도(도로)내,승용,남,64세,상해없음,승용,여,64세,경상
2021080500100265,2021년 8월 5일 13시,목요일,전라북도 전주시 완산구 효자동2가,중상사고,0,1,0,0,차대사람 - 기타,안전운전불이행,건조,맑음,교차로 - 교차로부근,승용,남,48세,상해없음,보행자,여,82세,중상
2021080500100266,2021년 8월 5일 13시,목요일,전라북도 군산시 신풍동,중상사고,0,1,0,0,차대사람 - 기타,보행자보호의무위반,건조,맑음,교차로 - 교차로횡단보도내,승용,남,59세,상해없음,보행자,여,76세,중상
2021080500100303,2021년 8월 5일 14시,목요일,전라북도 전주시 완산구 평화동2가,중상사고,0,1,0,0,차대차 - 기타,신호위반,건조,맑음,교차로 - 교차로안,승용,남,26세,상해없음,승용,여,65세,중상
2021080500100304,2021년 8월 5일 14시,목요일,전라북도 전주시 덕진구 송천동1가,경상사고,0,0,1,0,차대사람 - 횡단중,기타,건조,맑음,교차로 - 교차로부근,승용,남,63세,상해없음,보행자,남,7세,경상
2021080500100335,2021년 8월 5일 15시,목요일,전라북도 군산시 나운동,경상사고,0,0,1,0,차대차 - 측면충돌,안전운전불이행,건조,맑음,교차로 - 교차로안,승용,여,56세,상해없음,승용,여,61세,경상
2021080500100369,2021년 8월 5일 16시,목요일,전라북도 전주시 완산구 효자동3가,경상사고,0,0,1,0,차대차 - 기타,안전거리미확보,건조,맑음,교차로 - 교차로안,승용,여,57세,상해없음,승용,남,56세,경상
2021080500100370,2021년 8월 5일 16시,목요일,전라북도 전주시 덕진구 반월동,중상사고,0,1,0,0,차대사람 - 차도통행중,안전운전불이행,건조,맑음,단일로 - 기타,승용,여,61세,상해없음,보행자,남,17세,중상
2021080500100507,2021년 8월 5일 19시,목요일,전라북도 무주군 적상면,중상사고,0,1,1,0,차대차 - 측면충돌,안전거리미확보,건조,맑음,단일로 - 지하차도(도로)내,승용,남,60세,상해없음,승용,남,57세,중상
2021080500100573,2021년 8월 5일 21시,목요일,전라북도 전주시 완산구 삼천동1가,경상사고,0,0,1,0,차대차 - 측면충돌,안전운전불이행,건조,맑음,단일로 - 기타,승용,여,46세,상해없음,승용,남,53세,경상
2021080600100081,2021년 8월 6일 08시,금요일,전라북도 전주시 완산구 평화동1가,경상사고,0,0,1,0,차대차 - 정면충돌,안전운전불이행,건조,맑음,교차로 - 교차로부근,화물,남,56세,상해없음,자전거,남,23세,경상
2021080600100082,2021년 8월 6일 08시,금요일,전라북도 남원시 죽항동,경상사고,0,0,1,0,차대차 - 측면충돌,직진우회전진행방해,건조,맑음,교차로 - 교차로안,승용,남,54세,상해없음,승용,남,68세,경상
2021080600100123,2021년 8월 6일 09시,금요일,전라북도 전주시 완산구 효자동3가,경상사고,0,0,1,0,차대차 - 측면충돌,직진우회전진행방해,건조,맑음,교차로 - 교차로횡단보도내,승용,남,75세,상해없음,승용,여,51세,경상
2021080600100150,2021년 8월 6일 10시,금요일,전라북도 군산시 조촌동,경상사고,0,0,1,0,차대차 - 측면충돌,안전운전불이행,건조,맑음,교차로 - 교차로안,승용,여,61세,상해없음,자전거,남,16세,경상
2021080600100151,2021년 8월 6일 10시,금요일,전라북도 임실군 오수면,중상사고,0,1,0,0,차대차 - 추돌,중앙선침범,건조,맑음,단일로 - 기타,화물,남,59세,상해없음,이륜,남,78세,중상
2021080600100173,2021년 8월 6일 11시,금요일,전라북도 전주시 완산구 남노송동,경상사고,0,0,1,0,차대차 - 추돌,안전운전불이행,건조,맑음,단일로 - 기타,이륜,남,26세,상해없음,승용,여,64세,경상
2021080600100209,2021년 8월 6일 12시,금요일,전라북도 군산시 신창동,경상사고,0,0,1,0,차대차 - 측면충돌,안전운전불이행,건조,맑음,기타 - 기타,승용,남,66세,상해없음,이륜,남,45세,경상
2021080600100210,2021년 8월 6일 12시,금요일,전라북도 정읍시 수성동,경상사고,0,0,2,0,차대차 - 측면충돌,직진우회전진행방해,건조,맑음,교차로 - 교차로안,승용,남,20세,상해없음,승용,남,24세,경상
2021080600100250,2021년 8월 6일 13시,금요일,전라북도 남원시 왕정동,경상사고,0,0,2,0,차대차 - 기타,안전운전불이행,건조,맑음,단일로 - 기타,이륜,남,80세,경상,승용,남,31세,경상
2021080600100287,2021년 8월 6일 14시,금요일,전라북도 군산시 해망동,경상사고,0,0,1,0,차대차 - 추돌,안전운전불이행,건조,맑음,미분류 - 미분류,승용,남,56세,상해없음,승용,남,53세,경상
2021080600100335,2021년 8월 6일 15시,금요일,전라북도 전주시 완산구 효자동3가,중상사고,0,1,5,0,차대차 - 정면충돌,신호위반,건조,맑음,교차로 - 교차로안,화물,남,41세,상해없음,승용,남,49세,경상
2021080600100379,2021년 8월 6일 16시,금요일,전라북도 군산시 옥서면,경상사고,0,0,1,0,차대차 - 측면충돌,안전운전불이행,건조,맑음,단일로 - 기타,승용,남,69세,상해없음,화물,남,59세,경상
2021080600100427,2021년 8월 6일 17시,금요일,전라북도 전주시 덕진구 인후동2가,경상사고,0,0,1,0,차대사람 - 길가장자리구역통행중,안전운전불이행,건조,맑음,교차로 - 교차로부근,화물,남,71세,상해없음,보행자,여,59세,경상
2021080600100428,2021년 8월 6일 17시,금요일,전라북도 전주시 덕진구 송천동2가,중상사고,0,1,0,0,차대사람 - 횡단중,신호위반,건조,맑음,단일로 - 기타,이륜,남,63세,상해없음,보행자,남,68세,중상
2021080600100429,2021년 8월 6일 17시,금요일,전라북도 익산시 영등동,경상사고,0,0,2,0,차대차 - 측면충돌,안전운전불이행,건조,맑음,교차로 - 교차로부근,승용,남,50세,상해없음,승용,남,23세,경상
2021080600100430,2021년 8월 6일 17시,금요일,전라북도 장수군 장계면,중상사고,0,1,0,0,차량단독 - 전도전복 - 전도,안전운전불이행,젖음/습기,비,단일로 - 기타,원동기,남,66세,중상,,,,
2021080600100478,2021년 8월 6일 18시,금요일,전라북도 전주시 덕진구 덕진동1가,경상사고,0,0,1,0,차대차 - 추돌,안전운전불이행,건조,맑음,교차로 - 교차로부근,승용,남,44세,상해없음,승합,남,62세,경상
2021080600100479,2021년 8월 6일 18시,금요일,전라북도 무주군 무주읍,경상사고,0,0,1,0,차대차 - 측면충돌,안전운전불이행,젖음/습기,비,단일로 - 지하차도(도로)내,승용,남,61세,상해없음,승용,남,47세,경상
2021080600100522,2021년 8월 6일 19시,금요일,전라북도 남원시 주천면,경상사고,0,0,3,0,차대차 - 측면충돌,안전운전불이행,건조,맑음,단일로 - 기타,화물,남,74세,경상,승용,남,56세,경상
2021080600100557,2021년 8월 6일 20시,금요일,전라북도 군산시 나운동,경상사고,0,0,1,0,차대사람 - 횡단중,안전운전불이행,건조,맑음,교차로 - 교차로안,승용,남,34세,상해없음,보행자,여,59세,경상
2021080600100558,2021년 8월 6일 20시,금요일,전라북도 고창군 고창읍,중상사고,0,1,0,0,차대차 - 측면충돌,직진우회전진행방해,건조,맑음,교차로 - 교차로안,이륜,남,73세,상해없음,이륜,남,42세,중상
2021080600100612,2021년 8월 6일 22시,금요일,전라북도 완주군 상관면,사망사고,2,6,7,0,차대차 - 추돌,기타,건조,맑음,단일로 - 교량,승용,남,29세,중상,승용,여,50세,중상
2021080700100024,2021년 8월 7일 03시,토요일,전라북도 김제시 검산동,경상사고,0,0,1,0,차대차 - 측면충돌,직진우회전진행방해,건조,맑음,교차로 - 교차로안,승용,남,30세,상해없음,승용,남,25세,경상
2021080700100037,2021년 8월 7일 06시,토요일,전라북도 남원시 송동면,중상사고,0,1,0,0,차대차 - 측면충돌,신호위반,건조,맑음,교차로 - 교차로안,자전거,여,83세,중상,화물,여,48세,상해없음
2021080700100046,2021년 8월 7일 07시,토요일,전라북도 군산시 미원동,중상사고,0,2,0,0,차대사람 - 횡단중,안전운전불이행,건조,맑음,단일로 - 기타,화물,남,62세,상해없음,보행자,남,91세,중상
2021080700100156,2021년 8월 7일 11시,토요일,전라북도 정읍시 농소동,중상사고,0,2,0,0,차대사람 - 기타,안전운전불이행,건조,맑음,단일로 - 지하차도(도로)내,화물,여,46세,상해없음,보행자,남,77세,중상
2021080700100157,2021년 8월 7일 11시,토요일,전라북도 정읍시 연지동,경상사고,0,0,2,0,차대차 - 기타,직진우회전진행방해,건조,맑음,교차로 - 교차로안,승용,남,33세,상해없음,승용,남,68세,경상
2021080700100195,2021년 8월 7일 12시,토요일,전라북도 군산시 조촌동,경상사고,0,0,1,0,차대차 - 측면충돌,신호위반,건조,맑음,교차로 - 교차로안,화물,남,63세,상해없음,승용,여,23세,경상
2021080700100299,2021년 8월 7일 15시,토요일,전라북도 전주시 덕진구 금상동,경상사고,0,0,2,0,차대차 - 측면충돌,안전운전불이행,건조,맑음,교차로 - 교차로안,승용,남,54세,상해없음,화물,남,55세,경상
2021080700100328,2021년 8월 7일 16시,토요일,전라북도 군산시 수송동,중상사고,0,1,0,0,차대차 - 측면충돌,안전운전불이행,건조,맑음,교차로 - 교차로안,승용,남,65세,상해없음,자전거,남,70세,중상
2021080700100330,2021년 8월 7일 16시,토요일,전라북도 부안군 변산면,경상사고,0,0,3,0,차대차 - 측면충돌,중앙선침범,건조,맑음,단일로 - 지하차도(도로)내,승용,여,31세,상해없음,승용,남,52세,경상
2021080700100409,2021년 8월 7일 18시,토요일,전라북도 익산시 평화동,중상사고,0,1,0,0,차대차 - 측면충돌,신호위반,건조,맑음,교차로 - 교차로안,이륜,남,20세,중상,승용,남,37세,상해없음
2021080700100410,2021년 8월 7일 18시,토요일,전라북도 남원시 산내면,경상사고,0,0,1,0,차대차 - 기타,중앙선침범,건조,맑음,단일로 - 기타,승용,남,38세,상해없음,승용,남,39세,경상
2021080700100440,2021년 8월 7일 19시,토요일,전라북도 군산시 나운동,경상사고,0,0,1,0,차대차 - 기타,안전운전불이행,건조,맑음,교차로 - 교차로안,승용,여,26세,상해없음,이륜,남,50세,경상
2021080700100535,2021년 8월 7일 22시,토요일,전라북도 김제시 청하면,경상사고,0,0,3,0,차대차 - 추돌,안전운전불이행,건조,맑음,단일로 - 기타,화물,남,40세,상해없음,화물,남,65세,경상
2021080800100012,2021년 8월 8일 00시,일요일,전라북도 남원시 금동,부상신고사고,0,0,0,1,차대사람 - 길가장자리구역통행중,안전운전불이행,건조,맑음,단일로 - 기타,기타불명,기타불명,미분류,기타불명,보행자,남,49세,부상신고
2021080800100131,2021년 8월 8일 12시,일요일,전라북도 군산시 오식도동,경상사고,0,0,1,0,차대차 - 추돌,안전운전불이행,건조,맑음,교차로 - 교차로부근,승용,남,38세,상해없음,승용,남,55세,경상
2021080800100207,2021년 8월 8일 15시,일요일,전라북도 전주시 덕진구 우아동3가,경상사고,0,0,5,0,차대차 - 측면충돌,신호위반,건조,맑음,교차로 - 교차로안,승용,남,74세,상해없음,승용,남,72세,경상
2021080800100208,2021년 8월 8일 15시,일요일,전라북도 김제시 검산동,경상사고,0,0,1,0,차대차 - 측면충돌,신호위반,건조,맑음,단일로 - 기타,승용,남,21세,상해없음,승용,남,30세,경상
2021080800100269,2021년 8월 8일 17시,일요일,전라북도 전주시 완산구 서신동,경상사고,0,0,1,0,차대차 - 추돌,안전운전불이행,건조,맑음,교차로 - 교차로부근,승용,남,64세,상해없음,승용,여,52세,경상
2021080800100297,2021년 8월 8일 18시,일요일,전라북도 남원시 향교동,중상사고,0,1,0,0,차대차 - 측면충돌,안전운전불이행,건조,맑음,교차로 - 교차로안,화물,남,78세,상해없음,이륜,남,80세,중상