사고번호,사고일시,요일,시군구,사고내용,사망자수,중상자수,경상자수,부상신고자수,사고유형,법규위반,노면상태,기상상태,도로형태,가해운전자 차종,가해운전자 성별,가해운전자 연령,가해운전자 상해정도,피해운전자 차종,피해운전자 성별,피해운전자 연령,피해운전자 상해정도
2021090700100199,2021년 9월 7일 11시,화요일,전라북도 전주시 완산구 효자동3가,경상사고,0,0,2,0,차대차 - 정면충돌,신호위반,건조,맑음,교차로 - 교차로안,승용,남,54세,상해없음,승용,남,43세,경상
2021090700100230,2021년 9월 7일 12시,화요일,전라북도 김제시 봉남면,사망사고,1,0,0,0,차대사람 - 기타,안전운전불이행,건조,맑음,단일로 - 기타,화물,남,64세,상해없음,보행자,남,80세,사망
2021090700100231,2021년 9월 7일 12시,화요일,전라북도 남원시 보절면,중상사고,0,1,0,0,차대차 - 측면충돌,안전운전불이행,젖음/습기,흐림,교차로 - 교차로안,승용,남,61세,상해없음,이륜,남,80세,중상
2021090700100259,2021년 9월 7일 13시,화요일,전라북도 익산시 남중동,경상사고,0,0,1,0,차대사람 - 횡단중,안전운전불이행,건조,맑음,교차로 - 교차로부근,승용,남,48세,상해없음,보행자,남,8세,경상
2021090700100325,2021년 9월 7일 15시,화요일,전라북도 전주시 덕진구 진북동,중상사고,0,1,0,0,차대차 - 기타,직진우회전진행방해,젖음/습기,비,교차로 - 교차로안,승용,여,39세,상해없음,이륜,남,56세,중상
2021090700100326,2021년 9월 7일 15시,화요일,전라북도 익산시 주현동,경상사고,0,0,1,0,차대차 - 측면충돌,기타,건조,맑음,단일로 - 기타,승용,남,62세,상해없음,승용,여,49세,경상
2021090700100358,2021년 9월 7일 16시,화요일,전라북도 군산시 서흥남동,경상사고,0,0,1,0,차대사람 - 기타,안전운전불이행,건조,맑음,기타 - 기타,화물,남,57세,상해없음,보행자,남,47세,경상
2021090700100359,2021년 9월 7일 16시,화요일,전라북도 정읍시 연지동,경상사고,0,0,1,0,차대사람 - 횡단중,안전운전불이행,건조,맑음,단일로 - 기타,이륜,남,47세,상해없음,보행자,남,10세,경상
2021090700100385,2021년 9월 7일 17시,화요일,전라북도 전주시 덕진구 송천동1가,경상사고,0,0,1,0,차대차 - 추돌,신호위반,젖음/습기,흐림,교차로 - 교차로횡단보도내,승용,남,53세,상해없음,자전거,남,11세,경상
2021090700100386,2021년 9월 7일 17시,화요일,전라북도 정읍시 상동,중상사고,0,1,0,0,차대사람 - 보도통행중,안전운전불이행,젖음/습기,흐림,교차로 - 교차로안,승용,여,30세,상해없음,보행자,여,81세,중상
2021090700100424,2021년 9월 7일 18시,화요일,전라북도 전주시 덕진구 송천동2가,중상사고,0,1,0,0,차대차 - 측면충돌,신호위반,젖음/습기,흐림,교차로 - 교차로안,승용,여,59세,상해없음,이륜,남,33세,중상
2021090700100505,2021년 9월 7일 20시,화요일,전라북도 군산시 나운동,중상사고,0,1,0,0,차대사람 - 횡단중,안전운전불이행,젖음/습기,흐림,교차로 - 교차로안,화물,여,58세,상해없음,보행자,여,60세,중상
2021090700100538,2021년 9월 7일 21시,화요일,전라북도 전주시 완산구 효자동1가,경상사고,0,0,2,0,차대차 - 기타,안전거리미확보,건조,맑음,교차로 - 교차로안,승용,남,67세,상해없음,승용,남,24세,경상
2021090700100539,2021년 9월 7일 21시,화요일,전라북도 군산시 수송동,경상사고,0,0,2,0,차대차 - 추돌,안전운전불이행,젖음/습기,비,교차로 - 교차로부근,화물,남,63세,상해없음,승용,남,24세,경상
2021090700100540,2021년 9월 7일 21시,화요일,전라북도 김제시 요촌동,경상사고,0,0,1,0,차대사람 - 차도통행중,안전운전불이행,건조,맑음,교차로 - 교차로안,화물,남,51세,상해없음,보행자,남,39세,경상
2021090800100006,2021년 9월 8일 00시,수요일,전라북도 전주시 덕진구 덕진동2가,경상사고,0,0,2,0,차대차 - 측면충돌,안전운전불이행,젖음/습기,흐림,교차로 - 교차로안,승용,남,56세,상해없음,승용,남,66세,경상
2021090800100007,2021년 9월 8일 00시,수요일,전라북도 전주시 덕진구 만성동,중상사고,0,1,2,0,차대차 - 측면충돌,신호위반,젖음/습기,비,교차로 - 교차로안,승용,남,63세,상해없음,승용,남,66세,중상
2021090800100008,2021년 9월 8일 00시,수요일,전라북도 군산시 미룡동,중상사고,0,2,0,0,차대차 - 측면충돌,중앙선침범,젖음/습기,비,단일로 - 기타,승용,여,56세,상해없음,승용,남,24세,중상
2021090800100059,2021년 9월 8일 07시,수요일,전라북도 전주시 덕진구 호성동1가,경상사고,0,0,1,0,차대차 - 추돌,안전운전불이행,건조,흐림,단일로 - 기타,승용,남,28세,상해없음,승용,여,50세,경상
2021090800100060,2021년 9월 8일 07시,수요일,전라북도 익산시 남중동,중상사고,0,1,0,0,차대차 - 측면충돌,신호위반,건조,맑음,교차로 - 교차로안,승용,남,55세,상해없음,승용,여,57세,중상
2021090800100103,2021년 9월 8일 08시,수요일,전라북도 익산시 송학동,중상사고,0,1,0,0,차대사람 - 횡단중,안전운전불이행,건조,맑음,교차로 - 교차로부근,승합,남,59세,상해없음,보행자,남,85세,중상
2021090800100104,2021년 9월 8일 08시,수요일,전라북도 남원시 쌍교동,경상사고,0,0,2,0,차대차 - 측면충돌,직진우회전진행방해,젖음/습기,비,교차로 - 교차로안,화물,남,61세,상해없음,승용,여,48세,경상
2021090800100105,2021년 9월 8일 08시,수요일,전라북도 진안군 진안읍,경상사고,0,0,2,0,차대차 - 추돌,안전거리미확보,젖음/습기,맑음,단일로 - 기타,승용,여,31세,상해없음,승용,남,26세,경상
2021090800100140,2021년 9월 8일 09시,수요일,전라북도 전주시 덕진구 송천동2가,경상사고,0,0,1,0,차대차 - 정면충돌,안전운전불이행,건조,맑음,기타 - 기타,이륜,남,56세,상해없음,승합,남,40세,경상
2021090800100141,2021년 9월 8일 09시,수요일,전라북도 정읍시 신월동,중상사고,0,1,1,0,차대차 - 측면충돌,신호위반,건조,맑음,교차로 - 교차로안,승용,여,42세,상해없음,화물,남,64세,중상
2021090800100142,2021년 9월 8일 09시,수요일,전라북도 남원시 조산동,중상사고,0,1,1,0,차대차 - 측면충돌,직진우회전진행방해,건조,맑음,교차로 - 교차로안,승용,여,40세,상해없음,승용,여,45세,중상
2021090800100143,2021년 9월 8일 09시,수요일,전라북도 임실군 임실읍,중상사고,0,1,0,0,차대차 - 추돌,교차로운행방법위반,건조,맑음,교차로 - 교차로안,화물,남,40세,상해없음,이륜,남,84세,중상
2021090800100177,2021년 9월 8일 10시,수요일,전라북도 익산시 삼기면,경상사고,0,0,2,0,차대차 - 측면충돌,안전운전불이행,건조,맑음,단일로 - 기타,특수,남,50세,상해없음,이륜,남,84세,경상
2021090800100212,2021년 9월 8일 11시,수요일,전라북도 익산시 신동,경상사고,0,0,3,0,차대차 - 측면충돌,안전운전불이행,건조,맑음,단일로 - 기타,승합,남,51세,경상,승용,남,50세,경상
2021090800100322,2021년 9월 8일 14시,수요일,전라북도 전주시 덕진구 금암동,경상사고,0,0,2,0,차대차 - 추돌,안전운전불이행,건조,맑음,교차로 - 교차로부근,승용,여,55세,상해없음,승용,남,65세,경상
2021090800100323,2021년 9월 8일 14시,수요일,전라북도 군산시 성산면,경상사고,0,0,2,0,차대차 - 측면충돌,직진우회전진행방해,건조,맑음,교차로 - 교차로안,승용,남,60세,상해없음,이륜,남,77세,경상
2021090800100361,2021년 9월 8일 15시,수요일,전라북도 전주시 완산구 효자동3가,경상사고,0,0,2,0,차대차 - 기타,안전운전불이행,건조,맑음,교차로 - 교차로안,승용,여,36세,경상,승용,남,41세,경상
2021090800100362,2021년 9월 8일 15시,수요일,전라북도 전주시 완산구 서노송동,경상사고,0,0,2,0,차대차 - 기타,안전운전불이행,건조,맑음,교차로 - 교차로부근,승용,남,69세,상해없음,화물,남,22세,경상
2021090800100363,2021년 9월 8일 15시,수요일,전라북도 익산시 중앙동3가,경상사고,0,0,2,0,차대차 - 측면충돌,신호위반,건조,맑음,단일로 - 기타,화물,남,41세,상해없음,화물,남,22세,경상
2021090800100364,2021년 9월 8일 15시,수요일,전라북도 남원시 사매면,중상사고,0,1,0,0,차대차 - 측면충돌,차로위반,건조,맑음,단일로 - 기타,자전거,남,68세,중상,승용,여,67세,상해없음
2021090800100410,2021년 9월 8일 16시,수요일,전라북도 임실군 운암면,중상사고,0,1,0,0,차대차 - 추돌,교차로운행방법위반,건조,맑음,교차로 - 교차로안,승용,여,54세,상해없음,이륜,남,82세,중상
2021090800100465,2021년 9월 8일 17시,수요일,전라북도 전주시 완산구 중화산동2가,경상사고,0,0,4,0,차대차 - 기타,안전운전불이행,건조,맑음,단일로 - 기타,승용,남,53세,경상,승용,여,40세,경상
2021090800100466,2021년 9월 8일 17시,수요일,전라북도 전주시 덕진구 우아동2가,경상사고,0,0,2,0,차대차 - 측면충돌,안전운전불이행,건조,맑음,교차로 - 교차로안,승용,남,69세,상해없음,승용,남,55세,경상
2021090800100552,2021년 9월 8일 19시,수요일,전라북도 전주시 완산구 석구동,경상사고,0,0,1,0,차대차 - 추돌,안전운전불이행,건조,맑음,단일로 - 기타,승용,남,57세,상해없음,승용,여,60세,경상
2021090800100553,2021년 9월 8일 19시,수요일,전라북도 전주시 덕진구 덕진동1가,경상사고,0,0,2,0,차대차 - 측면충돌,안전운전불이행,건조,맑음,교차로 - 교차로부근,승용,남,47세,상해없음,승용,남,51세,경상
2021090800100554,2021년 9월 8일 19시,수요일,전라북도 전주시 덕진구 인후동2가,중상사고,0,1,0,0,차대차 - 추돌,안전운전불이행,건조,맑음,단일로 - 기타,승용,남,72세,상해없음,이륜,남,29세,중상
2021090800100590,2021년 9월 8일 20시,수요일,전라북도 군산시 소룡동,중상사고,0,1,0,0,차대차 - 측면충돌,신호위반,건조,맑음,교차로 - 교차로안,승용,남,65세,상해없음,이륜,남,32세,중상
2021090900100053,2021년 9월 9일 07시,목요일,전라북도 군산시 소룡동,부상신고사고,0,0,0,1,차대사람 - 기타,안전운전불이행,건조,맑음,기타 - 기타,승용,여,48세,기타불명,보행자,여,54세,부상신고
2021090900100093,2021년 9월 9일 08시,목요일,전라북도 김제시 요촌동,중상사고,0,1,0,0,차대차 - 측면충돌,직진우회전진행방해,건조,맑음,교차로 - 교차로안,승용,남,82세,상해없음,승용,여,35세,중상
2021090900100094,2021년 9월 9일 08시,목요일,전라북도 김제시 공덕면,경상사고,0,0,2,0,차대차 - 정면충돌,중앙선침범,건조,맑음,교차로 - 교차로안,승용,여,50세,상해없음,승합,남,56세,경상
2021090900100095,2021년 9월 9일 08시,목요일,전라북도 순창군 순창읍,경상사고,0,0,1,0,차대차 - 정면충돌,중앙선침범,건조,맑음,교차로 - 교차로부근,승용,여,44세,상해없음,승용,남,49세,경상
2021090900100158,2021년 9월 9일 10시,목요일,전라북도 군산시 산북동,경상사고,0,0,2,0,차대차 - 측면충돌,직진우회전진행방해,건조,맑음,교차로 - 교차로안,승용,남,21세,상해없음,승용,남,49세,경상
2021090900100159,2021년 9월 9일 10시,목요일,전라북도 부안군 백산면,중상사고,0,1,1,0,차량단독 - 공작물충돌,기타,건조,맑음,교차로 - 교차로안,승합,남,56세,중상,,,,
2021090900100228,2021년 9월 9일 12시,목요일,전라북도 전주시 덕진구 팔복동2가,경상사고,0,0,1,0,차대차 - 추돌,안전운전불이행,건조,맑음,교차로 - 교차로안,승용,남,64세,상해없음,승용,여,55세,경상
2021090900100301,2021년 9월 9일 14시,목요일,전라북도 군산시 지곡동,경상사고,0,0,1,0,차대사람 - 기타,보행자보호의무위반,건조,맑음,교차로 - 교차로안,승용,여,49세,상해없음,보행자,여,9세,경상
2021090900100342,2021년 9월 9일 15시,목요일,전라북도 김제시 백구면,경상사고,0,0,1,0,차대차 - 측면충돌,안전거리미확보,건조,맑음,단일로 - 기타,특수,남,50세,상해없음,승용,남,61세,경상
2021090900100411,2021년 9월 9일 17시,목요일,전라북도 남원시 아영면,중상사고,0,1,0,0,차량단독 - 도로외이탈 - 추락,안전운전불이행,기타,맑음,단일로 - 기타,승용,여,49세,상해없음,,,,
2021090900100455,2021년 9월 9일 18시,목요일,전라북도 전주시 덕진구 송천동2가,경상사고,0,0,1,0,차대차 - 정면충돌,안전운전불이행,건조,맑음,단일로 - 기타,승용,남,27세,상해없음,승용,남,62세,경상
2021090900100526,2021년 9월 9일 20시,목요일,전라북도 고창군 고창읍,중상사고,0,1,1,0,차대차 - 측면충돌,교차로운행방법위반,기타,맑음,교차로 - 교차로안,승용,여,30세,경상,승용,여,52세,중상
2021090900100572,2021년 9월 9일 22시,목요일,전라북도 군산시 수송동,경상사고,0,0,3,0,차대사람 - 차도통행중,안전운전불이행,건조,맑음,교차로 - 교차로부근,승용,남,26세,상해없음,보행자,남,26세,경상
2021091000100090,2021년 9월 10일 08시,금요일,전라북도 전주시 완산구 평화동2가,중상사고,0,1,0,0,차대사람 - 횡단중,보행자보호의무위반,건조,맑음,교차로 - 교차로횡단보도내,승용,남,47세,상해없음,보행자,남,7세,중상
2021091000100091,2021년 9월 10일 08시,금요일,전라북도 전주시 완산구 서서학동,중상사고,0,1,0,0,차대차 - 측면충돌,신호위반,건조,맑음,교차로 - 교차로횡단보도내,이륜,남,61세,상해없음,자전거,남,72세,중상
2021091000100092,2021년 9월 10일 08시,금요일,전라북도 남원시 인월면,경상사고,0,0,1,0,차대차 - 측면충돌,안전운전불이행,건조,맑음,교차로 - 교차로안,승용,여,24세,상해없음,이륜,여,36세,경상
2021091000100093,2021년 9월 10일 08시,금요일,전라북도 부안군 부안읍,중상사고,0,1,0,0,차대차 - 추돌,안전운전불이행,건조,맑음,교차로 - 교차로안,승용,남,34세,상해없음,승용,여,48세,중상
2021091000100196,2021년 9월 10일 11시,금요일,전라북도 군산시 오식도동,중상사고,0,1,1,0,차대차 - 측면충돌,안전운전불이행,건조,맑음,교차로 - 교차로안,승용,남,23세,경상,화물,남,56세,중상
2021091000100231,2021년 9월 10일 12시,금요일,전라북도 전주시 완산구 중노송동,경상사고,0,0,1,0,차대사람 - 횡단중,중앙선침범,건조,맑음,단일로 - 기타,화물,여,60세,상해없음,보행자,여,56세,경상
2021091000100367,2021년 9월 10일 16시,금요일,전라북도 전주시 완산구 효자동1가,경상사고,0,0,2,0,차대차 - 기타,안전운전불이행,건조,맑음,교차로 - 교차로안,승용,여,28세,상해없음,승용,남,76세,경상
2021091000100421,2021년 9월 10일 17시,금요일,전라북도 군산시 옥산면,중상사고,0,1,1,0,차대차 - 측면충돌,안전운전불이행,건조,맑음,교차로 - 교차로안,화물,여,61세,경상,이륜,남,57세,중상
2021091000100478,2021년 9월 10일 18시,금요일,전라북도 전주시 덕진구 송천동2가,경상사고,0,0,1,0,차대차 - 측면충돌,신호위반,건조,맑음,교차로 - 교차로안,승용,여,57세,상해없음,승용,여,41세,경상
2021091000100479,2021년 9월 10일 18시,금요일,전라북도 전주시 덕진구 송천동1가,중상사고,0,1,0,0,차대사람 - 기타,안전운전불이행,건조,맑음,단일로 - 기타,승용,여,43세,상해없음,보행자,남,79세,중상
2021091000100480,2021년 9월 10일 18시,금요일,전라북도 군산시 오식도동,경상사고,0,0,3,0,차대차 - 측면충돌,신호위반,건조,맑음,교차로 - 교차로부근,승용,남,28세,경상,이륜,남,49세,경상
2021091000100566,2021년 9월 10일 20시,금요일,전라북도 전주시 완산구 효자동1가,경상사고,0,0,2,0,차대차 - 측면충돌,신호위반,건조,맑음,교차로 - 교차로안,승용,남,47세,상해없음,승용,남,48세,경상
2021091000100636,2021년 9월 10일 22시,금요일,전라북도 익산시 동산동,경상사고,0,0,1,0,차대사람 - 차도통행중,안전운전불이행,건조,맑음,단일로 - 기타,승용,여,62세,상해없음,보행자,남,57세,경상
2021091100100046,2021년 9월 11일 06시,토요일,전라북도 전주시 덕진구 진북동,중상사고,0,1,0,0,차대차 - 측면충돌,신호위반,건조,맑음,교차로 - 교차로안,승용,남,38세,상해없음,승용,남,50세,중상
2021091100100062,2021년 9월 11일 07시,토요일,전라북도 김제시 요촌동,중상사고,0,1,0,0,차대사람 - 횡단중,보행자보호의무위반,건조,맑음,교차로 - 교차로부근,승용,남,40세,상해없음,보행자,여,74세,중상
2021091100100082,2021년 9월 11일 08시,토요일,전라북도 순창군 순창읍,경상사고,0,0,1,0,차대차 - 측면충돌,신호위반,건조,맑음,교차로 - 교차로안,승용,남,48세,상해없음,자전거,여,53세,경상
2021091100100105,2021년 9월 11일 09시,토요일,전라북도 전주시 완산구 동서학동,중상사고,0,1,0,0,차대차 - 측면충돌,불법유턴,건조,맑음,교차로 - 교차로안,자전거,남,76세,중상,화물,남,70세,상해없음
2021091100100137,2021년 9월 11일 10시,토요일,전라북도 전주시 완산구 효자동3가,경상사고,0,0,1,0,차대차 - 측면충돌,안전운전불이행,건조,맑음,단일로 - 기타,승용,여,81세,상해없음,승용,여,48세,기타불명
2021091100100138,2021년 9월 11일 10시,토요일,전라북도 남원시 월락동,경상사고,0,0,1,0,차대사람 - 기타,안전운전불이행,기타,맑음,교차로 - 교차로안,승용,여,48세,상해없음,보행자,남,57세,경상
2021091100100181,2021년 9월 11일 11시,토요일,전라북도 남원시 천거동,경상사고,0,0,2,0,차대차 - 기타,신호위반,기타,맑음,교차로 - 교차로안,승합,남,21세,상해없음,승용,남,71세,경상
2021091100100236,2021년 9월 11일 12시,토요일,전라북도 전주시 완산구 효자동3가,경상사고,0,0,1,0,차대차 - 추돌,안전운전불이행,건조,맑음,단일로 - 기타,승용,남,34세,상해없음,승용,남,34세,경상
2021091100100237,2021년 9월 11일 12시,토요일,전라북도 군산시 나운동,경상사고,0,0,2,0,차대차 - 측면충돌,안전운전불이행,건조,맑음,교차로 - 교차로부근,승용,남,65세,기타불명,승용,남,61세,경상
2021091100100297,2021년 9월 11일 13시,토요일,전라북도 전주시 완산구 삼천동1가,경상사고,0,0,1,0,차대차 - 추돌,안전거리미확보,건조,맑음,단일로 - 기타,승용,남,47세,상해없음,승용,남,54세,경상
2021091100100298,2021년 9월 11일 13시,토요일,전라북도 익산시 중앙동3가,중상사고,0,1,0,0,차대사람 - 기타,안전운전불이행,건조,맑음,교차로 - 교차로횡단보도내,승용,남,86세,상해없음,보행자,남,53세,중상
2021091100100299,2021년 9월 11일 13시,토요일,전라북도 부안군 변산면,경상사고,0,0,1,0,차량단독 - 전도전복 - 전복,안전운전불이행,건조,맑음,기타 - 기타,승용,남,59세,경상,,,,
2021091100100339,2021년 9월 11일 14시,토요일,전라북도 전주시 완산구 중화산동1가,중상사고,0,1,0,0,차대차 - 측면충돌,안전운전불이행,건조,맑음,교차로 - 교차로부근,승용,여,53세,상해없음,이륜,남,51세,중상
2021091100100340,2021년 9월 11일 14시,토요일,전라북도 전주시 덕진구 팔복동3가,경상사고,0,0,1,0,차대차 - 측면충돌,신호위반,건조,맑음,교차로 - 교차로안,승용,남,42세,상해없음,승용,남,35세,경상
2021091100100394,2021년 9월 11일 15시,토요일,전라북도 전주시 완산구 삼천동1가,경상사고,0,0,1,0,차대차 - 측면충돌,신호위반,건조,맑음,교차로 - 교차로안,승용,여,48세,상해없음,이륜,남,30세,경상
2021091100100395,2021년 9월 11일 15시,토요일,전라북도 남원시 왕정동,경상사고,0,0,1,0,차대차 - 기타,기타,기타,맑음,기타 - 기타,승용,여,59세,상해없음,승용,여,28세,경상
2021091100100477,2021년 9월 11일 17시,토요일,전라북도 군산시 수송동,중상사고,0,1,0,0,차대차 - 측면충돌,신호위반,건조,맑음,교차로 - 교차로안,승용,남,53세,상해없음,이륜,남,34세,중상
2021091100100478,2021년 9월 11일 17시,토요일,전라북도 군산시 미룡동,경상사고,0,0,2,0,차대차 - 추돌,안전운전불이행,건조,맑음,교차로 - 교차로부근,승용,남,51세,상해없음,승용,남,27세,경상
2021091100100479,2021년 9월 11일 17시,토요일,전라북도 정읍시 시기동,경상사고,0,0,1,0,차대차 - 기타,안전운전불이행,건조,맑음,교차로 - 교차로안,개인형이동수단(PM),여,13세,기타불명,승합,남,48세,상해없음
2021091100100480,2021년 9월 11일 17시,토요일,전라북도 남원시 사매면,경상사고,0,0,1,0,차대차 - 정면충돌,안전운전불이행,기타,맑음,단일로 - 기타,승용,남,27세,상해없음,승용,남,44세,경상
2021091100100481,2021년 9월 11일 17시,토요일,전라북도 남원시 노암동,경상사고,0,0,4,0,차대차 - 측면충돌,차로위반,기타,맑음,교차로 - 교차로안,승용,남,45세,경상,승용,남,25세,경상
2021091100100519,2021년 9월 11일 18시,토요일,전라북도 익산시 송학동,경상사고,0,0,1,0,차대차 - 측면충돌,중앙선침범,건조,맑음,교차로 - 교차로부근,승용,여,54세,상해없음,승용,여,41세,경상
2021091100100520,2021년 9월 11일 18시,토요일,전라북도 남원시 하정동,경상사고,0,0,1,0,차대차 - 측면충돌,안전운전불이행,건조,맑음,단일로 - 기타,화물,여,60세,상해없음,이륜,여,79세,경상
2021091100100565,2021년 9월 11일 19시,토요일,전라북도 전주시 완산구 서완산동1가,경상사고,0,0,1,0,차대차 - 추돌,안전운전불이행,건조,맑음,단일로 - 교량,승용,남,61세,상해없음,화물,여,48세,경상
2021091100100566,2021년 9월 11일 19시,토요일,전라북도 장수군 계북면,중상사고,0,1,0,0,차대차 - 기타,안전운전불이행,건조,맑음,단일로 - 기타,승용,여,27세,상해없음,화물,남,64세,중상
2021091100100676,2021년 9월 11일 22시,토요일,전라북도 전주시 완산구 상림동,경상사고,0,0,4,0,차대차 - 측면충돌,중앙선침범,건조,맑음,단일로 - 기타,승용,남,37세,상해없음,승용,여,35세,경상
2021091100100697,2021년 9월 11일 23시,토요일,전라북도 전주시 완산구 효자동3가,경상사고,0,0,1,0,차대사람 - 횡단중,안전운전불이행,건조,맑음,교차로 - 교차로부근,승용,남,58세,상해없음,보행자,여,25세,경상
2021091200100076,2021년 9월 12일 10시,일요일,전라북도 전주시 완산구 삼천동1가,중상사고,0,1,0,0,차대사람 - 차도통행중,신호위반,건조,맑음,교차로 - 교차로안,승용,남,77세,상해없음,보행자,여,79세,중상
2021091200100077,2021년 9월 12일 10시,일요일,전라북도 익산시 영등동,중상사고,0,1,0,0,차대사람 - 길가장자리구역통행중,안전운전불이행,건조,맑음,단일로 - 기타,승용,여,59세,상해없음,보행자,남,14세,중상
2021091200100110,2021년 9월 12일 12시,일요일,전라북도 군산시 월명동,중상사고,0,1,0,0,차대차 - 측면충돌,교차로운행방법위반,건조,맑음,교차로 - 교차로안,승용,남,62세,상해없음,자전거,여,30세,중상
2021091200100158,2021년 9월 12일 13시,일요일,전라북도 전주시 덕진구 금암동,경상사고,0,0,1,0,차대차 - 측면충돌,안전운전불이행,건조,맑음,단일로 - 기타,승용,남,61세,상해없음,승용,남,42세,경상
2021091200100159,2021년 9월 12일 13시,일요일,전라북도 순창군 순창읍,경상사고,0,0,1,0,차대차 - 측면충돌,불법유턴,건조,맑음,교차로 - 교차로안,이륜,남,28세,경상,승용,남,49세,상해없음
2021091200100195,2021년 9월 12일 14시,일요일,전라북도 군산시 조촌동,경상사고,0,0,4,0,차대차 - 정면충돌,중앙선침범,건조,맑음,단일로 - 기타,승용,여,62세,상해없음,승용,남,73세,경상
2021091200100230,2021년 9월 12일 15시,일요일,전라북도 정읍시 상동,경상사고,0,0,1,0,차대차 - 측면충돌,안전운전불이행,건조,맑음,단일로 - 기타,승용,남,51세,상해없음,개인형이동수단(PM),여,13세,경상
2021091200100231,2021년 9월 12일 15시,일요일,전라북도 김제시 흥사동,경상사고,0,0,1,0,차대사람 - 길가장자리구역통행중,안전운전불이행,건조,맑음,단일로 - 기타,승용,남,66세,상해없음,보행자,남,63세,경상
2021091200100259,2021년 9월 12일 16시,일요일,전라북도 순창군 순창읍,경상사고,0,0,3,0,차대차 - 측면충돌,안전운전불이행,건조,맑음,교차로 - 교차로안,승용,남,80세,경상,화물,남,77세,경상
2021091200100260,2021년 9월 12일 16시,일요일,전라북도 완주군 고산면,중상사고,0,1,0,0,차대차 - 기타,중앙선침범,건조,맑음,단일로 - 기타,승용,남,37세,상해없음,이륜,남,46세,중상
2021091200100305,2021년 9월 12일 17시,일요일,전라북도 익산시 영등동,경상사고,0,0,4,0,차대차 - 측면충돌,신호위반,건조,맑음,교차로 - 교차로부근,승용,남,42세,상해없음,승용,여,25세,경상
2021091200100306,2021년 9월 12일 17시,일요일,전라북도 김제시 백산면,사망사고,1,0,0,0,차량단독 - 공작물충돌,안전운전불이행,건조,맑음,교차로 - 교차로안,승용,남,33세,상해없음,,,,
2021091200100340,2021년 9월 12일 18시,일요일,전라북도 전주시 덕진구 인후동2가,경상사고,0,0,4,0,차대차 - 측면충돌,교차로운행방법위반,건조,맑음,교차로 - 교차로안,승용,남,66세,기타불명,승용,남,71세,경상
2021091200100341,2021년 9월 12일 18시,일요일,전라북도 군산시 미룡동,중상사고,0,2,1,0,차대차 - 측면충돌,안전운전불이행,건조,맑음,단일로 - 지하차도(도로)내,승용,남,58세,상해없음,승합,남,53세,중상
2021091200100376,2021년 9월 12일 19시,일요일,전라북도 전주시 완산구 서신동,중상사고,0,1,0,0,차대차 - 정면충돌,신호위반,건조,맑음,교차로 - 교차로안,승용,여,51세,상해없음,이륜,남,48세,중상
2021091200100377,2021년 9월 12일 19시,일요일,전라북도 전주시 완산구 전동,중상사고,0,1,2,0,차량단독 - 공작물충돌,안전운전불이행,건조,맑음,단일로 - 기타,승용,남,64세,상해없음,,,,
2021091200100378,2021년 9월 12일 19시,일요일,전라북도 전주시 완산구 전동,경상사고,0,0,2,0,차량단독 - 공작물충돌,안전운전불이행,건조,맑음,단일로 - 기타,화물,남,72세,상해없음,,,,
2021091200100458,2021년 9월 12일 23시,일요일,전라북도 전주시 완산구 동완산동,경상사고,0,0,5,0,차대차 - 측면충돌,안전운전불이행,건조,맑음,교차로 - 교차로부근,승용,여,40세,상해없음,승용,남,40세,경상
2021091300100056,2021년 9월 13일 07시,월요일,전라북도 익산시 함라면,중상사고,0,1,0,0,차대차 - 측면충돌,중앙선침범,건조,맑음,교차로 - 교차로부근,화물,남,72세,상해없음,승용,남,79세,중상
2021091300100057,2021년 9월 13일 07시,월요일,전라북도 익산시 왕궁면,경상사고,0,0,1,0,차대차 - 추돌,안전운전불이행,건조,맑음,교차로 - 교차로부근,승용,남,26세,기타불명,승용,남,48세,경상
2021091300100058,2021년 9월 13일 07시,월요일,전라북도 진안군 진안읍,경상사고,0,0,1,0,차대차 - 추돌,안전운전불이행,건조,맑음,교차로 - 교차로안,화물,여,22세,상해없음,승용,남,46세,경상
2021091300100206,2021년 9월 13일 11시,월요일,전라북도 익산시 오산면,경상사고,0,0,1,0,차대차 - 측면충돌,기타,건조,맑음,교차로 - 교차로안,승용,여,64세,상해없음,원동기,남,39세,경상
2021091300100293,2021년 9월 13일 13시,월요일,전라북도 전주시 완산구 전동,중상사고,0,2,3,0,차량단독 - 기타,안전거리미확보,건조,맑음,단일로 - 기타,승합,남,48세,상해없음,,,,
2021091300100294,2021년 9월 13일 13시,월요일,전라북도 전주시 덕진구 송천동2가,중상사고,0,1,0,0,차대차 - 측면충돌,안전운전불이행,건조,맑음,교차로 - 교차로안,승용,여,69세,상해없음,이륜,남,19세,중상
2021091300100342,2021년 9월 13일 14시,월요일,전라북도 전주시 덕진구 금암동,경상사고,0,0,2,0,차대차 - 측면충돌,안전운전불이행,건조,맑음,교차로 - 교차로안,승용,남,41세,상해없음,승용,남,31세,경상