사고번호,사고일시,요일,시군구,사고내용,사망자수,중상자수,경상자수,부상신고자수,사고유형,법규위반,노면상태,기상상태,도로형태,가해운전자 차종,가해운전자 성별,가해운전자 연령,가해운전자 상해정도,피해운전자 차종,피해운전자 성별,피해운전자 연령,피해운전자 상해정도
2021091300100343,2021년 9월 13일 14시,월요일,전라북도 김제시 요촌동,경상사고,0,0,1,0,차대사람 - 기타,안전운전불이행,건조,맑음,단일로 - 기타,개인형이동수단(PM),여,69세,상해없음,보행자,여,79세,경상
2021091300100416,2021년 9월 13일 16시,월요일,전라북도 임실군 관촌면,경상사고,0,0,1,0,차량단독 - 공작물충돌,안전운전불이행,건조,맑음,교차로 - 교차로안,승합,남,57세,상해없음,,,,
2021091300100509,2021년 9월 13일 18시,월요일,전라북도 전주시 완산구 서신동,경상사고,0,0,1,0,차대사람 - 횡단중,보행자보호의무위반,건조,맑음,교차로 - 교차로횡단보도내,승용,남,34세,상해없음,보행자,여,74세,경상
2021091300100510,2021년 9월 13일 18시,월요일,전라북도 남원시 산곡동,중상사고,0,1,0,0,차대차 - 추돌,기타,건조,맑음,단일로 - 터널,승용,남,27세,상해없음,화물,남,52세,상해없음
2021091300100549,2021년 9월 13일 19시,월요일,전라북도 전주시 덕진구 중동,경상사고,0,0,1,0,차대차 - 측면충돌,안전운전불이행,건조,맑음,교차로 - 교차로횡단보도내,승용,남,30세,상해없음,자전거,남,13세,경상
2021091300100550,2021년 9월 13일 19시,월요일,전라북도 익산시 어양동,경상사고,0,0,1,0,차대차 - 추돌,안전운전불이행,건조,맑음,교차로 - 교차로부근,승용,여,57세,상해없음,승용,남,65세,경상
2021091300100551,2021년 9월 13일 19시,월요일,전라북도 고창군 고창읍,경상사고,0,0,1,0,차대차 - 기타,안전운전불이행,건조,맑음,기타 - 기타,승용,여,60세,상해없음,농기계,남,52세,경상
2021091300100591,2021년 9월 13일 20시,월요일,전라북도 전주시 덕진구 송천동2가,경상사고,0,0,2,0,차대차 - 정면충돌,중앙선침범,건조,맑음,교차로 - 교차로안,승용,남,23세,기타불명,승합,남,37세,경상
2021091300100617,2021년 9월 13일 21시,월요일,전라북도 전주시 완산구 효자동1가,중상사고,0,1,0,0,차대차 - 측면충돌,교차로운행방법위반,건조,맑음,단일로 - 기타,승용,여,45세,상해없음,이륜,남,21세,중상
2021091300100645,2021년 9월 13일 22시,월요일,전라북도 익산시 덕기동,중상사고,0,1,0,0,차대차 - 기타,안전거리미확보,건조,맑음,교차로 - 교차로부근,승용,남,59세,상해없음,승용,남,24세,중상
2021091300100667,2021년 9월 13일 23시,월요일,전라북도 군산시 나운동,부상신고사고,0,0,0,1,차대차 - 측면충돌,기타,기타,기타,교차로 - 교차로안,이륜,남,20세,부상신고,승용,남,54세,상해없음
2021091400100107,2021년 9월 14일 08시,화요일,전라북도 전주시 덕진구 인후동1가,경상사고,0,0,5,0,차대차 - 추돌,안전운전불이행,건조,맑음,교차로 - 교차로안,승용,남,39세,상해없음,승용,여,48세,경상
2021091400100154,2021년 9월 14일 09시,화요일,전라북도 임실군 오수면,사망사고,1,0,0,0,차대사람 - 기타,중앙선침범,건조,맑음,단일로 - 기타,승용,여,55세,상해없음,보행자,남,81세,사망
2021091400100233,2021년 9월 14일 11시,화요일,전라북도 남원시 향교동,중상사고,0,1,0,0,차대차 - 측면충돌,안전운전불이행,건조,맑음,교차로 - 교차로안,승용,여,23세,상해없음,자전거,여,62세,중상
2021091400100234,2021년 9월 14일 11시,화요일,전라북도 남원시 운봉읍,중상사고,0,1,0,0,차량단독 - 전도전복 - 전도,안전운전불이행,젖음/습기,비,단일로 - 기타,이륜,남,84세,중상,,,,
2021091400100235,2021년 9월 14일 11시,화요일,전라북도 임실군 관촌면,경상사고,0,0,1,0,차대사람 - 차도통행중,안전운전불이행,건조,맑음,단일로 - 기타,화물,남,48세,상해없음,보행자,여,79세,경상
2021091400100283,2021년 9월 14일 12시,화요일,전라북도 군산시 대명동,경상사고,0,0,1,0,차대사람 - 기타,안전운전불이행,건조,맑음,교차로 - 교차로부근,이륜,남,40세,상해없음,보행자,여,73세,경상
2021091400100284,2021년 9월 14일 12시,화요일,전라북도 군산시 신영동,경상사고,0,0,1,0,차대차 - 기타,안전운전불이행,건조,맑음,단일로 - 기타,승용,남,43세,상해없음,승용,남,48세,경상
2021091400100320,2021년 9월 14일 13시,화요일,전라북도 전주시 완산구 효자동3가,경상사고,0,0,1,0,차대차 - 측면충돌,안전운전불이행,건조,맑음,교차로 - 교차로안,승합,남,67세,상해없음,승용,남,29세,경상
2021091400100368,2021년 9월 14일 14시,화요일,전라북도 전주시 덕진구 장동,중상사고,0,1,0,0,차대차 - 측면충돌,신호위반,건조,맑음,교차로 - 교차로부근,승용,여,58세,상해없음,자전거,여,61세,중상
2021091400100409,2021년 9월 14일 15시,화요일,전라북도 전주시 덕진구 금암동,경상사고,0,0,1,0,차대차 - 측면충돌,직진우회전진행방해,건조,흐림,교차로 - 교차로안,승용,여,62세,상해없음,승용,남,67세,경상
2021091400100469,2021년 9월 14일 16시,화요일,전라북도 김제시 용지면,경상사고,0,0,1,0,차대차 - 측면충돌,신호위반,건조,맑음,교차로 - 교차로안,승용,남,64세,상해없음,승용,남,36세,경상
2021091400100513,2021년 9월 14일 17시,화요일,전라북도 전주시 덕진구 송천동2가,중상사고,0,1,0,0,차대차 - 측면충돌,신호위반,건조,맑음,교차로 - 교차로안,화물,남,60세,상해없음,개인형이동수단(PM),여,19세,중상
2021091400100514,2021년 9월 14일 17시,화요일,전라북도 전주시 덕진구 금암동,경상사고,0,0,1,0,차대차 - 측면충돌,안전거리미확보,건조,맑음,단일로 - 기타,승용,남,81세,상해없음,승용,남,54세,경상
2021091400100559,2021년 9월 14일 18시,화요일,전라북도 전주시 완산구 삼천동1가,경상사고,0,0,1,0,차대차 - 추돌,안전운전불이행,건조,맑음,교차로 - 교차로부근,승용,남,69세,상해없음,승용,남,44세,경상
2021091400100560,2021년 9월 14일 18시,화요일,전라북도 정읍시 상동,경상사고,0,0,1,0,차대차 - 기타,안전운전불이행,건조,맑음,교차로 - 교차로안,승용,남,63세,상해없음,이륜,남,63세,경상
2021091400100607,2021년 9월 14일 19시,화요일,전라북도 전주시 덕진구 덕진동2가,경상사고,0,0,1,0,차대차 - 추돌,안전운전불이행,건조,맑음,교차로 - 교차로부근,승용,여,48세,상해없음,승합,남,68세,경상
2021091400100608,2021년 9월 14일 19시,화요일,전라북도 남원시 노암동,중상사고,0,1,0,0,차대사람 - 차도통행중,안전운전불이행,기타,맑음,교차로 - 교차로안,승용,여,48세,상해없음,보행자,여,39세,중상
2021091400100653,2021년 9월 14일 20시,화요일,전라북도 전주시 완산구 서서학동,중상사고,0,2,0,0,차대차 - 측면충돌,신호위반,건조,맑음,교차로 - 교차로안,승용,남,73세,상해없음,승용,남,59세,중상
2021091400100654,2021년 9월 14일 20시,화요일,전라북도 익산시 송학동,중상사고,0,1,0,0,차대차 - 측면충돌,신호위반,건조,맑음,교차로 - 교차로안,화물,남,63세,상해없음,이륜,남,59세,중상
2021091400100689,2021년 9월 14일 21시,화요일,전라북도 군산시 조촌동,경상사고,0,0,3,0,차량단독 - 공작물충돌,안전운전불이행,건조,맑음,단일로 - 기타,승용,남,67세,상해없음,,,,
2021091500100028,2021년 9월 15일 05시,수요일,전라북도 전주시 완산구 경원동3가,중상사고,0,1,0,0,차대차 - 정면충돌,중앙선침범,건조,맑음,교차로 - 교차로횡단보도내,이륜,남,51세,상해없음,자전거,남,74세,중상
2021091500100064,2021년 9월 15일 07시,수요일,전라북도 전주시 덕진구 인후동2가,경상사고,0,0,1,0,차대차 - 측면충돌,신호위반,건조,맑음,교차로 - 교차로안,화물,남,82세,상해없음,승용,여,56세,경상
2021091500100065,2021년 9월 15일 07시,수요일,전라북도 익산시 함열읍,경상사고,0,0,3,0,차대차 - 측면충돌,직진우회전진행방해,건조,맑음,교차로 - 교차로안,화물,남,64세,상해없음,승합,남,66세,경상
2021091500100112,2021년 9월 15일 08시,수요일,전라북도 전주시 완산구 효자동3가,경상사고,0,0,2,0,차대차 - 측면충돌,안전거리미확보,건조,맑음,단일로 - 기타,승용,여,55세,상해없음,승용,여,51세,경상
2021091500100113,2021년 9월 15일 08시,수요일,전라북도 군산시 삼학동,경상사고,0,0,1,0,차대차 - 기타,교차로운행방법위반,건조,맑음,교차로 - 교차로부근,승용,여,59세,상해없음,자전거,남,56세,경상
2021091500100114,2021년 9월 15일 08시,수요일,전라북도 군산시 신관동,경상사고,0,0,2,0,차대차 - 추돌,안전운전불이행,건조,맑음,단일로 - 기타,승용,남,45세,경상,특수,남,53세,경상
2021091500100115,2021년 9월 15일 08시,수요일,전라북도 익산시 모현동2가,경상사고,0,0,3,0,차대차 - 측면충돌,안전운전불이행,건조,맑음,단일로 - 기타,승용,여,61세,상해없음,승용,남,49세,경상
2021091500100161,2021년 9월 15일 09시,수요일,전라북도 전주시 완산구 평화동1가,경상사고,0,0,1,0,차대사람 - 길가장자리구역통행중,안전운전불이행,건조,맑음,교차로 - 교차로안,승용,여,37세,상해없음,보행자,남,70세,경상
2021091500100162,2021년 9월 15일 09시,수요일,전라북도 군산시 해망동,경상사고,0,0,1,0,차대차 - 기타,안전거리미확보,건조,맑음,단일로 - 기타,화물,남,66세,상해없음,승용,남,67세,경상
2021091500100204,2021년 9월 15일 10시,수요일,전라북도 군산시 구암동,중상사고,0,1,0,0,차대차 - 기타,교차로운행방법위반,건조,맑음,교차로 - 교차로안,화물,남,37세,상해없음,자전거,남,74세,중상
2021091500100205,2021년 9월 15일 10시,수요일,전라북도 부안군 주산면,경상사고,0,0,1,0,차량단독 - 전도전복 - 전도,안전운전불이행,건조,맑음,단일로 - 지하차도(도로)내,이륜,남,62세,경상,,,,
2021091500100250,2021년 9월 15일 11시,수요일,전라북도 익산시 영등동,중상사고,0,1,0,0,차량단독 - 공작물충돌,안전운전불이행,건조,맑음,단일로 - 기타,이륜,남,71세,중상,,,,
2021091500100281,2021년 9월 15일 12시,수요일,전라북도 군산시 평화동,부상신고사고,0,0,0,1,차대차 - 기타,교차로운행방법위반,건조,맑음,교차로 - 교차로부근,승용,여,59세,상해없음,자전거,여,71세,부상신고
2021091500100316,2021년 9월 15일 13시,수요일,전라북도 전주시 덕진구 만성동,경상사고,0,0,1,0,차대차 - 추돌,안전운전불이행,건조,맑음,교차로 - 교차로부근,승용,남,60세,상해없음,승용,남,38세,경상
2021091500100317,2021년 9월 15일 13시,수요일,전라북도 익산시 영등동,경상사고,0,0,3,0,차대차 - 기타,안전거리미확보,건조,맑음,단일로 - 기타,승용,남,55세,상해없음,승용,여,45세,경상
2021091500100318,2021년 9월 15일 13시,수요일,전라북도 완주군 삼례읍,중상사고,0,1,0,0,차대차 - 측면충돌,중앙선침범,건조,맑음,단일로 - 기타,승용,남,34세,상해없음,이륜,남,20세,중상
2021091500100363,2021년 9월 15일 14시,수요일,전라북도 전주시 덕진구 금암동,중상사고,0,1,0,0,차량단독 - 기타,안전운전불이행,건조,맑음,단일로 - 기타,승합,남,53세,상해없음,,,,
2021091500100364,2021년 9월 15일 14시,수요일,전라북도 부안군 부안읍,중상사고,0,1,0,0,차대차 - 측면충돌,안전운전불이행,건조,맑음,교차로 - 교차로안,화물,여,57세,상해없음,이륜,남,57세,중상
2021091500100463,2021년 9월 15일 16시,수요일,전라북도 익산시 평화동,경상사고,0,0,1,0,차대사람 - 기타,안전운전불이행,건조,맑음,단일로 - 기타,승용,남,45세,상해없음,보행자,여,17세,경상
2021091500100464,2021년 9월 15일 16시,수요일,전라북도 정읍시 구룡동,경상사고,0,0,1,0,차대차 - 측면충돌,교차로운행방법위반,건조,맑음,교차로 - 교차로안,승용,여,74세,기타불명,승용,여,36세,경상
2021091500100465,2021년 9월 15일 16시,수요일,전라북도 남원시 도통동,경상사고,0,0,2,0,차대차 - 기타,안전운전불이행,건조,맑음,단일로 - 기타,화물,남,30세,상해없음,승용,남,59세,상해없음
2021091500100584,2021년 9월 15일 18시,수요일,전라북도 익산시 왕궁면,중상사고,0,1,0,0,차대차 - 측면충돌,안전거리미확보,건조,맑음,단일로 - 기타,승용,남,56세,상해없음,승용,남,26세,중상
2021091500100634,2021년 9월 15일 19시,수요일,전라북도 전주시 덕진구 호성동1가,경상사고,0,0,2,0,차대차 - 측면충돌,신호위반,건조,맑음,교차로 - 교차로안,이륜,남,43세,경상,승용,여,42세,경상
2021091500100635,2021년 9월 15일 19시,수요일,전라북도 부안군 동진면,경상사고,0,0,4,0,차대차 - 측면충돌,안전운전불이행,건조,맑음,단일로 - 지하차도(도로)내,화물,남,65세,경상,화물,남,48세,상해없음
2021091500100676,2021년 9월 15일 20시,수요일,전라북도 전주시 완산구 서신동,중상사고,0,1,0,0,차대차 - 기타,신호위반,건조,맑음,교차로 - 교차로안,승용,남,24세,상해없음,이륜,남,25세,중상
2021091500100703,2021년 9월 15일 21시,수요일,전라북도 익산시 모현동1가,경상사고,0,0,1,0,차대차 - 측면충돌,신호위반,건조,맑음,교차로 - 교차로안,승용,여,66세,상해없음,승용,남,21세,경상
2021091600100013,2021년 9월 16일 03시,목요일,전라북도 전주시 완산구 중화산동2가,경상사고,0,0,1,0,차대차 - 기타,안전운전불이행,건조,맑음,교차로 - 교차로부근,개인형이동수단(PM),남,24세,상해없음,이륜,남,25세,경상
2021091600100104,2021년 9월 16일 08시,목요일,전라북도 정읍시 상동,경상사고,0,0,2,0,차대차 - 측면충돌,신호위반,건조,맑음,교차로 - 교차로안,승용,남,64세,상해없음,승용,남,42세,경상
2021091600100142,2021년 9월 16일 09시,목요일,전라북도 군산시 산북동,경상사고,0,0,1,0,차대차 - 추돌,안전운전불이행,건조,맑음,교차로 - 교차로안,화물,남,65세,상해없음,특수,남,19세,경상
2021091600100143,2021년 9월 16일 09시,목요일,전라북도 남원시 산동면,중상사고,0,1,0,0,차대사람 - 기타,안전운전불이행,건조,맑음,단일로 - 기타,화물,남,54세,상해없음,보행자,남,73세,중상
2021091600100206,2021년 9월 16일 11시,목요일,전라북도 전주시 덕진구 금암동,경상사고,0,0,2,0,차대차 - 측면충돌,안전운전불이행,건조,맑음,교차로 - 교차로안,승용,남,50세,상해없음,승용,여,42세,경상
2021091600100249,2021년 9월 16일 12시,목요일,전라북도 익산시 부송동,경상사고,0,0,1,0,차대사람 - 길가장자리구역통행중,안전운전불이행,건조,맑음,단일로 - 기타,승용,여,46세,기타불명,보행자,여,56세,경상
2021091600100387,2021년 9월 16일 15시,목요일,전라북도 전주시 완산구 효자동3가,경상사고,0,0,1,0,차대사람 - 보도통행중,안전운전불이행,건조,맑음,교차로 - 교차로부근,승용,남,55세,기타불명,보행자,여,22세,경상
2021091600100428,2021년 9월 16일 16시,목요일,전라북도 전주시 완산구 효자동3가,중상사고,0,1,0,0,차대사람 - 횡단중,보행자보호의무위반,건조,맑음,교차로 - 교차로횡단보도내,승용,남,74세,상해없음,보행자,여,57세,중상
2021091600100515,2021년 9월 16일 18시,목요일,전라북도 임실군 덕치면,경상사고,0,0,1,0,차대차 - 추돌,안전운전불이행,젖음/습기,비,단일로 - 지하차도(도로)내,승용,여,29세,상해없음,건설기계,남,64세,경상
2021091600100647,2021년 9월 16일 21시,목요일,전라북도 전주시 완산구 중노송동,중상사고,0,1,0,0,차대사람 - 횡단중,안전운전불이행,젖음/습기,비,단일로 - 기타,승용,남,50세,상해없음,보행자,여,82세,중상
2021091600100648,2021년 9월 16일 21시,목요일,전라북도 전주시 덕진구 덕진동1가,경상사고,0,0,1,0,차대차 - 기타,안전운전불이행,젖음/습기,비,교차로 - 교차로안,승용,남,57세,상해없음,자전거,남,49세,경상
2021091600100649,2021년 9월 16일 21시,목요일,전라북도 전주시 덕진구 인후동1가,경상사고,0,0,3,0,차대사람 - 횡단중,신호위반,젖음/습기,비,단일로 - 기타,이륜,남,40세,상해없음,보행자,여,17세,경상
2021091600100650,2021년 9월 16일 21시,목요일,전라북도 익산시 신동,중상사고,0,1,0,0,차대차 - 정면충돌,안전운전불이행,건조,맑음,교차로 - 교차로안,승합,여,48세,상해없음,이륜,남,22세,중상
2021091700100014,2021년 9월 17일 01시,금요일,전라북도 전주시 완산구 서신동,경상사고,0,0,2,0,차대차 - 정면충돌,신호위반,젖음/습기,비,교차로 - 교차로안,개인형이동수단(PM),남,18세,경상,승용,남,52세,상해없음
2021091700100039,2021년 9월 17일 05시,금요일,전라북도 익산시 망성면,경상사고,0,0,1,0,차대차 - 측면충돌,신호위반,젖음/습기,비,교차로 - 교차로안,승용,남,38세,경상,화물,남,53세,상해없음
2021091700100067,2021년 9월 17일 07시,금요일,전라북도 임실군 임실읍,중상사고,0,2,1,0,차대차 - 추돌,안전운전불이행,젖음/습기,비,단일로 - 지하차도(도로)내,화물,남,46세,상해없음,화물,남,70세,중상
2021091700100184,2021년 9월 17일 10시,금요일,전라북도 익산시 함열읍,중상사고,0,1,0,0,차대사람 - 기타,안전운전불이행,건조,맑음,교차로 - 교차로안,이륜,남,78세,상해없음,보행자,여,93세,중상
2021091700100226,2021년 9월 17일 11시,금요일,전라북도 익산시 영등동,중상사고,0,1,0,0,차대사람 - 횡단중,신호위반,건조,맑음,교차로 - 교차로안,승용,남,18세,상해없음,보행자,남,78세,중상
2021091700100227,2021년 9월 17일 11시,금요일,전라북도 정읍시 신태인읍,사망사고,1,0,0,0,차량단독 - 기타,안전운전불이행,젖음/습기,비,단일로 - 기타,화물,남,63세,사망,,,,
2021091700100281,2021년 9월 17일 12시,금요일,전라북도 정읍시 상동,경상사고,0,0,1,0,차대차 - 측면충돌,안전운전불이행,젖음/습기,비,교차로 - 교차로안,승용,여,41세,경상,승용,여,65세,상해없음
2021091700100381,2021년 9월 17일 14시,금요일,전라북도 군산시 산북동,경상사고,0,0,1,0,차대차 - 추돌,안전운전불이행,건조,맑음,교차로 - 교차로부근,승용,남,57세,상해없음,승용,남,41세,경상
2021091700100382,2021년 9월 17일 14시,금요일,전라북도 김제시 신풍동,경상사고,0,0,1,0,차대차 - 추돌,안전운전불이행,건조,맑음,교차로 - 교차로부근,승용,여,64세,상해없음,승용,남,56세,경상
2021091700100437,2021년 9월 17일 15시,금요일,전라북도 전주시 덕진구 진북동,경상사고,0,0,1,0,차대차 - 측면충돌,중앙선침범,건조,맑음,단일로 - 기타,승용,남,56세,상해없음,화물,남,48세,경상
2021091700100438,2021년 9월 17일 15시,금요일,전라북도 군산시 문화동,중상사고,0,1,1,0,차대사람 - 차도통행중,안전운전불이행,건조,맑음,단일로 - 지하차도(도로)내,승용,남,70세,상해없음,보행자,남,49세,경상
2021091700100439,2021년 9월 17일 15시,금요일,전라북도 부안군 부안읍,경상사고,0,0,1,0,차대사람 - 횡단중,신호위반,건조,맑음,교차로 - 교차로횡단보도내,승용,남,65세,상해없음,보행자,여,9세,경상
2021091700100494,2021년 9월 17일 16시,금요일,전라북도 전주시 덕진구 전미동2가,경상사고,0,0,3,0,차대차 - 측면충돌,안전거리미확보,건조,맑음,단일로 - 지하차도(도로)내,승용,남,70세,상해없음,승용,여,42세,경상
2021091700100556,2021년 9월 17일 17시,금요일,전라북도 전주시 완산구 서노송동,중상사고,0,1,0,0,차대사람 - 보도통행중,기타,건조,맑음,기타 - 기타,자전거,남,75세,상해없음,보행자,여,79세,중상
2021091700100557,2021년 9월 17일 17시,금요일,전라북도 전주시 덕진구 인후동1가,경상사고,0,0,1,0,차대차 - 추돌,안전운전불이행,건조,맑음,단일로 - 기타,이륜,남,61세,상해없음,승용,남,34세,상해없음
2021091700100618,2021년 9월 17일 18시,금요일,전라북도 군산시 나운동,부상신고사고,0,0,0,1,차대차 - 기타,기타,기타,기타,교차로 - 교차로안,기타불명,기타불명,미분류,기타불명,이륜,남,31세,부상신고
2021091700100619,2021년 9월 17일 18시,금요일,전라북도 군산시 삼학동,중상사고,0,1,0,0,차대차 - 측면충돌,직진우회전진행방해,건조,맑음,교차로 - 교차로안,승용,여,62세,상해없음,자전거,남,64세,중상
2021091700100671,2021년 9월 17일 19시,금요일,전라북도 군산시 소룡동,중상사고,0,1,0,0,차대사람 - 횡단중,보행자보호의무위반,건조,맑음,교차로 - 교차로횡단보도내,승용,여,26세,상해없음,보행자,남,64세,중상
2021091700100719,2021년 9월 17일 20시,금요일,전라북도 전주시 완산구 중노송동,경상사고,0,0,1,0,차대차 - 기타,신호위반,건조,맑음,교차로 - 교차로안,승용,남,62세,상해없음,승용,여,53세,경상
2021091700100720,2021년 9월 17일 20시,금요일,전라북도 전주시 덕진구 진북동,경상사고,0,0,1,0,차대차 - 기타,신호위반,건조,맑음,교차로 - 교차로안,기타불명,기타불명,미분류,기타불명,승합,남,49세,상해없음
2021091700100721,2021년 9월 17일 20시,금요일,전라북도 전주시 덕진구 송천동2가,경상사고,0,0,1,0,차대차 - 기타,안전운전불이행,건조,맑음,단일로 - 기타,승용,남,61세,상해없음,이륜,남,29세,경상
2021091700100722,2021년 9월 17일 20시,금요일,전라북도 정읍시 북면,중상사고,0,1,0,0,차대차 - 기타,안전운전불이행,건조,맑음,단일로 - 기타,화물,남,59세,상해없음,승용,남,46세,중상
2021091700100723,2021년 9월 17일 20시,금요일,전라북도 부안군 변산면,경상사고,0,0,2,0,차대차 - 측면충돌,직진우회전진행방해,건조,맑음,교차로 - 교차로안,승용,남,64세,경상,승용,여,28세,경상
2021091800100006,2021년 9월 18일 00시,토요일,전라북도 익산시 함열읍,경상사고,0,0,1,0,차대차 - 측면충돌,안전운전불이행,건조,맑음,단일로 - 기타,승용,남,56세,경상,화물,남,47세,상해없음
2021091800100027,2021년 9월 18일 04시,토요일,전라북도 장수군 계남면,사망사고,1,0,0,0,차대차 - 추돌,안전운전불이행,건조,맑음,단일로 - 기타,화물,남,43세,사망,화물,남,64세,상해없음
2021091800100150,2021년 9월 18일 10시,토요일,전라북도 전주시 완산구 효자동1가,중상사고,0,1,0,0,차대사람 - 횡단중,안전운전불이행,건조,맑음,교차로 - 교차로횡단보도내,승용,남,64세,상해없음,보행자,여,52세,중상
2021091800100151,2021년 9월 18일 10시,토요일,전라북도 전주시 덕진구 고랑동,경상사고,0,0,1,0,차대차 - 측면충돌,안전운전불이행,건조,맑음,단일로 - 기타,승용,남,33세,상해없음,이륜,남,77세,경상
2021091800100152,2021년 9월 18일 10시,토요일,전라북도 군산시 장재동,부상신고사고,0,0,0,1,차대차 - 추돌,안전운전불이행,건조,맑음,교차로 - 교차로부근,승용,남,48세,상해없음,승용,남,40세,부상신고
2021091800100153,2021년 9월 18일 10시,토요일,전라북도 부안군 부안읍,경상사고,0,0,1,0,차대차 - 측면충돌,안전운전불이행,건조,맑음,교차로 - 교차로안,승용,남,69세,상해없음,이륜,남,73세,경상
2021091800100212,2021년 9월 18일 11시,토요일,전라북도 익산시 왕궁면,중상사고,0,1,0,0,차대차 - 측면충돌,직진우회전진행방해,건조,맑음,교차로 - 교차로안,승용,남,58세,상해없음,이륜,남,81세,중상
2021091800100310,2021년 9월 18일 13시,토요일,전라북도 정읍시 수성동,경상사고,0,0,1,0,차대차 - 측면충돌,직진우회전진행방해,건조,맑음,교차로 - 교차로안,화물,남,62세,상해없음,이륜,남,17세,경상
2021091800100428,2021년 9월 18일 16시,토요일,전라북도 전주시 덕진구 송천동2가,경상사고,0,0,3,0,차대차 - 측면충돌,중앙선침범,건조,맑음,교차로 - 교차로안,승용,남,59세,상해없음,승용,남,46세,경상
2021091800100527,2021년 9월 18일 18시,토요일,전라북도 전주시 덕진구 팔복동2가,경상사고,0,0,1,0,차대차 - 측면충돌,기타,건조,맑음,교차로 - 교차로안,이륜,남,26세,상해없음,승용,여,40세,경상
2021091800100528,2021년 9월 18일 18시,토요일,전라북도 남원시 대강면,중상사고,0,2,0,0,차대차 - 측면충돌,직진우회전진행방해,건조,맑음,교차로 - 교차로안,승용,남,57세,상해없음,화물,남,67세,중상
2021091800100601,2021년 9월 18일 20시,토요일,전라북도 전주시 완산구 삼천동1가,경상사고,0,0,1,0,차대사람 - 기타,기타,건조,맑음,단일로 - 기타,승용,남,66세,상해없음,보행자,여,57세,경상
2021091800100602,2021년 9월 18일 20시,토요일,전라북도 군산시 나운동,부상신고사고,0,0,0,1,차대차 - 추돌,안전운전불이행,건조,맑음,교차로 - 교차로부근,승용,여,50세,부상신고,승용,남,49세,상해없음
2021091800100603,2021년 9월 18일 20시,토요일,전라북도 익산시 어양동,중상사고,0,1,0,0,차대차 - 측면충돌,안전운전불이행,건조,맑음,교차로 - 교차로부근,승용,여,56세,상해없음,이륜,남,35세,중상
2021091800100670,2021년 9월 18일 22시,토요일,전라북도 군산시 옥산면,부상신고사고,0,0,0,1,차대차 - 추돌,안전운전불이행,건조,맑음,단일로 - 기타,승용,남,25세,부상신고,화물,남,64세,상해없음
2021091800100692,2021년 9월 18일 23시,토요일,전라북도 전주시 완산구 경원동3가,중상사고,0,1,0,0,차대사람 - 횡단중,안전운전불이행,건조,맑음,기타 - 기타,승용,남,66세,상해없음,보행자,남,30세,중상
2021091800100693,2021년 9월 18일 23시,토요일,전라북도 전주시 완산구 평화동1가,경상사고,0,0,2,0,차대차 - 기타,안전운전불이행,건조,맑음,교차로 - 교차로부근,승용,남,48세,상해없음,이륜,남,35세,경상
2021091800100694,2021년 9월 18일 23시,토요일,전라북도 부안군 부안읍,경상사고,0,0,1,0,차대차 - 추돌,안전운전불이행,건조,맑음,교차로 - 교차로안,화물,남,62세,상해없음,승용,남,61세,경상
2021091900100038,2021년 9월 19일 06시,일요일,전라북도 부안군 백산면,중상사고,0,1,1,0,차대차 - 측면충돌,신호위반,건조,맑음,교차로 - 교차로안,승용,남,40세,경상,화물,남,60세,중상
2021091900100054,2021년 9월 19일 08시,일요일,전라북도 군산시 중동,경상사고,0,0,1,0,차대차 - 측면충돌,직진우회전진행방해,건조,맑음,교차로 - 교차로안,승용,남,69세,상해없음,자전거,여,55세,경상
2021091900100091,2021년 9월 19일 10시,일요일,전라북도 군산시 영화동,경상사고,0,0,1,0,차대차 - 측면충돌,불법유턴,건조,맑음,단일로 - 기타,이륜,남,80세,경상,승용,여,29세,상해없음
2021091900100092,2021년 9월 19일 10시,일요일,전라북도 익산시 금강동,경상사고,0,0,4,0,차대차 - 측면충돌,안전운전불이행,건조,맑음,교차로 - 교차로안,화물,남,38세,상해없음,승용,남,24세,경상
2021091900100093,2021년 9월 19일 10시,일요일,전라북도 정읍시 수성동,경상사고,0,0,1,0,차대차 - 측면충돌,직진우회전진행방해,건조,맑음,교차로 - 교차로부근,승용,남,55세,상해없음,승용,남,58세,상해없음
2021091900100121,2021년 9월 19일 11시,일요일,전라북도 전주시 완산구 중노송동,경상사고,0,0,2,0,차대사람 - 횡단중,보행자보호의무위반,건조,맑음,교차로 - 교차로안,승용,남,71세,상해없음,보행자,남,31세,경상
2021091900100150,2021년 9월 19일 12시,일요일,전라북도 정읍시 북면,경상사고,0,0,2,0,차대차 - 측면충돌,안전거리미확보,건조,맑음,단일로 - 기타,승용,여,67세,상해없음,승용,여,27세,경상
2021091900100174,2021년 9월 19일 13시,일요일,전라북도 남원시 월락동,중상사고,0,1,0,0,차대차 - 측면충돌,신호위반,기타,맑음,교차로 - 교차로안,승용,여,58세,상해없음,승용,여,36세,중상