사고번호,사고일시,요일,시군구,사고내용,사망자수,중상자수,경상자수,부상신고자수,사고유형,법규위반,노면상태,기상상태,도로형태,가해운전자 차종,가해운전자 성별,가해운전자 연령,가해운전자 상해정도,피해운전자 차종,피해운전자 성별,피해운전자 연령,피해운전자 상해정도
2021091900100210,2021년 9월 19일 14시,일요일,전라북도 익산시 주현동,경상사고,0,0,2,0,차대차 - 측면충돌,교차로운행방법위반,건조,맑음,교차로 - 교차로안,승용,남,78세,상해없음,승용,남,39세,경상
2021091900100211,2021년 9월 19일 14시,일요일,전라북도 익산시 어양동,경상사고,0,0,3,0,차대차 - 측면충돌,안전운전불이행,건조,맑음,단일로 - 기타,승용,여,35세,상해없음,승용,남,34세,경상
2021091900100242,2021년 9월 19일 15시,일요일,전라북도 전주시 완산구 평화동2가,경상사고,0,0,1,0,차대차 - 측면충돌,직진우회전진행방해,건조,맑음,교차로 - 교차로안,승용,남,44세,상해없음,개인형이동수단(PM),여,16세,상해없음
2021091900100243,2021년 9월 19일 15시,일요일,전라북도 전주시 완산구 서신동,경상사고,0,0,1,0,차대사람 - 횡단중,안전운전불이행,건조,맑음,단일로 - 기타,승용,여,41세,상해없음,보행자,남,14세,경상
2021091900100316,2021년 9월 19일 17시,일요일,전라북도 무주군 안성면,중상사고,0,1,0,0,차대사람 - 횡단중,안전운전불이행,건조,맑음,교차로 - 교차로부근,승합,남,67세,상해없음,보행자,남,85세,중상
2021091900100383,2021년 9월 19일 19시,일요일,전라북도 전주시 완산구 상림동,중상사고,0,1,0,0,차대사람 - 기타,안전운전불이행,건조,맑음,단일로 - 기타,승용,여,36세,상해없음,보행자,남,54세,중상
2021091900100384,2021년 9월 19일 19시,일요일,전라북도 정읍시 시기동,중상사고,0,1,0,0,차대차 - 측면충돌,중앙선침범,건조,맑음,교차로 - 교차로안,승용,남,55세,상해없음,이륜,남,22세,중상
2021091900100427,2021년 9월 19일 21시,일요일,전라북도 익산시 모현동1가,경상사고,0,0,1,0,차대차 - 추돌,안전운전불이행,건조,맑음,교차로 - 교차로안,승용,여,27세,상해없음,승용,여,30세,경상
2021092000100062,2021년 9월 20일 09시,월요일,전라북도 무주군 무주읍,경상사고,0,0,1,0,차대차 - 측면충돌,안전운전불이행,건조,맑음,단일로 - 지하차도(도로)내,화물,남,65세,상해없음,자전거,남,71세,경상
2021092000100089,2021년 9월 20일 10시,월요일,전라북도 전주시 덕진구 우아동3가,중상사고,0,1,0,0,차대차 - 측면충돌,교차로운행방법위반,건조,맑음,교차로 - 교차로안,승용,남,33세,상해없음,승용,남,49세,중상
2021092000100152,2021년 9월 20일 12시,월요일,전라북도 익산시 동산동,경상사고,0,0,2,0,차대차 - 측면충돌,안전운전불이행,건조,맑음,교차로 - 교차로안,화물,남,69세,상해없음,승용,남,42세,경상
2021092000100285,2021년 9월 20일 16시,월요일,전라북도 남원시 왕정동,경상사고,0,0,1,0,차대차 - 후진중충돌,안전운전불이행,건조,맑음,기타 - 기타,승용,남,23세,상해없음,승용,남,40세,경상
2021092000100373,2021년 9월 20일 19시,월요일,전라북도 군산시 옥산면,경상사고,0,0,2,0,차대차 - 측면충돌,신호위반,건조,흐림,교차로 - 교차로안,승용,남,62세,상해없음,승용,남,34세,경상
2021092000100374,2021년 9월 20일 19시,월요일,전라북도 익산시 어양동,경상사고,0,0,4,0,차대차 - 측면충돌,안전운전불이행,건조,맑음,교차로 - 교차로안,이륜,남,35세,상해없음,승용,남,48세,경상
2021092000100419,2021년 9월 20일 21시,월요일,전라북도 전주시 완산구 서신동,경상사고,0,0,1,0,차대차 - 추돌,안전거리미확보,건조,맑음,교차로 - 교차로부근,승용,남,18세,상해없음,승용,남,26세,경상
2021092000100440,2021년 9월 20일 22시,월요일,전라북도 익산시 부송동,중상사고,0,1,0,0,차대차 - 추돌,안전운전불이행,건조,맑음,교차로 - 교차로부근,이륜,여,19세,상해없음,승용,여,51세,상해없음
2021092100100119,2021년 9월 21일 13시,화요일,전라북도 무주군 적상면,중상사고,0,5,1,0,차대차 - 추돌,안전거리미확보,건조,맑음,단일로 - 터널,승용,여,28세,경상,승용,여,21세,상해없음
2021092100100148,2021년 9월 21일 14시,화요일,전라북도 군산시 나운동,경상사고,0,0,5,0,차대차 - 추돌,안전운전불이행,건조,맑음,교차로 - 교차로안,승용,남,46세,상해없음,승용,남,53세,경상
2021092100100208,2021년 9월 21일 16시,화요일,전라북도 군산시 대야면,중상사고,0,1,5,0,차대차 - 추돌,안전거리미확보,건조,맑음,단일로 - 기타,승용,남,44세,상해없음,승용,남,38세,경상
2021092100100305,2021년 9월 21일 20시,화요일,전라북도 익산시 영등동,중상사고,0,1,0,0,차대사람 - 횡단중,보행자보호의무위반,건조,맑음,단일로 - 기타,이륜,남,22세,상해없음,보행자,남,45세,중상
2021092100100306,2021년 9월 21일 20시,화요일,전라북도 완주군 봉동읍,부상신고사고,0,0,0,1,차대차 - 추돌,안전운전불이행,건조,맑음,단일로 - 기타,승용,남,67세,상해없음,승합,남,55세,기타불명
2021092100100327,2021년 9월 21일 21시,화요일,전라북도 군산시 소룡동,경상사고,0,0,1,0,차대사람 - 길가장자리구역통행중,안전운전불이행,건조,맑음,단일로 - 기타,승용,남,43세,상해없음,보행자,남,37세,경상
2021092200100010,2021년 9월 22일 00시,수요일,전라북도 남원시 향교동,경상사고,0,0,1,0,차대차 - 추돌,안전운전불이행,기타,맑음,단일로 - 기타,승용,여,41세,상해없음,승용,남,26세,경상
2021092200100020,2021년 9월 22일 01시,수요일,전라북도 정읍시 연지동,경상사고,0,0,4,0,차대차 - 측면충돌,신호위반,건조,맑음,교차로 - 교차로안,승용,남,21세,상해없음,승용,남,63세,경상
2021092200100048,2021년 9월 22일 07시,수요일,전라북도 장수군 장계면,중상사고,0,1,0,0,차대사람 - 길가장자리구역통행중,중앙선침범,건조,맑음,단일로 - 기타,농기계,남,70세,상해없음,보행자,여,69세,중상
2021092200100077,2021년 9월 22일 10시,수요일,전라북도 남원시 운봉읍,중상사고,0,1,0,0,차대차 - 정면충돌,중앙선침범,젖음/습기,비,단일로 - 기타,화물,남,54세,상해없음,화물,남,55세,중상
2021092200100118,2021년 9월 22일 12시,수요일,전라북도 익산시 여산면,중상사고,0,1,0,0,차대차 - 정면충돌,안전운전불이행,건조,맑음,단일로 - 기타,승용,여,38세,상해없음,이륜,남,68세,중상
2021092200100186,2021년 9월 22일 14시,수요일,전라북도 부안군 보안면,중상사고,0,1,0,0,차대차 - 측면충돌,중앙선침범,건조,맑음,단일로 - 기타,승용,남,64세,상해없음,이륜,남,46세,중상
2021092200100271,2021년 9월 22일 17시,수요일,전라북도 김제시 난봉동,경상사고,0,0,1,0,차대차 - 측면충돌,교차로운행방법위반,건조,맑음,교차로 - 교차로안,화물,여,60세,상해없음,이륜,남,71세,경상
2021092200100272,2021년 9월 22일 17시,수요일,전라북도 부안군 상서면,중상사고,0,1,2,0,차대차 - 측면충돌,교차로운행방법위반,건조,맑음,교차로 - 교차로안,화물,남,53세,경상,화물,남,54세,경상
2021092200100273,2021년 9월 22일 17시,수요일,전라북도 완주군 봉동읍,경상사고,0,0,1,0,차대사람 - 횡단중,보행자보호의무위반,건조,맑음,교차로 - 교차로안,승용,여,52세,상해없음,보행자,여,78세,경상
2021092200100323,2021년 9월 22일 19시,수요일,전라북도 전주시 덕진구 인후동1가,사망사고,1,0,0,0,차대차 - 측면충돌,중앙선침범,건조,맑음,단일로 - 기타,이륜,남,60세,사망,승용,여,43세,상해없음
2021092200100324,2021년 9월 22일 19시,수요일,전라북도 고창군 상하면,중상사고,0,1,0,0,차대차 - 추돌,안전운전불이행,건조,맑음,단일로 - 기타,승용,남,56세,상해없음,농기계,남,58세,중상
2021092200100402,2021년 9월 22일 22시,수요일,전라북도 전주시 완산구 효자동3가,경상사고,0,0,1,0,차대사람 - 횡단중,신호위반,건조,맑음,교차로 - 교차로횡단보도내,승용,남,42세,상해없음,보행자,남,37세,경상
2021092300100082,2021년 9월 23일 08시,목요일,전라북도 전주시 완산구 태평동,경상사고,0,0,3,0,차대차 - 추돌,안전운전불이행,건조,맑음,교차로 - 교차로안,승용,남,50세,상해없음,승용,남,70세,경상
2021092300100193,2021년 9월 23일 11시,목요일,전라북도 전주시 완산구 중화산동2가,중상사고,0,1,0,0,차대차 - 정면충돌,중앙선침범,건조,맑음,단일로 - 기타,승용,여,49세,상해없음,이륜,남,43세,중상
2021092300100194,2021년 9월 23일 11시,목요일,전라북도 전주시 완산구 평화동1가,경상사고,0,0,1,0,차량단독 - 기타,기타,건조,맑음,단일로 - 기타,승합,남,53세,상해없음,,,,
2021092300100195,2021년 9월 23일 11시,목요일,전라북도 군산시 옥도면,중상사고,0,1,1,0,차대차 - 정면충돌,중앙선침범,건조,맑음,기타 - 기타,화물,남,65세,기타불명,승용,남,53세,경상
2021092300100255,2021년 9월 23일 13시,목요일,전라북도 익산시 영등동,경상사고,0,0,1,0,차대사람 - 기타,안전운전불이행,건조,맑음,단일로 - 기타,화물,남,54세,상해없음,보행자,남,32세,경상
2021092300100256,2021년 9월 23일 13시,목요일,전라북도 익산시 삼기면,경상사고,0,0,2,0,차대차 - 측면충돌,안전운전불이행,건조,맑음,교차로 - 교차로안,승용,남,74세,상해없음,승용,여,28세,경상
2021092300100295,2021년 9월 23일 14시,목요일,전라북도 군산시 수송동,경상사고,0,0,1,0,차대차 - 측면충돌,안전운전불이행,건조,맑음,단일로 - 기타,이륜,여,40세,상해없음,승용,여,34세,경상
2021092300100296,2021년 9월 23일 14시,목요일,전라북도 익산시 영등동,중상사고,0,2,1,0,차대차 - 측면충돌,교차로운행방법위반,건조,맑음,교차로 - 교차로안,승용,여,60세,중상,승용,여,48세,경상
2021092300100421,2021년 9월 23일 17시,목요일,전라북도 전주시 완산구 서신동,경상사고,0,0,1,0,차대차 - 측면충돌,안전운전불이행,건조,맑음,교차로 - 교차로횡단보도내,승용,여,57세,상해없음,승용,남,70세,경상
2021092300100422,2021년 9월 23일 17시,목요일,전라북도 익산시 목천동,경상사고,0,0,1,0,차대차 - 측면충돌,안전운전불이행,건조,맑음,단일로 - 기타,화물,남,61세,상해없음,이륜,남,27세,경상
2021092300100460,2021년 9월 23일 18시,목요일,전라북도 군산시 나운동,경상사고,0,0,1,0,차대차 - 정면충돌,안전운전불이행,건조,맑음,교차로 - 교차로안,자전거,남,77세,경상,화물,남,53세,상해없음
2021092300100461,2021년 9월 23일 18시,목요일,전라북도 정읍시 상동,경상사고,0,0,1,0,차대사람 - 횡단중,보행자보호의무위반,건조,맑음,교차로 - 교차로횡단보도내,승용,여,51세,상해없음,보행자,여,13세,경상
2021092300100462,2021년 9월 23일 18시,목요일,전라북도 남원시 월락동,경상사고,0,0,1,0,차대차 - 기타,신호위반,건조,맑음,교차로 - 교차로안,화물,남,43세,상해없음,승용,여,55세,경상
2021092300100516,2021년 9월 23일 19시,목요일,전라북도 진안군 진안읍,경상사고,0,0,1,0,차대차 - 측면충돌,안전운전불이행,건조,맑음,단일로 - 기타,승용,남,72세,상해없음,농기계,남,66세,경상
2021092300100544,2021년 9월 23일 20시,목요일,전라북도 군산시 대명동,경상사고,0,0,1,0,차대차 - 측면충돌,중앙선침범,건조,맑음,교차로 - 교차로안,승용,남,52세,상해없음,승용,남,60세,경상
2021092300100545,2021년 9월 23일 20시,목요일,전라북도 고창군 고창읍,경상사고,0,0,1,0,차대사람 - 기타,기타,건조,맑음,단일로 - 기타,자전거,남,35세,상해없음,보행자,여,69세,경상
2021092300100559,2021년 9월 23일 21시,목요일,전라북도 전주시 덕진구 송천동1가,중상사고,0,1,0,0,차대차 - 측면충돌,직진우회전진행방해,건조,맑음,교차로 - 교차로안,화물,남,46세,상해없음,개인형이동수단(PM),남,73세,중상
2021092300100582,2021년 9월 23일 22시,목요일,전라북도 김제시 하동,중상사고,0,1,0,0,차대차 - 후진중충돌,안전운전불이행,건조,맑음,교차로 - 교차로부근,승용,남,39세,상해없음,승용,남,23세,중상
2021092300100604,2021년 9월 23일 23시,목요일,전라북도 군산시 문화동,부상신고사고,0,0,0,1,차대차 - 측면충돌,안전운전불이행,건조,맑음,교차로 - 교차로안,자전거,남,24세,부상신고,이륜,남,51세,상해없음
2021092400100049,2021년 9월 24일 07시,금요일,전라북도 전주시 덕진구 팔복동3가,경상사고,0,0,1,0,차대차 - 측면충돌,불법유턴,건조,맑음,단일로 - 기타,건설기계,남,70세,상해없음,이륜,남,52세,경상
2021092400100175,2021년 9월 24일 11시,금요일,전라북도 군산시 월명동,경상사고,0,0,1,0,차대차 - 기타,신호위반,건조,맑음,교차로 - 교차로안,승용,여,53세,상해없음,승용,남,65세,경상
2021092400100176,2021년 9월 24일 11시,금요일,전라북도 부안군 백산면,중상사고,0,1,0,0,차대차 - 측면충돌,안전운전불이행,건조,맑음,교차로 - 교차로안,승용,여,57세,상해없음,이륜,여,70세,중상
2021092400100241,2021년 9월 24일 13시,금요일,전라북도 전주시 완산구 서신동,중상사고,0,1,0,0,차대차 - 기타,안전운전불이행,건조,맑음,단일로 - 교량,승용,여,48세,상해없음,이륜,여,75세,중상
2021092400100242,2021년 9월 24일 13시,금요일,전라북도 전주시 덕진구 금암동,경상사고,0,0,1,0,차대차 - 측면충돌,신호위반,건조,맑음,교차로 - 교차로안,승용,남,35세,상해없음,승용,여,28세,경상
2021092400100243,2021년 9월 24일 13시,금요일,전라북도 익산시 동산동,경상사고,0,0,1,0,차대차 - 측면충돌,안전운전불이행,건조,맑음,교차로 - 교차로안,이륜,남,50세,경상,승용,여,44세,상해없음
2021092400100276,2021년 9월 24일 14시,금요일,전라북도 전주시 덕진구 송천동1가,경상사고,0,0,1,0,차대차 - 측면충돌,신호위반,건조,맑음,교차로 - 교차로안,승용,여,65세,상해없음,승용,남,32세,경상
2021092400100277,2021년 9월 24일 14시,금요일,전라북도 김제시 교동,경상사고,0,0,1,0,차대차 - 정면충돌,신호위반,건조,맑음,교차로 - 교차로안,승용,여,60세,상해없음,승용,남,79세,경상
2021092400100278,2021년 9월 24일 14시,금요일,전라북도 무주군 무주읍,경상사고,0,0,1,0,차대차 - 측면충돌,중앙선침범,건조,맑음,단일로 - 지하차도(도로)내,승용,여,71세,상해없음,화물,남,75세,경상
2021092400100317,2021년 9월 24일 15시,금요일,전라북도 군산시 경암동,경상사고,0,0,4,0,차대차 - 측면충돌,신호위반,건조,맑음,교차로 - 교차로안,승용,여,60세,상해없음,승용,남,52세,경상
2021092400100348,2021년 9월 24일 16시,금요일,전라북도 군산시 내초동,경상사고,0,0,2,0,차대차 - 기타,안전운전불이행,건조,맑음,교차로 - 교차로부근,화물,남,48세,상해없음,승합,남,68세,경상
2021092400100395,2021년 9월 24일 17시,금요일,전라북도 익산시 여산면,경상사고,0,0,1,0,차대차 - 측면충돌,신호위반,건조,맑음,교차로 - 교차로안,화물,남,58세,상해없음,승용,남,52세,경상
2021092400100439,2021년 9월 24일 18시,금요일,전라북도 김제시 백구면,경상사고,0,0,1,0,차대차 - 측면충돌,안전거리미확보,건조,맑음,단일로 - 교량,승용,여,38세,상해없음,승용,남,47세,경상
2021092400100485,2021년 9월 24일 19시,금요일,전라북도 전주시 완산구 서노송동,중상사고,0,1,0,0,차대사람 - 길가장자리구역통행중,안전운전불이행,건조,맑음,단일로 - 기타,승합,남,54세,상해없음,보행자,여,79세,중상
2021092400100541,2021년 9월 24일 21시,금요일,전라북도 군산시 옥도면,경상사고,0,0,1,0,차대차 - 추돌,안전운전불이행,건조,맑음,교차로 - 교차로안,승용,남,50세,기타불명,건설기계,남,37세,경상
2021092400100561,2021년 9월 24일 22시,금요일,전라북도 전주시 완산구 다가동3가,경상사고,0,0,1,0,차대사람 - 횡단중,안전운전불이행,건조,맑음,교차로 - 교차로횡단보도내,이륜,남,22세,상해없음,보행자,남,52세,경상
2021092400100578,2021년 9월 24일 23시,금요일,전라북도 군산시 소룡동,경상사고,0,0,2,0,차대차 - 측면충돌,안전운전불이행,건조,맑음,교차로 - 교차로부근,승용,여,47세,상해없음,승용,여,55세,경상
2021092500100052,2021년 9월 25일 08시,토요일,전라북도 남원시 죽항동,경상사고,0,0,1,0,차대차 - 측면충돌,신호위반,건조,맑음,교차로 - 교차로안,이륜,남,63세,상해없음,자전거,남,81세,경상
2021092500100154,2021년 9월 25일 12시,토요일,전라북도 장수군 천천면,중상사고,0,1,0,0,차대사람 - 길가장자리구역통행중,안전운전불이행,건조,맑음,단일로 - 기타,승용,여,68세,상해없음,보행자,여,80세,중상
2021092500100279,2021년 9월 25일 16시,토요일,전라북도 전주시 덕진구 여의동,중상사고,0,3,1,0,차대차 - 측면충돌,교차로운행방법위반,건조,맑음,교차로 - 교차로안,승용,여,31세,상해없음,승용,남,39세,중상
2021092500100281,2021년 9월 25일 16시,토요일,전라북도 김제시 광활면,중상사고,0,1,0,0,차대차 - 측면충돌,안전운전불이행,적설,맑음,교차로 - 교차로안,농기계,남,55세,상해없음,농기계,남,61세,중상
2021092500100312,2021년 9월 25일 17시,토요일,전라북도 부안군 변산면,사망사고,1,0,0,0,차량단독 - 공작물충돌,안전운전불이행,건조,맑음,단일로 - 기타,이륜,남,43세,사망,,,,
2021092500100347,2021년 9월 25일 18시,토요일,전라북도 전주시 덕진구 덕진동1가,경상사고,0,0,1,0,차대차 - 정면충돌,신호위반,건조,맑음,교차로 - 교차로안,승용,남,43세,상해없음,승용,여,21세,경상
2021092500100348,2021년 9월 25일 18시,토요일,전라북도 전주시 완산구 중노송동,경상사고,0,0,1,0,차대차 - 측면충돌,안전운전불이행,건조,맑음,교차로 - 교차로안,화물,남,41세,상해없음,자전거,남,61세,경상
2021092500100349,2021년 9월 25일 18시,토요일,전라북도 익산시 함열읍,사망사고,1,0,0,0,차대사람 - 횡단중,신호위반,건조,맑음,교차로 - 교차로안,승용,남,60세,상해없음,보행자,여,73세,사망
2021092500100407,2021년 9월 25일 20시,토요일,전라북도 전주시 덕진구 진북동,경상사고,0,0,1,0,차대차 - 측면충돌,안전운전불이행,건조,맑음,교차로 - 교차로부근,승용,여,50세,상해없음,이륜,남,48세,경상
2021092500100482,2021년 9월 25일 23시,토요일,전라북도 군산시 서수면,경상사고,0,0,3,0,차대차 - 측면충돌,신호위반,건조,맑음,교차로 - 교차로안,승용,여,19세,상해없음,승용,남,33세,경상
2021092600100079,2021년 9월 26일 10시,일요일,전라북도 전주시 완산구 삼천동1가,경상사고,0,0,1,0,차대차 - 기타,안전거리미확보,건조,맑음,단일로 - 기타,승용,남,36세,상해없음,승용,남,64세,경상
2021092600100098,2021년 9월 26일 11시,일요일,전라북도 군산시 옥서면,중상사고,0,1,0,0,차대차 - 측면충돌,안전운전불이행,건조,맑음,단일로 - 기타,자전거,남,65세,중상,화물,남,73세,상해없음
2021092600100099,2021년 9월 26일 11시,일요일,전라북도 군산시 나운동,경상사고,0,0,1,0,차대차 - 기타,안전운전불이행,건조,맑음,교차로 - 교차로안,승용,남,72세,상해없음,이륜,남,37세,경상
2021092600100100,2021년 9월 26일 11시,일요일,전라북도 김제시 백구면,경상사고,0,0,1,0,차대차 - 추돌,안전운전불이행,건조,맑음,단일로 - 기타,자전거,남,58세,상해없음,자전거,여,58세,경상
2021092600100215,2021년 9월 26일 15시,일요일,전라북도 익산시 용안면,사망사고,1,0,0,0,차대사람 - 기타,안전운전불이행,건조,맑음,교차로 - 교차로안,승용,남,77세,상해없음,보행자,남,39세,사망
2021092600100245,2021년 9월 26일 16시,일요일,전라북도 남원시 송동면,중상사고,0,1,1,0,차대차 - 측면충돌,안전운전불이행,건조,맑음,단일로 - 기타,이륜,남,40세,경상,화물,남,78세,중상
2021092600100305,2021년 9월 26일 18시,일요일,전라북도 군산시 사정동,중상사고,0,1,2,0,차대차 - 측면충돌,안전운전불이행,건조,맑음,단일로 - 기타,승용,남,70세,경상,승합,남,50세,경상
2021092600100306,2021년 9월 26일 18시,일요일,전라북도 군산시 사정동,경상사고,0,0,4,0,차대차 - 정면충돌,중앙선침범,건조,맑음,단일로 - 기타,승용,남,38세,경상,승합,남,40세,경상
2021092600100307,2021년 9월 26일 18시,일요일,전라북도 김제시 공덕면,중상사고,0,1,0,0,차대사람 - 차도통행중,안전운전불이행,건조,맑음,단일로 - 기타,승용,남,35세,상해없음,보행자,남,80세,중상
2021092600100360,2021년 9월 26일 20시,일요일,전라북도 익산시 모현동1가,경상사고,0,0,1,0,차대사람 - 기타,안전운전불이행,건조,맑음,단일로 - 기타,승용,남,52세,상해없음,보행자,남,31세,경상
2021092700100036,2021년 9월 27일 06시,월요일,전라북도 전주시 덕진구 반월동,중상사고,0,1,0,0,차대사람 - 횡단중,보행자보호의무위반,건조,맑음,교차로 - 교차로안,승용,여,56세,상해없음,보행자,여,63세,중상
2021092700100088,2021년 9월 27일 08시,월요일,전라북도 전주시 완산구 서신동,경상사고,0,0,1,0,차대차 - 측면충돌,안전운전불이행,건조,맑음,교차로 - 교차로안,승용,여,61세,상해없음,승용,남,29세,경상
2021092700100089,2021년 9월 27일 08시,월요일,전라북도 군산시 미장동,경상사고,0,0,1,0,차대차 - 추돌,안전운전불이행,건조,맑음,단일로 - 기타,승용,여,67세,상해없음,승용,여,41세,경상
2021092700100112,2021년 9월 27일 09시,월요일,전라북도 임실군 오수면,경상사고,0,0,1,0,차대차 - 추돌,안전운전불이행,건조,맑음,단일로 - 기타,화물,남,53세,상해없음,승용,여,62세,경상
2021092700100146,2021년 9월 27일 10시,월요일,전라북도 정읍시 상동,경상사고,0,0,1,0,차대사람 - 기타,안전운전불이행,건조,맑음,교차로 - 교차로안,승용,남,69세,상해없음,보행자,여,69세,경상
2021092700100345,2021년 9월 27일 16시,월요일,전라북도 전주시 덕진구 덕진동2가,부상신고사고,0,0,0,1,차대사람 - 기타,안전운전불이행,건조,맑음,단일로 - 기타,자전거,남,12세,상해없음,보행자,여,62세,부상신고
2021092700100346,2021년 9월 27일 16시,월요일,전라북도 전주시 덕진구 송천동1가,경상사고,0,0,1,0,차대사람 - 보도통행중,기타,건조,맑음,기타 - 기타,승용,남,74세,상해없음,보행자,여,72세,경상
2021092700100347,2021년 9월 27일 16시,월요일,전라북도 익산시 어양동,경상사고,0,0,1,0,차대차 - 측면충돌,안전운전불이행,건조,맑음,교차로 - 교차로횡단보도내,화물,남,52세,상해없음,자전거,남,78세,경상
2021092700100381,2021년 9월 27일 17시,월요일,전라북도 전주시 완산구 효자동2가,경상사고,0,0,1,0,차대차 - 측면충돌,안전거리미확보,건조,맑음,단일로 - 기타,승용,남,65세,기타불명,승용,여,24세,경상
2021092700100382,2021년 9월 27일 17시,월요일,전라북도 익산시 부송동,경상사고,0,0,2,0,차대차 - 측면충돌,중앙선침범,건조,맑음,교차로 - 교차로부근,승용,남,33세,상해없음,승용,남,40세,경상
2021092700100498,2021년 9월 27일 20시,월요일,전라북도 군산시 미룡동,경상사고,0,0,3,0,차대차 - 측면충돌,안전운전불이행,건조,맑음,교차로 - 교차로안,승용,남,16세,상해없음,승합,남,37세,경상
2021092700100520,2021년 9월 27일 21시,월요일,전라북도 전주시 완산구 삼천동1가,경상사고,0,0,1,0,차대차 - 추돌,안전운전불이행,건조,맑음,단일로 - 기타,승용,남,46세,상해없음,자전거,남,61세,경상
2021092800100029,2021년 9월 28일 05시,화요일,전라북도 군산시 경암동,부상신고사고,0,0,0,1,차대차 - 측면충돌,신호위반,건조,맑음,교차로 - 교차로안,자전거,남,82세,부상신고,승용,남,69세,상해없음
2021092800100048,2021년 9월 28일 07시,화요일,전라북도 군산시 나운동,경상사고,0,0,1,0,차대차 - 측면충돌,신호위반,건조,맑음,교차로 - 교차로횡단보도내,승용,남,24세,상해없음,자전거,남,61세,경상
2021092800100049,2021년 9월 28일 07시,화요일,전라북도 익산시 인화동1가,경상사고,0,0,1,0,차대사람 - 횡단중,안전운전불이행,건조,맑음,단일로 - 기타,화물,남,73세,상해없음,보행자,여,67세,경상
2021092800100050,2021년 9월 28일 07시,화요일,전라북도 무주군 무주읍,중상사고,0,1,0,0,차대차 - 측면충돌,직진우회전진행방해,건조,맑음,교차로 - 교차로안,화물,여,59세,상해없음,자전거,남,77세,중상
2021092800100082,2021년 9월 28일 08시,화요일,전라북도 전주시 덕진구 만성동,경상사고,0,0,2,0,차대차 - 측면충돌,안전거리미확보,건조,맑음,교차로 - 교차로부근,승합,남,56세,상해없음,승용,남,57세,경상
2021092800100083,2021년 9월 28일 08시,화요일,전라북도 임실군 임실읍,중상사고,0,1,0,0,차대사람 - 횡단중,중앙선침범,건조,맑음,단일로 - 기타,승용,여,43세,상해없음,보행자,남,13세,중상
2021092800100116,2021년 9월 28일 09시,화요일,전라북도 전주시 덕진구 송천동1가,경상사고,0,0,1,0,차대차 - 추돌,안전운전불이행,건조,맑음,교차로 - 교차로부근,승용,남,64세,상해없음,승용,여,48세,경상
2021092800100117,2021년 9월 28일 09시,화요일,전라북도 익산시 춘포면,경상사고,0,0,1,0,차대차 - 측면충돌,차로위반,건조,맑음,단일로 - 기타,건설기계,남,56세,상해없음,승용,여,33세,경상
2021092800100118,2021년 9월 28일 09시,화요일,전라북도 김제시 황산면,중상사고,0,1,0,0,차대차 - 측면충돌,직진우회전진행방해,건조,맑음,교차로 - 교차로안,건설기계,남,61세,상해없음,농기계,남,49세,중상
2021092800100204,2021년 9월 28일 12시,화요일,전라북도 군산시 미룡동,경상사고,0,0,1,0,차대차 - 측면충돌,신호위반,건조,맑음,교차로 - 교차로안,승용,남,22세,상해없음,화물,남,24세,경상
2021092800100231,2021년 9월 28일 13시,화요일,전라북도 군산시 대명동,중상사고,0,1,0,0,차대차 - 측면충돌,기타,건조,흐림,교차로 - 교차로횡단보도내,승용,남,44세,상해없음,자전거,여,70세,중상
2021092800100270,2021년 9월 28일 14시,화요일,전라북도 익산시 함라면,중상사고,0,1,0,0,차대차 - 정면충돌,신호위반,젖음/습기,비,교차로 - 교차로안,승용,남,68세,상해없음,승용,남,32세,중상
2021092800100328,2021년 9월 28일 16시,화요일,전라북도 전주시 덕진구 금암동,중상사고,0,1,0,0,차대차 - 기타,안전운전불이행,건조,맑음,단일로 - 기타,승용,남,59세,상해없음,자전거,남,43세,중상
2021092800100329,2021년 9월 28일 16시,화요일,전라북도 익산시 신흥동,사망사고,1,1,0,0,차대차 - 측면충돌,안전운전불이행,젖음/습기,흐림,교차로 - 교차로안,승용,남,59세,상해없음,승용,남,60세,사망
2021092800100330,2021년 9월 28일 16시,화요일,전라북도 김제시 요촌동,경상사고,0,0,1,0,차대사람 - 기타,안전운전불이행,건조,맑음,단일로 - 기타,승용,여,68세,상해없음,보행자,여,71세,경상
2021092800100361,2021년 9월 28일 17시,화요일,전라북도 군산시 수송동,경상사고,0,0,1,0,차대차 - 추돌,안전운전불이행,젖음/습기,비,단일로 - 기타,승용,남,56세,상해없음,승용,여,29세,경상
2021092800100416,2021년 9월 28일 18시,화요일,전라북도 익산시 남중동,경상사고,0,0,1,0,차대차 - 측면충돌,신호위반,젖음/습기,비,교차로 - 교차로안,승용,남,67세,상해없음,승용,남,25세,경상
2021092800100480,2021년 9월 28일 19시,화요일,전라북도 부안군 부안읍,중상사고,0,1,0,1,차대사람 - 기타,안전운전불이행,젖음/습기,비,단일로 - 기타,이륜,남,19세,부상신고,보행자,남,84세,중상