사고번호,사고일시,요일,시군구,사고내용,사망자수,중상자수,경상자수,부상신고자수,사고유형,법규위반,노면상태,기상상태,도로형태,가해운전자 차종,가해운전자 성별,가해운전자 연령,가해운전자 상해정도,피해운전자 차종,피해운전자 성별,피해운전자 연령,피해운전자 상해정도
2021092800100518,2021년 9월 28일 20시,화요일,전라북도 익산시 모현동1가,경상사고,0,0,2,0,차대차 - 측면충돌,안전운전불이행,젖음/습기,비,단일로 - 기타,승용,남,56세,상해없음,이륜,남,24세,경상
2021092800100519,2021년 9월 28일 20시,화요일,전라북도 익산시 영등동,경상사고,0,0,1,0,차대차 - 추돌,안전운전불이행,젖음/습기,비,교차로 - 교차로부근,승용,남,25세,상해없음,승용,여,32세,경상
2021092800100520,2021년 9월 28일 20시,화요일,전라북도 남원시 도통동,경상사고,0,0,1,0,차대사람 - 보도통행중,보행자보호의무위반,젖음/습기,비,교차로 - 교차로횡단보도내,이륜,남,46세,상해없음,보행자,여,69세,경상
2021092800100586,2021년 9월 28일 22시,화요일,전라북도 군산시 성산면,경상사고,0,0,1,0,차대차 - 기타,안전운전불이행,젖음/습기,흐림,교차로 - 교차로부근,승용,남,71세,상해없음,승용,여,41세,경상
2021092800100614,2021년 9월 28일 23시,화요일,전라북도 전주시 완산구 효자동1가,경상사고,0,0,2,0,차대차 - 측면충돌,안전운전불이행,건조,맑음,교차로 - 교차로안,승용,남,47세,상해없음,승용,남,20세,경상
2021092900100019,2021년 9월 29일 02시,수요일,전라북도 전주시 완산구 효자동3가,중상사고,0,1,0,0,차대차 - 측면충돌,신호위반,건조,맑음,교차로 - 교차로안,승용,남,19세,상해없음,승용,남,33세,중상
2021092900100022,2021년 9월 29일 03시,수요일,전라북도 전주시 완산구 서완산동1가,중상사고,0,1,1,0,차대차 - 측면충돌,신호위반,건조,맑음,교차로 - 교차로안,승용,남,58세,상해없음,승용,남,62세,경상
2021092900100059,2021년 9월 29일 07시,수요일,전라북도 익산시 용제동,경상사고,0,0,1,0,차대차 - 측면충돌,차로위반,젖음/습기,비,단일로 - 기타,승용,여,59세,상해없음,승용,여,46세,경상
2021092900100060,2021년 9월 29일 07시,수요일,전라북도 완주군 이서면,경상사고,0,0,1,0,차대차 - 측면충돌,신호위반,건조,맑음,교차로 - 교차로안,이륜,여,24세,기타불명,승용,여,36세,경상
2021092900100151,2021년 9월 29일 10시,수요일,전라북도 전주시 완산구 효자동2가,경상사고,0,0,1,0,차대차 - 측면충돌,중앙선침범,젖음/습기,비,단일로 - 기타,승용,남,38세,상해없음,이륜,남,26세,경상
2021092900100152,2021년 9월 29일 10시,수요일,전라북도 군산시 지곡동,경상사고,0,0,1,0,차대차 - 추돌,안전거리미확보,건조,맑음,교차로 - 교차로안,승합,남,46세,상해없음,승용,여,21세,경상
2021092900100185,2021년 9월 29일 11시,수요일,전라북도 전주시 완산구 효자동3가,중상사고,0,1,0,0,차대차 - 측면충돌,신호위반,젖음/습기,비,교차로 - 교차로안,승용,남,56세,상해없음,이륜,남,37세,중상
2021092900100186,2021년 9월 29일 11시,수요일,전라북도 군산시 나운동,경상사고,0,0,1,0,차대사람 - 기타,안전운전불이행,젖음/습기,비,단일로 - 기타,승용,여,53세,기타불명,보행자,여,69세,경상
2021092900100187,2021년 9월 29일 11시,수요일,전라북도 순창군 순창읍,경상사고,0,0,3,0,차대차 - 측면충돌,안전운전불이행,건조,흐림,단일로 - 기타,승용,여,44세,상해없음,승용,남,51세,경상
2021092900100254,2021년 9월 29일 13시,수요일,전라북도 남원시 죽항동,경상사고,0,0,1,0,차대차 - 측면충돌,중앙선침범,기타,비,단일로 - 기타,자전거,남,86세,상해없음,승용,여,66세,경상
2021092900100287,2021년 9월 29일 14시,수요일,전라북도 부안군 행안면,경상사고,0,0,1,0,차량단독 - 전도전복 - 전도,안전운전불이행,젖음/습기,흐림,단일로 - 기타,원동기,남,72세,경상,,,,
2021092900100319,2021년 9월 29일 15시,수요일,전라북도 김제시 요촌동,경상사고,0,0,1,0,차대차 - 추돌,안전운전불이행,건조,맑음,교차로 - 교차로부근,승용,남,80세,상해없음,승합,남,36세,경상
2021092900100354,2021년 9월 29일 16시,수요일,전라북도 전주시 완산구 삼천동1가,경상사고,0,0,1,0,차대사람 - 횡단중,보행자보호의무위반,젖음/습기,비,교차로 - 교차로횡단보도내,화물,남,70세,상해없음,보행자,여,7세,경상
2021092900100396,2021년 9월 29일 17시,수요일,전라북도 전주시 완산구 중화산동2가,경상사고,0,0,1,0,차대차 - 추돌,안전운전불이행,건조,맑음,기타 - 기타,승용,여,61세,상해없음,승용,여,41세,경상
2021092900100397,2021년 9월 29일 17시,수요일,전라북도 김제시 요촌동,중상사고,0,1,0,0,차대사람 - 기타,안전운전불이행,건조,맑음,교차로 - 교차로안,승용,남,63세,기타불명,보행자,남,55세,중상
2021092900100398,2021년 9월 29일 17시,수요일,전라북도 부안군 백산면,경상사고,0,0,1,0,차대차 - 추돌,안전거리미확보,젖음/습기,비,교차로 - 교차로안,화물,남,46세,상해없음,화물,남,75세,경상
2021092900100444,2021년 9월 29일 18시,수요일,전라북도 군산시 수송동,경상사고,0,0,1,0,차대차 - 정면충돌,안전운전불이행,건조,맑음,교차로 - 교차로안,승용,여,60세,상해없음,이륜,남,29세,경상
2021092900100445,2021년 9월 29일 18시,수요일,전라북도 익산시 어양동,중상사고,0,1,0,0,차대사람 - 보도통행중,신호위반,젖음/습기,비,단일로 - 기타,승용,여,50세,상해없음,보행자,남,78세,중상
2021092900100446,2021년 9월 29일 18시,수요일,전라북도 익산시 남중동,경상사고,0,0,1,0,차대사람 - 길가장자리구역통행중,기타,젖음/습기,비,단일로 - 기타,승용,남,56세,상해없음,보행자,남,52세,경상
2021092900100501,2021년 9월 29일 19시,수요일,전라북도 전주시 덕진구 송천동2가,경상사고,0,0,1,0,차대차 - 측면충돌,안전운전불이행,젖음/습기,비,교차로 - 교차로부근,승용,남,43세,기타불명,승용,남,34세,경상
2021092900100502,2021년 9월 29일 19시,수요일,전라북도 남원시 동충동,경상사고,0,0,1,0,차대차 - 기타,중앙선침범,젖음/습기,흐림,단일로 - 기타,자전거,기타불명,미분류,기타불명,이륜,남,56세,경상
2021092900100539,2021년 9월 29일 20시,수요일,전라북도 전주시 덕진구 송천동1가,경상사고,0,0,1,0,차대사람 - 보도통행중,안전운전불이행,젖음/습기,비,교차로 - 교차로안,이륜,남,24세,상해없음,보행자,남,63세,경상
2021092900100570,2021년 9월 29일 21시,수요일,전라북도 전주시 완산구 중화산동2가,경상사고,0,0,1,0,차대차 - 기타,신호위반,건조,맑음,교차로 - 교차로안,승용,여,52세,상해없음,승용,남,60세,경상
2021092900100571,2021년 9월 29일 21시,수요일,전라북도 전주시 완산구 효자동3가,경상사고,0,0,1,0,차대차 - 기타,불법유턴,건조,맑음,기타 - 기타,승용,여,66세,상해없음,승용,남,28세,경상
2021092900100602,2021년 9월 29일 22시,수요일,전라북도 전주시 완산구 평화동1가,경상사고,0,0,1,0,차대사람 - 기타,안전운전불이행,건조,맑음,교차로 - 교차로부근,승용,남,30세,상해없음,보행자,남,54세,경상
2021092900100603,2021년 9월 29일 22시,수요일,전라북도 전주시 완산구 효자동3가,경상사고,0,0,1,0,차대차 - 추돌,중앙선침범,젖음/습기,비,교차로 - 교차로안,승용,여,48세,상해없음,승용,여,32세,경상
2021092900100604,2021년 9월 29일 22시,수요일,전라북도 전주시 덕진구 우아동1가,경상사고,0,0,1,0,차대차 - 측면충돌,교차로운행방법위반,젖음/습기,비,교차로 - 교차로안,승용,여,42세,기타불명,승용,남,23세,경상
2021092900100605,2021년 9월 29일 22시,수요일,전라북도 순창군 순창읍,경상사고,0,0,1,0,차대차 - 측면충돌,신호위반,젖음/습기,비,교차로 - 교차로부근,승용,여,52세,상해없음,승용,여,50세,경상
2021092900100637,2021년 9월 29일 23시,수요일,전라북도 전주시 덕진구 인후동1가,경상사고,0,0,1,0,차대사람 - 보도통행중,신호위반,젖음/습기,비,단일로 - 기타,이륜,남,21세,기타불명,보행자,남,47세,경상
2021093000100109,2021년 9월 30일 08시,목요일,전라북도 군산시 나운동,부상신고사고,0,0,0,1,차대차 - 기타,안전운전불이행,건조,맑음,교차로 - 교차로안,자전거,남,16세,부상신고,승용,남,60세,상해없음
2021093000100110,2021년 9월 30일 08시,목요일,전라북도 군산시 개사동,경상사고,0,0,10,0,차대차 - 추돌,안전거리미확보,건조,맑음,단일로 - 기타,화물,남,63세,상해없음,승용,여,23세,경상
2021093000100177,2021년 9월 30일 10시,목요일,전라북도 전주시 완산구 서서학동,경상사고,0,0,1,0,차대사람 - 기타,안전운전불이행,건조,맑음,기타 - 기타,자전거,남,66세,상해없음,보행자,여,64세,경상
2021093000100200,2021년 9월 30일 11시,목요일,전라북도 군산시 경암동,경상사고,0,0,2,0,차대차 - 기타,안전거리미확보,건조,맑음,교차로 - 교차로안,화물,남,67세,상해없음,화물,남,68세,경상
2021093000100201,2021년 9월 30일 11시,목요일,전라북도 남원시 산내면,중상사고,0,1,0,0,차대차 - 측면충돌,직진우회전진행방해,건조,맑음,교차로 - 교차로안,사륜오토바이(ATV),남,79세,중상,승용,여,61세,상해없음
2021093000100202,2021년 9월 30일 11시,목요일,전라북도 임실군 강진면,중상사고,0,1,0,0,차대차 - 추돌,교차로운행방법위반,건조,맑음,교차로 - 교차로안,승용,남,29세,상해없음,이륜,남,44세,중상
2021093000100203,2021년 9월 30일 11시,목요일,전라북도 진안군 진안읍,경상사고,0,0,1,0,차대차 - 측면충돌,안전운전불이행,건조,맑음,교차로 - 교차로안,승용,남,36세,상해없음,자전거,남,55세,경상
2021093000100244,2021년 9월 30일 12시,목요일,전라북도 정읍시 감곡면,중상사고,0,1,1,0,차대차 - 측면충돌,신호위반,건조,맑음,단일로 - 기타,승용,여,48세,경상,승용,남,73세,중상
2021093000100245,2021년 9월 30일 12시,목요일,전라북도 진안군 마령면,중상사고,0,1,2,0,차대차 - 측면충돌,안전운전불이행,건조,맑음,단일로 - 기타,화물,남,78세,경상,승용,남,49세,경상
2021093000100282,2021년 9월 30일 13시,목요일,전라북도 군산시 장재동,경상사고,0,0,1,0,차대사람 - 횡단중,신호위반,건조,맑음,교차로 - 교차로안,화물,남,67세,상해없음,보행자,여,21세,경상
2021093000100361,2021년 9월 30일 15시,목요일,전라북도 전주시 완산구 서신동,경상사고,0,0,1,0,차대사람 - 기타,안전운전불이행,건조,맑음,단일로 - 기타,승용,남,54세,상해없음,보행자,남,9세,경상
2021093000100408,2021년 9월 30일 16시,목요일,전라북도 김제시 검산동,중상사고,0,1,1,0,차대차 - 측면충돌,직진우회전진행방해,건조,맑음,교차로 - 교차로안,화물,여,61세,상해없음,승용,남,58세,중상
2021093000100460,2021년 9월 30일 17시,목요일,전라북도 전주시 완산구 효자동1가,중상사고,0,1,0,0,차대사람 - 횡단중,보행자보호의무위반,건조,맑음,단일로 - 기타,승용,남,32세,상해없음,보행자,여,79세,중상
2021093000100461,2021년 9월 30일 17시,목요일,전라북도 정읍시 내장동,경상사고,0,0,2,0,차대차 - 정면충돌,중앙선침범,건조,맑음,단일로 - 기타,승용,여,42세,상해없음,특수,남,37세,경상
2021093000100512,2021년 9월 30일 18시,목요일,전라북도 익산시 모현동1가,경상사고,0,0,1,0,차대차 - 정면충돌,안전운전불이행,건조,맑음,교차로 - 교차로부근,승용,여,41세,상해없음,자전거,남,54세,경상
2021093000100666,2021년 9월 30일 23시,목요일,전라북도 임실군 관촌면,중상사고,0,1,0,0,차대차 - 추돌,안전거리미확보,건조,맑음,단일로 - 지하차도(도로)내,화물,남,58세,상해없음,승용,남,44세,중상
2021100100100056,2021년 10월 1일 07시,금요일,전라북도 익산시 인화동2가,경상사고,0,0,1,0,차대차 - 기타,안전운전불이행,건조,맑음,교차로 - 교차로부근,자전거,남,75세,경상,승용,남,41세,상해없음
2021100100100126,2021년 10월 1일 09시,금요일,전라북도 전주시 완산구 중화산동2가,경상사고,0,0,1,0,차대차 - 추돌,안전거리미확보,건조,맑음,교차로 - 교차로안,승용,남,56세,상해없음,승용,여,51세,경상
2021100100100198,2021년 10월 1일 11시,금요일,전라북도 전주시 완산구 효자동3가,경상사고,0,0,1,0,차대차 - 추돌,안전운전불이행,건조,맑음,교차로 - 교차로부근,승용,남,72세,상해없음,승용,남,28세,경상
2021100100100199,2021년 10월 1일 11시,금요일,전라북도 군산시 경암동,중상사고,0,1,0,0,차대차 - 측면충돌,신호위반,건조,맑음,교차로 - 교차로안,자전거,남,72세,중상,승용,남,35세,상해없음
2021100100100200,2021년 10월 1일 11시,금요일,전라북도 군산시 산북동,경상사고,0,0,1,0,차량단독 - 기타,안전운전불이행,건조,맑음,단일로 - 기타,이륜,남,65세,경상,,,,
2021100100100280,2021년 10월 1일 13시,금요일,전라북도 전주시 완산구 색장동,중상사고,0,1,0,0,차량단독 - 기타,기타,건조,맑음,단일로 - 기타,승합,남,60세,상해없음,,,,
2021100100100356,2021년 10월 1일 15시,금요일,전라북도 익산시 모현동2가,경상사고,0,0,1,0,차대차 - 측면충돌,안전운전불이행,건조,맑음,단일로 - 기타,화물,남,59세,상해없음,승용,남,39세,경상
2021100100100357,2021년 10월 1일 15시,금요일,전라북도 김제시 청하면,중상사고,0,1,0,0,차대차 - 측면충돌,중앙선침범,건조,맑음,단일로 - 기타,화물,남,67세,상해없음,개인형이동수단(PM),남,86세,중상
2021100100100408,2021년 10월 1일 16시,금요일,전라북도 전주시 덕진구 팔복동3가,경상사고,0,0,3,0,차대차 - 추돌,안전운전불이행,건조,맑음,단일로 - 기타,승용,남,47세,상해없음,승용,여,51세,경상
2021100100100503,2021년 10월 1일 18시,금요일,전라북도 전주시 완산구 삼천동1가,경상사고,0,0,1,0,차대차 - 기타,안전운전불이행,건조,맑음,단일로 - 기타,승합,남,57세,상해없음,승용,여,48세,경상
2021100100100504,2021년 10월 1일 18시,금요일,전라북도 익산시 모현동1가,경상사고,0,0,1,0,차대차 - 측면충돌,차로위반,건조,맑음,단일로 - 기타,화물,여,56세,상해없음,화물,남,59세,경상
2021100100100505,2021년 10월 1일 18시,금요일,전라북도 정읍시 시기동,중상사고,0,1,0,0,차대사람 - 횡단중,보행자보호의무위반,건조,맑음,기타 - 기타,승용,여,52세,상해없음,보행자,남,85세,중상
2021100100100670,2021년 10월 1일 22시,금요일,전라북도 전주시 완산구 효자동3가,경상사고,0,0,2,0,차대차 - 기타,신호위반,건조,맑음,교차로 - 교차로안,승용,남,21세,상해없음,승용,여,30세,경상
2021100100100713,2021년 10월 1일 23시,금요일,전라북도 전주시 덕진구 우아동3가,경상사고,0,0,1,0,차대차 - 측면충돌,안전운전불이행,건조,맑음,교차로 - 교차로부근,승용,남,46세,상해없음,승용,남,38세,경상
2021100200100008,2021년 10월 2일 00시,토요일,전라북도 완주군 봉동읍,경상사고,0,0,1,0,차대사람 - 차도통행중,안전운전불이행,건조,맑음,단일로 - 기타,승용,남,25세,상해없음,보행자,남,45세,경상
2021100200100032,2021년 10월 2일 05시,토요일,전라북도 전주시 덕진구 인후동1가,경상사고,0,0,1,0,차대차 - 측면충돌,신호위반,건조,맑음,교차로 - 교차로안,화물,남,51세,상해없음,승용,여,71세,경상
2021100200100051,2021년 10월 2일 07시,토요일,전라북도 전주시 완산구 효자동3가,경상사고,0,0,2,0,차대차 - 정면충돌,교차로운행방법위반,건조,맑음,교차로 - 교차로안,승용,여,22세,경상,승용,남,25세,경상
2021100200100070,2021년 10월 2일 08시,토요일,전라북도 임실군 청웅면,부상신고사고,0,0,0,1,차량단독 - 전도전복 - 전도,안전운전불이행,건조,맑음,교차로 - 교차로안,원동기,남,73세,부상신고,,,,
2021100200100175,2021년 10월 2일 11시,토요일,전라북도 전주시 덕진구 우아동2가,경상사고,0,0,1,0,차대차 - 추돌,안전운전불이행,건조,맑음,교차로 - 교차로부근,승용,여,55세,상해없음,승용,남,35세,상해없음
2021100200100265,2021년 10월 2일 13시,토요일,전라북도 군산시 옥도면,경상사고,0,0,1,0,차대차 - 추돌,안전거리미확보,건조,맑음,단일로 - 기타,이륜,남,45세,상해없음,승용,남,64세,경상
2021100200100266,2021년 10월 2일 13시,토요일,전라북도 군산시 조촌동,경상사고,0,0,3,0,차대차 - 추돌,안전운전불이행,건조,맑음,교차로 - 교차로부근,승용,여,29세,상해없음,승용,남,40세,경상
2021100200100267,2021년 10월 2일 13시,토요일,전라북도 순창군 순창읍,경상사고,0,0,1,1,차대차 - 측면충돌,신호위반,건조,맑음,교차로 - 교차로안,승용,여,27세,부상신고,이륜,남,35세,경상
2021100200100296,2021년 10월 2일 14시,토요일,전라북도 전주시 완산구 삼천동1가,중상사고,0,1,0,0,차대사람 - 차도통행중,안전운전불이행,건조,맑음,기타 - 기타,승용,여,55세,상해없음,보행자,여,68세,중상
2021100200100297,2021년 10월 2일 14시,토요일,전라북도 군산시 옥구읍,경상사고,0,0,1,0,차대차 - 추돌,안전운전불이행,건조,맑음,교차로 - 교차로안,승용,남,34세,상해없음,자전거,여,75세,경상
2021100200100298,2021년 10월 2일 14시,토요일,전라북도 익산시 모현동1가,경상사고,0,0,1,0,차대사람 - 차도통행중,교차로운행방법위반,건조,맑음,교차로 - 교차로안,승용,남,53세,상해없음,보행자,여,80세,경상
2021100200100299,2021년 10월 2일 14시,토요일,전라북도 김제시 하동,사망사고,1,0,0,0,차대사람 - 횡단중,보행자보호의무위반,건조,맑음,교차로 - 교차로횡단보도내,화물,남,75세,상해없음,보행자,남,61세,사망
2021100200100387,2021년 10월 2일 16시,토요일,전라북도 김제시 교동,경상사고,0,0,2,0,차대차 - 측면충돌,차로위반,건조,맑음,단일로 - 기타,승용,남,61세,상해없음,화물,남,69세,경상
2021100200100463,2021년 10월 2일 18시,토요일,전라북도 정읍시 수성동,경상사고,0,0,2,0,차대차 - 측면충돌,안전운전불이행,건조,맑음,단일로 - 기타,승용,남,38세,상해없음,승용,남,59세,경상
2021100200100517,2021년 10월 2일 19시,토요일,전라북도 전주시 완산구 남노송동,경상사고,0,0,1,0,차대사람 - 기타,안전운전불이행,건조,맑음,단일로 - 기타,승용,남,24세,상해없음,보행자,남,56세,경상
2021100200100518,2021년 10월 2일 19시,토요일,전라북도 군산시 성산면,경상사고,0,0,1,0,차대차 - 추돌,안전운전불이행,건조,맑음,단일로 - 기타,승용,남,58세,상해없음,화물,남,62세,경상
2021100200100519,2021년 10월 2일 19시,토요일,전라북도 임실군 임실읍,경상사고,0,0,2,0,차대차 - 추돌,안전운전불이행,건조,맑음,교차로 - 교차로안,승용,남,62세,상해없음,승용,여,40세,경상
2021100200100577,2021년 10월 2일 21시,토요일,전라북도 전주시 완산구 서신동,경상사고,0,0,1,0,차대차 - 정면충돌,신호위반,건조,맑음,교차로 - 교차로안,승용,남,56세,상해없음,승용,여,68세,경상
2021100200100598,2021년 10월 2일 22시,토요일,전라북도 익산시 남중동,경상사고,0,0,1,0,차대차 - 기타,신호위반,건조,맑음,교차로 - 교차로안,승용,남,55세,상해없음,이륜,남,24세,경상
2021100200100630,2021년 10월 2일 23시,토요일,전라북도 군산시 산북동,경상사고,0,0,1,0,차대차 - 추돌,안전운전불이행,건조,맑음,교차로 - 교차로안,승용,남,49세,상해없음,개인형이동수단(PM),남,32세,경상
2021100300100007,2021년 10월 3일 00시,일요일,전라북도 전주시 완산구 중화산동2가,경상사고,0,0,1,0,차대차 - 후진중충돌,안전운전불이행,건조,맑음,단일로 - 기타,승용,남,30세,상해없음,승용,남,47세,경상
2021100300100019,2021년 10월 3일 02시,일요일,전라북도 익산시 중앙동2가,경상사고,0,0,2,0,차대차 - 측면충돌,안전운전불이행,건조,맑음,단일로 - 기타,승용,남,25세,상해없음,승용,여,25세,경상
2021100300100049,2021년 10월 3일 07시,일요일,전라북도 익산시 부송동,중상사고,0,1,0,0,차대차 - 정면충돌,중앙선침범,건조,맑음,단일로 - 기타,승용,남,74세,상해없음,자전거,남,50세,중상
2021100300100058,2021년 10월 3일 08시,일요일,전라북도 군산시 산북동,중상사고,0,1,0,0,차대사람 - 차도통행중,안전운전불이행,건조,맑음,교차로 - 교차로부근,승용,남,66세,상해없음,보행자,여,88세,중상
2021100300100073,2021년 10월 3일 09시,일요일,전라북도 익산시 영등동,경상사고,0,0,2,0,차대차 - 추돌,안전운전불이행,건조,맑음,교차로 - 교차로부근,승용,남,61세,상해없음,승용,남,52세,경상
2021100300100089,2021년 10월 3일 10시,일요일,전라북도 고창군 고창읍,경상사고,0,0,1,0,차량단독 - 기타,안전운전불이행,건조,맑음,교차로 - 교차로안,이륜,남,50세,경상,,,,
2021100300100191,2021년 10월 3일 13시,일요일,전라북도 전주시 덕진구 진북동,중상사고,0,1,0,0,차대차 - 측면충돌,안전운전불이행,건조,맑음,교차로 - 교차로안,승용,남,67세,상해없음,자전거,여,62세,중상
2021100300100228,2021년 10월 3일 14시,일요일,전라북도 전주시 완산구 서서학동,경상사고,0,0,2,0,차대차 - 추돌,안전운전불이행,건조,맑음,기타 - 기타,승용,남,74세,상해없음,승용,남,31세,경상
2021100300100229,2021년 10월 3일 14시,일요일,전라북도 전주시 완산구 삼천동1가,경상사고,0,0,5,0,차대차 - 정면충돌,중앙선침범,건조,맑음,단일로 - 기타,승용,남,53세,상해없음,승용,남,37세,경상
2021100300100230,2021년 10월 3일 14시,일요일,전라북도 전주시 덕진구 덕진동1가,경상사고,0,0,2,0,차대차 - 기타,중앙선침범,건조,맑음,교차로 - 교차로부근,승용,남,45세,상해없음,승용,남,38세,경상
2021100300100231,2021년 10월 3일 14시,일요일,전라북도 무주군 무주읍,경상사고,0,0,1,0,차대차 - 측면충돌,안전운전불이행,건조,맑음,교차로 - 교차로안,승용,여,38세,상해없음,승용,남,40세,경상
2021100300100301,2021년 10월 3일 16시,일요일,전라북도 익산시 어양동,경상사고,0,0,2,0,차대차 - 추돌,차로위반,건조,맑음,교차로 - 교차로안,승용,여,58세,상해없음,승용,남,25세,경상
2021100300100332,2021년 10월 3일 17시,일요일,전라북도 군산시 옥도면,중상사고,0,1,0,0,차대사람 - 길가장자리구역통행중,안전운전불이행,건조,맑음,단일로 - 지하차도(도로)내,화물,남,65세,상해없음,보행자,여,86세,중상
2021100300100370,2021년 10월 3일 18시,일요일,전라북도 전주시 덕진구 우아동2가,경상사고,0,0,1,0,차대차 - 기타,교차로운행방법위반,건조,맑음,교차로 - 교차로안,승용,여,45세,상해없음,자전거,남,13세,경상
2021100300100371,2021년 10월 3일 18시,일요일,전라북도 정읍시 신태인읍,경상사고,0,0,1,0,차대차 - 측면충돌,중앙선침범,건조,맑음,기타 - 기타,승용,남,59세,상해없음,승용,남,24세,경상
2021100300100372,2021년 10월 3일 18시,일요일,전라북도 남원시 어현동,중상사고,0,1,0,0,차대사람 - 횡단중,안전운전불이행,건조,맑음,단일로 - 기타,승용,남,46세,상해없음,보행자,남,63세,중상
2021100300100418,2021년 10월 3일 19시,일요일,전라북도 군산시 소룡동,중상사고,0,1,0,0,차대사람 - 차도통행중,보행자보호의무위반,건조,맑음,교차로 - 교차로안,승용,남,68세,상해없음,보행자,남,39세,중상
2021100300100419,2021년 10월 3일 19시,일요일,전라북도 무주군 안성면,경상사고,0,0,1,0,차대차 - 추돌,안전운전불이행,건조,맑음,단일로 - 지하차도(도로)내,승용,여,23세,상해없음,승용,남,59세,경상
2021100300100449,2021년 10월 3일 20시,일요일,전라북도 전주시 완산구 효자동1가,경상사고,0,0,1,0,차대차 - 기타,안전운전불이행,건조,맑음,교차로 - 교차로안,승용,여,67세,상해없음,승용,여,29세,경상
2021100400100009,2021년 10월 4일 00시,월요일,전라북도 완주군 구이면,중상사고,0,1,0,0,차량단독 - 전도전복 - 전도,안전운전불이행,건조,맑음,단일로 - 기타,원동기,남,16세,중상,,,,
2021100400100038,2021년 10월 4일 06시,월요일,전라북도 임실군 강진면,사망사고,1,2,0,0,차량단독 - 공작물충돌,기타,건조,맑음,기타 - 기타,승용,남,19세,기타불명,,,,
2021100400100047,2021년 10월 4일 07시,월요일,전라북도 군산시 장미동,중상사고,0,1,0,0,차대사람 - 차도통행중,안전운전불이행,건조,맑음,단일로 - 지하차도(도로)내,화물,남,50세,상해없음,보행자,남,83세,중상
2021100400100048,2021년 10월 4일 07시,월요일,전라북도 군산시 대야면,경상사고,0,0,1,0,차대차 - 정면충돌,중앙선침범,건조,맑음,단일로 - 지하차도(도로)내,이륜,남,59세,상해없음,자전거,여,82세,경상
2021100400100059,2021년 10월 4일 08시,월요일,전라북도 남원시 수지면,경상사고,0,0,1,0,차대차 - 측면충돌,기타,건조,맑음,교차로 - 교차로안,원동기,여,49세,경상,승용,남,59세,상해없음
2021100400100102,2021년 10월 4일 10시,월요일,전라북도 전주시 완산구 중화산동1가,중상사고,0,1,0,0,차대차 - 측면충돌,안전운전불이행,건조,맑음,기타 - 기타,이륜,남,67세,중상,승용,남,59세,상해없음
2021100400100119,2021년 10월 4일 11시,월요일,전라북도 전주시 완산구 태평동,중상사고,0,1,0,0,차대사람 - 기타,보행자보호의무위반,건조,맑음,교차로 - 교차로횡단보도내,화물,남,39세,상해없음,보행자,여,66세,중상
2021100400100120,2021년 10월 4일 11시,월요일,전라북도 전주시 완산구 전동,중상사고,0,1,0,0,차대사람 - 기타,안전운전불이행,건조,맑음,교차로 - 교차로부근,승합,남,55세,상해없음,보행자,여,72세,중상
2021100400100121,2021년 10월 4일 11시,월요일,전라북도 남원시 죽항동,경상사고,0,0,1,0,차대사람 - 차도통행중,안전운전불이행,건조,맑음,단일로 - 기타,승용,여,35세,상해없음,보행자,여,60세,경상
2021100400100186,2021년 10월 4일 13시,월요일,전라북도 전주시 완산구 삼천동1가,중상사고,0,1,1,0,차대차 - 측면충돌,신호위반,건조,맑음,교차로 - 교차로안,승용,여,53세,경상,승용,남,73세,중상
2021100400100187,2021년 10월 4일 13시,월요일,전라북도 김제시 금구면,경상사고,0,0,1,0,차대사람 - 기타,안전운전불이행,건조,맑음,단일로 - 기타,승용,여,42세,상해없음,보행자,여,25세,경상
2021100400100188,2021년 10월 4일 13시,월요일,전라북도 고창군 고창읍,중상사고,0,1,0,0,차대차 - 측면충돌,안전거리미확보,건조,맑음,단일로 - 기타,승용,여,58세,상해없음,승합,남,53세,중상
2021100400100285,2021년 10월 4일 16시,월요일,전라북도 김제시 금산면,중상사고,0,1,0,0,차대차 - 정면충돌,안전운전불이행,건조,맑음,단일로 - 기타,승용,남,50세,상해없음,승용,여,59세,중상
2021100400100318,2021년 10월 4일 17시,월요일,전라북도 익산시 창인동2가,부상신고사고,0,0,0,1,차대차 - 측면충돌,안전운전불이행,건조,맑음,기타 - 기타,승용,남,69세,상해없음,승용,남,67세,부상신고
2021100400100319,2021년 10월 4일 17시,월요일,전라북도 정읍시 시기동,중상사고,0,1,1,0,차대차 - 측면충돌,신호위반,건조,맑음,교차로 - 교차로안,화물,여,52세,상해없음,승용,여,39세,중상
2021100400100356,2021년 10월 4일 18시,월요일,전라북도 부안군 부안읍,중상사고,0,1,0,0,차대차 - 측면충돌,안전운전불이행,건조,맑음,교차로 - 교차로안,화물,남,57세,상해없음,이륜,남,84세,중상
2021100400100390,2021년 10월 4일 19시,월요일,전라북도 전주시 완산구 효자동2가,경상사고,0,0,2,0,차대차 - 측면충돌,중앙선침범,건조,맑음,교차로 - 교차로부근,승용,남,68세,상해없음,승용,남,51세,경상