사고번호,사고일시,요일,시군구,사고내용,사망자수,중상자수,경상자수,부상신고자수,사고유형,법규위반,노면상태,기상상태,도로형태,가해운전자 차종,가해운전자 성별,가해운전자 연령,가해운전자 상해정도,피해운전자 차종,피해운전자 성별,피해운전자 연령,피해운전자 상해정도
2021100400100391,2021년 10월 4일 19시,월요일,전라북도 전주시 덕진구 우아동3가,경상사고,0,0,1,0,차대차 - 추돌,안전운전불이행,건조,맑음,단일로 - 기타,승용,남,46세,상해없음,승용,남,60세,경상
2021100400100479,2021년 10월 4일 22시,월요일,전라북도 전주시 덕진구 인후동1가,중상사고,0,1,0,0,차대차 - 측면충돌,안전운전불이행,건조,맑음,교차로 - 교차로안,승용,남,33세,상해없음,이륜,남,19세,중상
2021100500100003,2021년 10월 5일 00시,화요일,전라북도 정읍시 장명동,중상사고,0,1,0,0,차대차 - 기타,차로위반,건조,맑음,교차로 - 교차로안,승용,남,67세,상해없음,이륜,남,22세,중상
2021100500100015,2021년 10월 5일 04시,화요일,전라북도 군산시 나운동,부상신고사고,0,0,0,1,차대차 - 정면충돌,안전운전불이행,건조,맑음,교차로 - 교차로안,승용,여,27세,부상신고,승합,남,51세,상해없음
2021100500100030,2021년 10월 5일 06시,화요일,전라북도 순창군 순창읍,경상사고,0,0,1,0,차대차 - 측면충돌,중앙선침범,젖음/습기,흐림,단일로 - 기타,승용,남,62세,상해없음,승용,여,56세,경상
2021100500100044,2021년 10월 5일 07시,화요일,전라북도 남원시 노암동,경상사고,0,0,1,0,차대차 - 측면충돌,중앙선침범,건조,맑음,단일로 - 기타,승용,남,37세,상해없음,승용,남,29세,경상
2021100500100123,2021년 10월 5일 09시,화요일,전라북도 전주시 덕진구 팔복동2가,경상사고,0,0,3,0,차대차 - 측면충돌,신호위반,건조,맑음,교차로 - 교차로안,화물,남,73세,상해없음,승용,남,50세,경상
2021100500100157,2021년 10월 5일 10시,화요일,전라북도 익산시 석왕동,경상사고,0,0,1,0,차대차 - 측면충돌,차로위반,건조,맑음,단일로 - 기타,화물,여,64세,상해없음,승용,남,74세,경상
2021100500100158,2021년 10월 5일 10시,화요일,전라북도 고창군 고창읍,중상사고,0,1,0,0,차대차 - 측면충돌,직진우회전진행방해,건조,맑음,교차로 - 교차로안,승용,여,48세,상해없음,이륜,남,92세,중상
2021100500100159,2021년 10월 5일 10시,화요일,전라북도 진안군 마령면,경상사고,0,0,1,0,차대사람 - 횡단중,안전운전불이행,건조,맑음,단일로 - 기타,승용,남,74세,상해없음,보행자,여,82세,경상
2021100500100274,2021년 10월 5일 13시,화요일,전라북도 전주시 덕진구 송천동2가,경상사고,0,0,1,0,차대차 - 추돌,안전운전불이행,건조,맑음,교차로 - 교차로안,화물,남,63세,상해없음,승용,남,38세,경상
2021100500100314,2021년 10월 5일 14시,화요일,전라북도 전주시 덕진구 팔복동2가,경상사고,0,0,3,0,차대차 - 후진중충돌,안전운전불이행,건조,맑음,교차로 - 교차로부근,승용,여,23세,상해없음,승용,남,37세,경상
2021100500100315,2021년 10월 5일 14시,화요일,전라북도 군산시 대야면,중상사고,0,1,1,0,차대차 - 추돌,안전운전불이행,건조,맑음,단일로 - 기타,승용,남,23세,상해없음,화물,남,48세,경상
2021100500100316,2021년 10월 5일 14시,화요일,전라북도 임실군 임실읍,경상사고,0,0,2,0,차대차 - 추돌,신호위반,건조,맑음,교차로 - 교차로안,이륜,남,47세,경상,승용,여,60세,경상
2021100500100355,2021년 10월 5일 15시,화요일,전라북도 익산시 영등동,경상사고,0,0,2,0,차대차 - 측면충돌,안전운전불이행,건조,맑음,교차로 - 교차로부근,승용,남,63세,상해없음,승용,남,84세,경상
2021100500100395,2021년 10월 5일 16시,화요일,전라북도 군산시 월명동,중상사고,0,1,0,0,차대차 - 측면충돌,직진우회전진행방해,건조,맑음,교차로 - 교차로안,승용,여,38세,상해없음,승용,여,34세,중상
2021100500100498,2021년 10월 5일 18시,화요일,전라북도 군산시 나운동,부상신고사고,0,0,0,1,차대차 - 측면충돌,안전운전불이행,건조,맑음,단일로 - 기타,이륜,남,35세,부상신고,승용,여,61세,상해없음
2021100500100499,2021년 10월 5일 18시,화요일,전라북도 남원시 산내면,중상사고,0,1,0,0,차대사람 - 기타,안전운전불이행,건조,맑음,단일로 - 기타,승용,여,52세,상해없음,보행자,남,53세,중상
2021100500100500,2021년 10월 5일 18시,화요일,전라북도 순창군 순창읍,중상사고,0,1,0,0,차대차 - 추돌,안전운전불이행,건조,맑음,단일로 - 기타,승용,남,25세,상해없음,원동기,남,26세,중상
2021100500100551,2021년 10월 5일 19시,화요일,전라북도 전주시 덕진구 인후동1가,경상사고,0,0,1,0,차대차 - 측면충돌,안전운전불이행,건조,맑음,교차로 - 교차로안,승합,남,61세,상해없음,승용,남,33세,경상
2021100500100589,2021년 10월 5일 20시,화요일,전라북도 부안군 부안읍,중상사고,0,1,0,0,차대사람 - 차도통행중,안전운전불이행,건조,맑음,교차로 - 교차로안,특수,남,39세,상해없음,보행자,여,26세,중상
2021100500100655,2021년 10월 5일 23시,화요일,전라북도 완주군 삼례읍,중상사고,0,1,2,0,차대차 - 정면충돌,신호위반,건조,맑음,교차로 - 교차로안,승용,남,21세,상해없음,승합,남,38세,경상
2021100600100008,2021년 10월 6일 02시,수요일,전라북도 정읍시 연지동,경상사고,0,0,1,0,차대차 - 기타,안전운전불이행,건조,맑음,단일로 - 기타,화물,남,48세,경상,화물,남,62세,기타불명
2021100600100039,2021년 10월 6일 06시,수요일,전라북도 전주시 덕진구 호성동1가,중상사고,0,1,0,0,차대사람 - 횡단중,안전운전불이행,건조,맑음,교차로 - 교차로안,화물,남,75세,상해없음,보행자,여,71세,중상
2021100600100062,2021년 10월 6일 07시,수요일,전라북도 전주시 완산구 평화동1가,중상사고,0,1,0,0,차대차 - 기타,안전거리미확보,건조,맑음,단일로 - 기타,승용,남,51세,상해없음,승용,남,51세,중상
2021100600100063,2021년 10월 6일 07시,수요일,전라북도 군산시 옥산면,경상사고,0,0,2,0,차대차 - 측면충돌,안전거리미확보,건조,맑음,단일로 - 기타,기타불명,남,54세,상해없음,승용,여,34세,경상
2021100600100095,2021년 10월 6일 08시,수요일,전라북도 전주시 완산구 삼천동1가,중상사고,0,1,0,0,차대사람 - 기타,안전운전불이행,건조,맑음,단일로 - 기타,승용,남,24세,상해없음,보행자,여,81세,중상
2021100600100159,2021년 10월 6일 10시,수요일,전라북도 군산시 대야면,경상사고,0,0,1,0,차대차 - 측면충돌,안전운전불이행,건조,맑음,단일로 - 기타,기타불명,기타불명,미분류,기타불명,이륜,남,72세,경상
2021100600100193,2021년 10월 6일 11시,수요일,전라북도 군산시 미장동,경상사고,0,0,1,0,차대차 - 추돌,안전운전불이행,건조,맑음,교차로 - 교차로부근,승용,남,44세,상해없음,승용,여,38세,경상
2021100600100194,2021년 10월 6일 11시,수요일,전라북도 군산시 미룡동,중상사고,0,1,0,0,차대차 - 측면충돌,안전운전불이행,건조,맑음,교차로 - 교차로안,승용,남,50세,상해없음,이륜,남,41세,중상
2021100600100260,2021년 10월 6일 13시,수요일,전라북도 군산시 미장동,경상사고,0,0,2,0,차대차 - 측면충돌,신호위반,건조,맑음,교차로 - 교차로안,승용,여,47세,상해없음,승용,남,22세,경상
2021100600100290,2021년 10월 6일 14시,수요일,전라북도 부안군 행안면,경상사고,0,0,1,0,차대차 - 측면충돌,안전운전불이행,건조,맑음,교차로 - 교차로안,승용,남,68세,상해없음,승용,여,39세,경상
2021100600100328,2021년 10월 6일 15시,수요일,전라북도 전주시 덕진구 우아동3가,경상사고,0,0,1,0,차대차 - 측면충돌,안전거리미확보,건조,맑음,단일로 - 기타,승용,여,23세,상해없음,화물,남,37세,경상
2021100600100374,2021년 10월 6일 16시,수요일,전라북도 전주시 덕진구 인후동2가,경상사고,0,0,1,0,차대차 - 추돌,안전운전불이행,건조,맑음,교차로 - 교차로부근,승용,남,52세,상해없음,이륜,남,20세,경상
2021100600100375,2021년 10월 6일 16시,수요일,전라북도 군산시 수송동,중상사고,0,1,0,0,차대차 - 정면충돌,안전운전불이행,건조,맑음,교차로 - 교차로부근,승용,여,48세,상해없음,자전거,남,79세,중상
2021100600100413,2021년 10월 6일 17시,수요일,전라북도 전주시 덕진구 금암동,경상사고,0,0,1,0,차대차 - 기타,신호위반,건조,맑음,교차로 - 교차로안,승용,여,27세,상해없음,승용,남,38세,경상
2021100600100414,2021년 10월 6일 17시,수요일,전라북도 정읍시 시기동,경상사고,0,0,2,0,차대차 - 측면충돌,직진우회전진행방해,건조,맑음,교차로 - 교차로안,이륜,남,78세,경상,승용,남,47세,경상
2021100600100415,2021년 10월 6일 17시,수요일,전라북도 정읍시 농소동,경상사고,0,0,1,0,차대차 - 기타,직진우회전진행방해,건조,맑음,교차로 - 교차로안,승용,남,26세,상해없음,화물,남,44세,경상
2021100600100416,2021년 10월 6일 17시,수요일,전라북도 부안군 계화면,중상사고,0,1,0,0,차량단독 - 공작물충돌,안전운전불이행,건조,맑음,단일로 - 기타,화물,남,58세,중상,,,,
2021100600100461,2021년 10월 6일 18시,수요일,전라북도 군산시 수송동,경상사고,0,0,3,0,차대차 - 측면충돌,안전거리미확보,건조,맑음,단일로 - 기타,승용,남,49세,상해없음,승용,남,36세,경상
2021100600100462,2021년 10월 6일 18시,수요일,전라북도 익산시 남중동,경상사고,0,0,1,0,차대차 - 측면충돌,차로위반,건조,맑음,단일로 - 기타,승용,남,78세,상해없음,승용,여,38세,경상
2021100600100502,2021년 10월 6일 19시,수요일,전라북도 전주시 완산구 중화산동2가,중상사고,0,1,0,0,차대차 - 측면충돌,안전운전불이행,건조,맑음,교차로 - 교차로안,화물,남,52세,상해없음,이륜,남,20세,중상
2021100600100503,2021년 10월 6일 19시,수요일,전라북도 군산시 경암동,경상사고,0,0,1,0,차대사람 - 차도통행중,안전운전불이행,건조,흐림,단일로 - 기타,승용,여,52세,상해없음,보행자,여,44세,경상
2021100600100504,2021년 10월 6일 19시,수요일,전라북도 무주군 안성면,중상사고,0,1,1,0,차대차 - 추돌,안전운전불이행,건조,맑음,단일로 - 지하차도(도로)내,승용,여,60세,상해없음,사륜오토바이(ATV),남,55세,경상
2021100700100057,2021년 10월 7일 07시,목요일,전라북도 전주시 완산구 평화동2가,중상사고,0,2,0,0,차대사람 - 횡단중,보행자보호의무위반,건조,맑음,교차로 - 교차로횡단보도내,승용,남,39세,상해없음,보행자,여,61세,중상
2021100700100058,2021년 10월 7일 07시,목요일,전라북도 전주시 완산구 서완산동1가,경상사고,0,0,1,0,차대차 - 측면충돌,교차로운행방법위반,건조,맑음,교차로 - 교차로안,승용,남,74세,상해없음,화물,남,69세,경상
2021100700100099,2021년 10월 7일 08시,목요일,전라북도 전주시 완산구 삼천동1가,경상사고,0,0,2,0,차대차 - 측면충돌,안전운전불이행,건조,맑음,교차로 - 교차로안,승용,남,33세,상해없음,승용,여,53세,경상
2021100700100100,2021년 10월 7일 08시,목요일,전라북도 전주시 완산구 삼천동1가,경상사고,0,0,1,0,차대차 - 측면충돌,안전운전불이행,건조,맑음,교차로 - 교차로안,승용,여,63세,상해없음,승용,여,48세,경상
2021100700100126,2021년 10월 7일 09시,목요일,전라북도 전주시 완산구 효자동2가,경상사고,0,0,1,0,차대차 - 추돌,안전거리미확보,건조,맑음,단일로 - 기타,승용,남,25세,상해없음,승용,남,41세,경상
2021100700100195,2021년 10월 7일 11시,목요일,전라북도 익산시 모현동1가,중상사고,0,1,0,0,차대사람 - 횡단중,안전운전불이행,건조,맑음,교차로 - 교차로부근,승용,남,65세,상해없음,보행자,여,65세,중상
2021100700100262,2021년 10월 7일 13시,목요일,전라북도 군산시 해망동,경상사고,0,0,1,0,차대차 - 추돌,안전거리미확보,건조,맑음,교차로 - 교차로안,승용,남,73세,상해없음,승용,여,55세,경상
2021100700100301,2021년 10월 7일 14시,목요일,전라북도 순창군 순창읍,중상사고,0,1,1,0,차대차 - 측면충돌,신호위반,건조,맑음,교차로 - 교차로안,화물,남,64세,상해없음,화물,남,73세,상해없음
2021100700100327,2021년 10월 7일 15시,목요일,전라북도 정읍시 시기동,경상사고,0,0,1,0,차대차 - 측면충돌,교차로운행방법위반,건조,맑음,기타 - 기타,화물,남,27세,상해없음,승용,남,70세,경상
2021100700100392,2021년 10월 7일 17시,목요일,전라북도 김제시 순동,경상사고,0,0,1,0,차대차 - 측면충돌,안전거리미확보,건조,맑음,단일로 - 기타,승용,남,74세,상해없음,승용,남,64세,경상
2021100700100441,2021년 10월 7일 18시,목요일,전라북도 전주시 완산구 평화동2가,경상사고,0,0,2,0,차대차 - 추돌,안전운전불이행,건조,맑음,단일로 - 기타,승용,남,57세,상해없음,승용,여,52세,경상
2021100700100442,2021년 10월 7일 18시,목요일,전라북도 군산시 경장동,경상사고,0,0,2,0,차대차 - 측면충돌,안전운전불이행,건조,맑음,단일로 - 기타,승용,여,25세,상해없음,승용,남,71세,상해없음
2021100700100500,2021년 10월 7일 19시,목요일,전라북도 정읍시 시기동,중상사고,0,1,0,0,차대사람 - 횡단중,중앙선침범,건조,맑음,단일로 - 기타,승용,남,19세,상해없음,보행자,여,56세,중상
2021100700100501,2021년 10월 7일 19시,목요일,전라북도 완주군 삼례읍,경상사고,0,0,1,0,차대차 - 측면충돌,차로위반,건조,맑음,단일로 - 기타,승용,남,50세,상해없음,승용,남,34세,경상
2021100700100559,2021년 10월 7일 21시,목요일,전라북도 완주군 봉동읍,중상사고,0,1,0,0,차대사람 - 횡단중,안전운전불이행,건조,맑음,교차로 - 교차로안,승용,여,54세,상해없음,보행자,남,49세,중상
2021100700100581,2021년 10월 7일 22시,목요일,전라북도 군산시 옥도면,경상사고,0,0,2,0,차대차 - 추돌,안전거리미확보,건조,맑음,단일로 - 기타,승용,남,39세,상해없음,화물,남,62세,경상
2021100800100037,2021년 10월 8일 06시,금요일,전라북도 전주시 덕진구 덕진동2가,중상사고,0,2,3,0,차대차 - 측면충돌,신호위반,건조,맑음,교차로 - 교차로안,승합,남,49세,상해없음,화물,남,49세,중상
2021100800100055,2021년 10월 8일 07시,금요일,전라북도 전주시 완산구 용복동,중상사고,0,1,3,0,차대차 - 기타,신호위반,건조,맑음,교차로 - 교차로안,승용,남,23세,상해없음,승용,여,29세,경상
2021100800100056,2021년 10월 8일 07시,금요일,전라북도 익산시 창인동1가,경상사고,0,0,1,0,차대차 - 측면충돌,안전운전불이행,건조,맑음,교차로 - 교차로안,자전거,남,81세,경상,승용,남,63세,상해없음
2021100800100093,2021년 10월 8일 08시,금요일,전라북도 전주시 덕진구 호성동1가,경상사고,0,0,1,0,차대차 - 추돌,안전운전불이행,건조,흐림,교차로 - 교차로안,승용,남,39세,상해없음,승용,여,29세,경상
2021100800100130,2021년 10월 8일 09시,금요일,전라북도 임실군 임실읍,부상신고사고,0,0,0,1,차대차 - 추돌,안전운전불이행,건조,맑음,교차로 - 교차로횡단보도내,화물,남,36세,상해없음,승용,남,83세,부상신고
2021100800100131,2021년 10월 8일 09시,금요일,전라북도 무주군 부남면,경상사고,0,0,1,0,차대차 - 측면충돌,안전운전불이행,건조,맑음,교차로 - 교차로안,화물,남,26세,상해없음,화물,남,44세,경상
2021100800100153,2021년 10월 8일 10시,금요일,전라북도 전주시 완산구 서노송동,중상사고,0,3,5,0,차대차 - 기타,교차로운행방법위반,젖음/습기,비,교차로 - 교차로안,승용,남,68세,상해없음,승합,남,51세,경상
2021100800100154,2021년 10월 8일 10시,금요일,전라북도 전주시 덕진구 만성동,경상사고,0,0,1,0,차대차 - 측면충돌,안전거리미확보,건조,흐림,단일로 - 기타,화물,남,59세,상해없음,승용,여,66세,경상
2021100800100155,2021년 10월 8일 10시,금요일,전라북도 군산시 옥산면,경상사고,0,0,1,0,차대차 - 기타,신호위반,건조,흐림,교차로 - 교차로안,승용,남,61세,상해없음,화물,여,40세,경상
2021100800100156,2021년 10월 8일 10시,금요일,전라북도 남원시 산곡동,경상사고,0,0,1,0,차대차 - 추돌,안전운전불이행,기타,맑음,단일로 - 터널,승용,남,54세,상해없음,승용,여,54세,경상
2021100800100262,2021년 10월 8일 13시,금요일,전라북도 전주시 완산구 태평동,경상사고,0,0,2,0,차대차 - 기타,안전운전불이행,건조,맑음,단일로 - 기타,승용,여,61세,상해없음,승용,남,39세,경상
2021100800100308,2021년 10월 8일 14시,금요일,전라북도 군산시 오식도동,경상사고,0,0,2,0,차대차 - 기타,안전운전불이행,건조,흐림,단일로 - 기타,승용,여,26세,상해없음,승용,남,46세,경상
2021100800100309,2021년 10월 8일 14시,금요일,전라북도 익산시 어양동,중상사고,0,1,0,0,차대사람 - 차도통행중,안전운전불이행,건조,맑음,단일로 - 기타,승용,남,58세,상해없음,보행자,여,10세,중상
2021100800100310,2021년 10월 8일 14시,금요일,전라북도 남원시 고죽동,경상사고,0,0,1,0,차대차 - 측면충돌,안전운전불이행,기타,비,교차로 - 교차로안,화물,남,77세,상해없음,승용,여,60세,경상
2021100800100311,2021년 10월 8일 14시,금요일,전라북도 완주군 화산면,중상사고,0,1,0,0,차대차 - 기타,교차로운행방법위반,건조,맑음,교차로 - 교차로안,승용,여,48세,상해없음,원동기,남,90세,중상
2021100800100345,2021년 10월 8일 15시,금요일,전라북도 전주시 덕진구 팔복동1가,경상사고,0,0,1,0,차대차 - 측면충돌,신호위반,젖음/습기,비,교차로 - 교차로안,승용,남,55세,상해없음,승용,남,54세,경상
2021100800100346,2021년 10월 8일 15시,금요일,전라북도 익산시 석왕동,경상사고,0,0,1,0,차대차 - 측면충돌,안전운전불이행,건조,맑음,단일로 - 기타,승용,여,70세,상해없음,화물,남,79세,경상
2021100800100347,2021년 10월 8일 15시,금요일,전라북도 진안군 용담면,중상사고,0,1,1,0,차량단독 - 전도전복 - 전도,안전운전불이행,젖음/습기,흐림,단일로 - 기타,승용,남,66세,경상,,,,
2021100800100423,2021년 10월 8일 17시,금요일,전라북도 전주시 완산구 삼천동1가,중상사고,0,1,0,0,차대사람 - 기타,안전운전불이행,건조,맑음,단일로 - 기타,승용,여,66세,상해없음,보행자,여,54세,중상
2021100800100493,2021년 10월 8일 18시,금요일,전라북도 전주시 완산구 삼천동3가,경상사고,0,0,2,0,차대차 - 측면충돌,안전거리미확보,건조,맑음,단일로 - 기타,화물,남,65세,상해없음,승용,남,33세,경상
2021100900100024,2021년 10월 9일 05시,토요일,전라북도 완주군 소양면,중상사고,0,2,3,0,차대차 - 기타,중앙선침범,건조,맑음,단일로 - 기타,승용,남,31세,상해없음,승용,남,64세,중상
2021100900100035,2021년 10월 9일 06시,토요일,전라북도 익산시 임상동,경상사고,0,0,1,0,차대차 - 추돌,기타,건조,맑음,교차로 - 교차로부근,승용,남,36세,상해없음,승용,남,61세,경상
2021100900100094,2021년 10월 9일 10시,토요일,전라북도 군산시 장미동,경상사고,0,0,1,0,차대차 - 측면충돌,안전운전불이행,건조,맑음,교차로 - 교차로부근,승용,남,42세,상해없음,승용,남,41세,경상
2021100900100117,2021년 10월 9일 11시,토요일,전라북도 전주시 완산구 삼천동1가,중상사고,0,1,0,0,차대차 - 정면충돌,안전운전불이행,건조,맑음,교차로 - 교차로안,화물,남,53세,상해없음,자전거,남,74세,중상
2021100900100118,2021년 10월 9일 11시,토요일,전라북도 전주시 덕진구 금암동,경상사고,0,0,2,0,차대차 - 정면충돌,중앙선침범,건조,맑음,교차로 - 교차로부근,이륜,남,38세,상해없음,승용,남,26세,경상
2021100900100119,2021년 10월 9일 11시,토요일,전라북도 익산시 모현동1가,중상사고,0,1,0,0,차대차 - 측면충돌,안전운전불이행,건조,맑음,교차로 - 교차로안,승용,남,53세,상해없음,자전거,남,60세,중상
2021100900100191,2021년 10월 9일 13시,토요일,전라북도 군산시 경암동,부상신고사고,0,0,0,1,차대차 - 측면충돌,안전운전불이행,건조,맑음,교차로 - 교차로안,개인형이동수단(PM),남,21세,부상신고,승용,남,26세,상해없음
2021100900100192,2021년 10월 9일 13시,토요일,전라북도 군산시 소룡동,중상사고,0,1,0,0,차대차 - 측면충돌,안전운전불이행,건조,맑음,교차로 - 교차로안,승용,남,59세,상해없음,이륜,남,39세,중상
2021100900100193,2021년 10월 9일 13시,토요일,전라북도 익산시 오산면,중상사고,0,1,0,0,차대사람 - 기타,안전운전불이행,건조,맑음,단일로 - 기타,화물,남,49세,상해없음,보행자,남,81세,중상
2021100900100231,2021년 10월 9일 14시,토요일,전라북도 군산시 개정면,부상신고사고,0,0,0,1,차대차 - 추돌,안전운전불이행,건조,맑음,교차로 - 교차로부근,승용,남,64세,상해없음,승용,남,74세,부상신고
2021100900100264,2021년 10월 9일 15시,토요일,전라북도 진안군 정천면,경상사고,0,0,3,0,차대차 - 추돌,안전거리미확보,건조,맑음,미분류 - 미분류,승용,여,25세,기타불명,승용,남,43세,경상
2021100900100295,2021년 10월 9일 16시,토요일,전라북도 군산시 소룡동,경상사고,0,0,1,0,차대차 - 후진중충돌,안전운전불이행,건조,맑음,기타 - 기타,화물,남,50세,상해없음,승용,남,43세,경상
2021100900100333,2021년 10월 9일 17시,토요일,전라북도 전주시 덕진구 성덕동,중상사고,0,1,0,0,차대차 - 측면충돌,안전운전불이행,건조,맑음,교차로 - 교차로부근,승용,남,55세,상해없음,자전거,남,39세,중상
2021100900100334,2021년 10월 9일 17시,토요일,전라북도 무주군 안성면,경상사고,0,0,1,0,차대차 - 측면충돌,안전운전불이행,건조,맑음,교차로 - 교차로부근,승용,남,73세,상해없음,농기계,남,81세,경상
2021100900100389,2021년 10월 9일 18시,토요일,전라북도 전주시 완산구 경원동3가,경상사고,0,0,1,0,차대사람 - 기타,안전운전불이행,건조,맑음,기타 - 기타,자전거,남,14세,상해없음,보행자,여,59세,경상
2021100900100390,2021년 10월 9일 18시,토요일,전라북도 군산시 임피면,경상사고,0,0,1,0,차대차 - 추돌,안전운전불이행,젖음/습기,흐림,단일로 - 기타,승용,남,74세,상해없음,화물,남,73세,경상
2021100900100391,2021년 10월 9일 18시,토요일,전라북도 남원시 천거동,경상사고,0,0,1,0,차대차 - 측면충돌,안전운전불이행,기타,맑음,교차로 - 교차로횡단보도내,승용,남,69세,상해없음,자전거,남,53세,경상
2021100900100438,2021년 10월 9일 19시,토요일,전라북도 군산시 옥도면,중상사고,0,1,1,0,차대차 - 추돌,안전운전불이행,젖음/습기,흐림,단일로 - 기타,승용,남,30세,상해없음,승용,남,42세,중상
2021100900100543,2021년 10월 9일 22시,토요일,전라북도 전주시 완산구 효자동3가,경상사고,0,0,2,0,차대차 - 기타,안전운전불이행,건조,맑음,단일로 - 기타,승용,남,24세,상해없음,승용,남,20세,기타불명
2021100900100573,2021년 10월 9일 23시,토요일,전라북도 익산시 마동,경상사고,0,0,1,0,차대차 - 측면충돌,신호위반,건조,맑음,교차로 - 교차로안,이륜,남,43세,상해없음,승용,남,56세,경상
2021101000100047,2021년 10월 10일 07시,일요일,전라북도 전주시 완산구 서서학동,경상사고,0,0,1,0,차대차 - 정면충돌,신호위반,건조,맑음,단일로 - 터널,승용,남,59세,상해없음,승용,남,70세,경상
2021101000100087,2021년 10월 10일 10시,일요일,전라북도 군산시 비응도동,경상사고,0,0,3,0,차대차 - 추돌,안전운전불이행,건조,맑음,단일로 - 기타,승용,여,21세,상해없음,승용,남,58세,경상
2021101000100117,2021년 10월 10일 11시,일요일,전라북도 전주시 덕진구 팔복동1가,경상사고,0,0,2,0,차대차 - 측면충돌,안전운전불이행,건조,맑음,교차로 - 교차로안,승용,여,47세,상해없음,화물,남,53세,경상
2021101000100118,2021년 10월 10일 11시,일요일,전라북도 익산시 마동,경상사고,0,0,1,0,차대차 - 측면충돌,안전운전불이행,건조,맑음,교차로 - 교차로안,승용,남,65세,상해없음,승용,남,26세,경상
2021101000100175,2021년 10월 10일 13시,일요일,전라북도 부안군 행안면,사망사고,1,0,0,0,차대차 - 측면충돌,교차로운행방법위반,건조,흐림,교차로 - 교차로안,이륜,남,78세,사망,승합,남,69세,상해없음
2021101000100176,2021년 10월 10일 13시,일요일,전라북도 진안군 부귀면,경상사고,0,0,2,0,차대차 - 측면충돌,신호위반,건조,맑음,교차로 - 교차로안,승용,남,19세,상해없음,승용,여,52세,경상
2021101000100244,2021년 10월 10일 15시,일요일,전라북도 고창군 고창읍,중상사고,0,2,2,0,차대차 - 측면충돌,교차로운행방법위반,건조,맑음,교차로 - 교차로안,승용,남,60세,상해없음,승용,남,41세,중상
2021101000100281,2021년 10월 10일 16시,일요일,전라북도 전주시 완산구 효자동2가,중상사고,0,1,0,0,차대차 - 정면충돌,신호위반,건조,맑음,교차로 - 교차로안,승용,남,42세,상해없음,이륜,남,46세,중상
2021101000100323,2021년 10월 10일 17시,일요일,전라북도 군산시 오식도동,중상사고,0,1,2,0,차대차 - 측면충돌,차로위반,젖음/습기,맑음,단일로 - 기타,승용,남,33세,상해없음,승용,남,59세,경상
2021101000100324,2021년 10월 10일 17시,일요일,전라북도 무주군 설천면,경상사고,0,0,6,0,차대차 - 측면충돌,안전운전불이행,건조,맑음,단일로 - 지하차도(도로)내,승용,여,52세,경상,승용,남,44세,경상
2021101000100403,2021년 10월 10일 19시,일요일,전라북도 익산시 신동,경상사고,0,0,1,0,차대사람 - 기타,안전운전불이행,건조,맑음,단일로 - 기타,승용,남,33세,상해없음,보행자,남,21세,경상
2021101000100482,2021년 10월 10일 21시,일요일,전라북도 전주시 덕진구 덕진동1가,경상사고,0,0,2,0,차대차 - 측면충돌,안전운전불이행,건조,맑음,교차로 - 교차로부근,승용,남,63세,기타불명,승용,남,59세,경상
2021101000100483,2021년 10월 10일 21시,일요일,전라북도 전주시 덕진구 우아동1가,경상사고,0,0,1,0,차대차 - 정면충돌,중앙선침범,젖음/습기,비,단일로 - 기타,승용,남,50세,상해없음,승용,남,52세,상해없음
2021101000100484,2021년 10월 10일 21시,일요일,전라북도 완주군 삼례읍,경상사고,0,0,4,0,차대차 - 정면충돌,중앙선침범,젖음/습기,비,단일로 - 기타,승용,남,46세,상해없음,승용,남,26세,경상
2021101000100517,2021년 10월 10일 22시,일요일,전라북도 전주시 완산구 서신동,경상사고,0,0,3,0,차대사람 - 길가장자리구역통행중,안전운전불이행,젖음/습기,비,교차로 - 교차로횡단보도내,승용,남,40세,상해없음,보행자,남,21세,경상
2021101000100518,2021년 10월 10일 22시,일요일,전라북도 전주시 완산구 다가동4가,경상사고,0,0,1,0,차대사람 - 길가장자리구역통행중,안전운전불이행,젖음/습기,흐림,단일로 - 기타,승용,남,26세,상해없음,보행자,남,22세,경상
2021101000100519,2021년 10월 10일 22시,일요일,전라북도 군산시 비응도동,사망사고,1,0,0,0,차량단독 - 공작물충돌,안전운전불이행,젖음/습기,비,교차로 - 교차로부근,화물,남,49세,사망,,,,
2021101100100011,2021년 10월 11일 01시,월요일,전라북도 전주시 덕진구 덕진동2가,경상사고,0,0,2,0,차대차 - 측면충돌,안전운전불이행,건조,맑음,교차로 - 교차로부근,승용,남,52세,경상,승합,남,52세,상해없음
2021101100100029,2021년 10월 11일 05시,월요일,전라북도 전주시 덕진구 반월동,사망사고,1,1,0,0,차대차 - 측면충돌,기타,젖음/습기,비,교차로 - 교차로안,승용,남,55세,사망,승용,남,62세,중상