사고번호,사고일시,요일,시군구,사고내용,사망자수,중상자수,경상자수,부상신고자수,사고유형,법규위반,노면상태,기상상태,도로형태,가해운전자 차종,가해운전자 성별,가해운전자 연령,가해운전자 상해정도,피해운전자 차종,피해운전자 성별,피해운전자 연령,피해운전자 상해정도
2021101100100030,2021년 10월 11일 05시,월요일,전라북도 순창군 순창읍,경상사고,0,0,1,0,차대사람 - 차도통행중,안전운전불이행,젖음/습기,비,단일로 - 기타,승용,남,62세,상해없음,보행자,남,75세,경상
2021101100100052,2021년 10월 11일 07시,월요일,전라북도 완주군 봉동읍,경상사고,0,0,1,0,차대차 - 측면충돌,신호위반,젖음/습기,비,교차로 - 교차로안,승용,남,58세,상해없음,승용,남,43세,경상
2021101100100131,2021년 10월 11일 11시,월요일,전라북도 전주시 완산구 중화산동2가,경상사고,0,0,1,0,차대차 - 측면충돌,안전운전불이행,건조,맑음,기타 - 기타,화물,남,58세,상해없음,승용,남,38세,경상
2021101100100132,2021년 10월 11일 11시,월요일,전라북도 익산시 주현동,경상사고,0,0,1,0,차대차 - 측면충돌,차로위반,건조,맑음,단일로 - 기타,승용,여,66세,상해없음,승용,여,77세,경상
2021101100100166,2021년 10월 11일 12시,월요일,전라북도 고창군 아산면,경상사고,0,0,1,0,차대차 - 측면충돌,신호위반,젖음/습기,비,교차로 - 교차로안,승용,여,55세,상해없음,승용,남,56세,경상
2021101100100267,2021년 10월 11일 15시,월요일,전라북도 전주시 완산구 중화산동2가,경상사고,0,0,1,0,차대차 - 추돌,안전운전불이행,젖음/습기,비,교차로 - 교차로부근,승용,여,24세,상해없음,승용,여,52세,경상
2021101100100268,2021년 10월 11일 15시,월요일,전라북도 전주시 덕진구 송천동2가,중상사고,0,2,1,0,차대차 - 추돌,안전운전불이행,건조,맑음,단일로 - 기타,승용,남,69세,상해없음,화물,남,34세,경상
2021101100100340,2021년 10월 11일 17시,월요일,전라북도 전주시 완산구 효자동3가,경상사고,0,0,3,0,차대차 - 추돌,안전운전불이행,젖음/습기,비,교차로 - 교차로부근,승용,남,61세,상해없음,승용,여,31세,경상
2021101100100380,2021년 10월 11일 18시,월요일,전라북도 군산시 소룡동,중상사고,0,1,0,0,차대사람 - 차도통행중,안전운전불이행,젖음/습기,비,단일로 - 지하차도(도로)내,승용,남,26세,상해없음,보행자,여,56세,중상
2021101100100495,2021년 10월 11일 21시,월요일,전라북도 익산시 신용동,경상사고,0,0,2,0,차대차 - 정면충돌,신호위반,건조,맑음,교차로 - 교차로안,승용,남,49세,상해없음,승합,여,50세,경상
2021101100100522,2021년 10월 11일 22시,월요일,전라북도 전주시 완산구 효자동3가,경상사고,0,0,2,0,차대차 - 기타,안전운전불이행,건조,맑음,교차로 - 교차로안,승용,남,39세,상해없음,승용,남,31세,경상
2021101100100523,2021년 10월 11일 22시,월요일,전라북도 완주군 봉동읍,경상사고,0,0,1,0,차량단독 - 공작물충돌,안전운전불이행,건조,맑음,교차로 - 교차로부근,승용,남,53세,경상,,,,
2021101200100025,2021년 10월 12일 05시,화요일,전라북도 전주시 덕진구 금암동,경상사고,0,0,1,0,차대차 - 추돌,안전운전불이행,젖음/습기,비,교차로 - 교차로부근,승용,여,43세,상해없음,화물,남,46세,경상
2021101200100058,2021년 10월 12일 07시,화요일,전라북도 정읍시 태인면,사망사고,1,0,1,0,차대차 - 정면충돌,중앙선침범,젖음/습기,비,단일로 - 기타,승용,여,48세,경상,화물,남,60세,사망
2021101200100093,2021년 10월 12일 08시,화요일,전라북도 전주시 덕진구 인후동2가,중상사고,0,1,0,0,차대사람 - 횡단중,안전운전불이행,젖음/습기,비,교차로 - 교차로안,승용,여,27세,상해없음,보행자,여,50세,중상
2021101200100094,2021년 10월 12일 08시,화요일,전라북도 정읍시 송산동,경상사고,0,0,1,0,차대사람 - 횡단중,안전운전불이행,젖음/습기,비,교차로 - 교차로안,승용,남,53세,상해없음,보행자,남,60세,경상
2021101200100173,2021년 10월 12일 10시,화요일,전라북도 정읍시 소성면,경상사고,0,0,3,0,차대차 - 추돌,안전운전불이행,젖음/습기,비,교차로 - 교차로부근,화물,남,64세,상해없음,승용,여,38세,경상
2021101200100308,2021년 10월 12일 15시,화요일,전라북도 군산시 금동,경상사고,0,0,3,2,차대차 - 측면충돌,안전운전불이행,건조,맑음,교차로 - 교차로안,승용,여,42세,경상,승용,남,63세,경상
2021101200100344,2021년 10월 12일 16시,화요일,전라북도 군산시 대야면,경상사고,0,0,1,0,차대차 - 추돌,안전운전불이행,젖음/습기,비,단일로 - 기타,화물,남,55세,상해없음,승용,남,46세,경상
2021101200100379,2021년 10월 12일 17시,화요일,전라북도 전주시 완산구 효자동1가,경상사고,0,0,1,0,차대사람 - 기타,안전운전불이행,건조,맑음,기타 - 기타,승용,여,52세,상해없음,보행자,남,69세,경상
2021101200100430,2021년 10월 12일 18시,화요일,전라북도 전주시 완산구 효자동1가,경상사고,0,0,1,0,차대차 - 측면충돌,안전운전불이행,건조,맑음,교차로 - 교차로안,승합,남,63세,상해없음,승용,여,34세,경상
2021101200100431,2021년 10월 12일 18시,화요일,전라북도 전주시 덕진구 호성동2가,중상사고,0,2,0,0,차대차 - 측면충돌,안전운전불이행,건조,맑음,교차로 - 교차로안,화물,남,23세,상해없음,화물,남,72세,중상
2021101200100432,2021년 10월 12일 18시,화요일,전라북도 전주시 덕진구 금암동,중상사고,0,1,0,0,차대사람 - 횡단중,신호위반,건조,맑음,교차로 - 교차로안,이륜,남,24세,상해없음,보행자,남,59세,중상
2021101200100433,2021년 10월 12일 18시,화요일,전라북도 익산시 어양동,경상사고,0,0,1,0,차대사람 - 횡단중,안전운전불이행,젖음/습기,비,교차로 - 교차로안,승용,남,73세,상해없음,보행자,남,30세,경상
2021101200100434,2021년 10월 12일 18시,화요일,전라북도 완주군 봉동읍,중상사고,0,1,0,0,차대차 - 정면충돌,중앙선침범,건조,맑음,단일로 - 기타,승용,여,46세,상해없음,승용,남,30세,중상
2021101200100478,2021년 10월 12일 19시,화요일,전라북도 군산시 나운동,경상사고,0,0,1,0,차대사람 - 횡단중,보행자보호의무위반,젖음/습기,비,교차로 - 교차로횡단보도내,승용,남,67세,상해없음,보행자,남,52세,경상
2021101200100513,2021년 10월 12일 20시,화요일,전라북도 익산시 어양동,경상사고,0,0,1,0,차대사람 - 횡단중,안전운전불이행,젖음/습기,비,단일로 - 기타,이륜,남,27세,상해없음,보행자,여,15세,경상
2021101200100536,2021년 10월 12일 21시,화요일,전라북도 익산시 어양동,중상사고,0,2,0,0,차대사람 - 횡단중,신호위반,젖음/습기,비,교차로 - 교차로안,화물,남,20세,상해없음,보행자,여,47세,중상
2021101200100565,2021년 10월 12일 22시,화요일,전라북도 전주시 완산구 서신동,사망사고,1,0,0,0,차대사람 - 횡단중,기타,젖음/습기,흐림,단일로 - 기타,승용,남,66세,상해없음,보행자,여,58세,사망
2021101200100566,2021년 10월 12일 22시,화요일,전라북도 완주군 구이면,중상사고,0,1,0,0,차대차 - 추돌,안전운전불이행,젖음/습기,비,단일로 - 기타,승용,남,51세,상해없음,승용,남,60세,중상
2021101300100032,2021년 10월 13일 06시,수요일,전라북도 군산시 소룡동,경상사고,0,0,2,0,차대차 - 측면충돌,신호위반,건조,맑음,교차로 - 교차로안,화물,남,53세,상해없음,화물,남,46세,경상
2021101300100033,2021년 10월 13일 06시,수요일,전라북도 남원시 동충동,경상사고,0,0,1,0,차대차 - 측면충돌,직진우회전진행방해,건조,맑음,교차로 - 교차로안,화물,남,76세,상해없음,자전거,남,64세,경상
2021101300100054,2021년 10월 13일 07시,수요일,전라북도 군산시 나운동,경상사고,0,0,1,0,차대차 - 측면충돌,안전운전불이행,건조,맑음,교차로 - 교차로안,승용,여,38세,상해없음,자전거,남,42세,경상
2021101300100120,2021년 10월 13일 09시,수요일,전라북도 전주시 완산구 중앙동3가,중상사고,0,1,1,0,차대차 - 기타,안전운전불이행,건조,맑음,단일로 - 기타,승용,여,54세,중상,승용,여,50세,경상
2021101300100121,2021년 10월 13일 09시,수요일,전라북도 익산시 신동,중상사고,0,1,4,0,차대차 - 측면충돌,안전운전불이행,건조,맑음,교차로 - 교차로부근,승용,남,79세,상해없음,승용,남,80세,경상
2021101300100253,2021년 10월 13일 13시,수요일,전라북도 익산시 송학동,경상사고,0,0,2,0,차대차 - 측면충돌,안전운전불이행,건조,맑음,교차로 - 교차로부근,특수,남,48세,상해없음,승용,남,76세,상해없음
2021101300100254,2021년 10월 13일 13시,수요일,전라북도 김제시 용지면,중상사고,0,1,0,0,차대사람 - 차도통행중,불법유턴,건조,맑음,단일로 - 기타,화물,남,75세,상해없음,보행자,남,78세,중상
2021101300100284,2021년 10월 13일 14시,수요일,전라북도 전주시 완산구 서신동,경상사고,0,0,1,0,차대차 - 측면충돌,안전운전불이행,건조,맑음,교차로 - 교차로안,승용,남,65세,상해없음,승용,여,55세,경상
2021101300100285,2021년 10월 13일 14시,수요일,전라북도 순창군 인계면,부상신고사고,0,0,0,1,차량단독 - 기타,안전운전불이행,건조,맑음,단일로 - 기타,이륜,남,57세,부상신고,,,,
2021101300100286,2021년 10월 13일 14시,수요일,전라북도 무주군 설천면,경상사고,0,0,1,0,차대차 - 측면충돌,안전운전불이행,건조,맑음,교차로 - 교차로안,화물,남,70세,상해없음,승용,남,62세,경상
2021101300100287,2021년 10월 13일 14시,수요일,전라북도 무주군 무주읍,중상사고,0,1,0,0,차대사람 - 횡단중,안전운전불이행,건조,맑음,단일로 - 지하차도(도로)내,화물,남,47세,상해없음,보행자,여,82세,중상
2021101300100375,2021년 10월 13일 16시,수요일,전라북도 익산시 동산동,경상사고,0,0,1,0,차대사람 - 차도통행중,안전운전불이행,건조,맑음,단일로 - 기타,화물,남,50세,상해없음,보행자,여,90세,경상
2021101300100417,2021년 10월 13일 17시,수요일,전라북도 전주시 완산구 효자동3가,경상사고,0,0,3,0,차대차 - 추돌,안전운전불이행,건조,맑음,교차로 - 교차로부근,승용,남,27세,상해없음,승용,남,61세,경상
2021101300100418,2021년 10월 13일 17시,수요일,전라북도 군산시 수송동,경상사고,0,0,1,0,차대차 - 측면충돌,안전운전불이행,건조,맑음,교차로 - 교차로부근,승용,여,40세,상해없음,자전거,남,11세,경상
2021101300100465,2021년 10월 13일 18시,수요일,전라북도 전주시 완산구 서신동,경상사고,0,0,2,0,차대차 - 추돌,안전운전불이행,건조,맑음,단일로 - 기타,승용,남,60세,상해없음,승용,여,26세,경상
2021101300100466,2021년 10월 13일 18시,수요일,전라북도 전주시 완산구 색장동,경상사고,0,0,1,0,차대차 - 기타,안전운전불이행,건조,맑음,기타 - 기타,화물,남,75세,상해없음,승용,남,36세,경상
2021101300100467,2021년 10월 13일 18시,수요일,전라북도 전주시 덕진구 금암동,경상사고,0,0,2,0,차대차 - 추돌,안전운전불이행,건조,맑음,교차로 - 교차로부근,승용,남,61세,상해없음,승용,남,51세,경상
2021101300100549,2021년 10월 13일 20시,수요일,전라북도 전주시 덕진구 금암동,사망사고,1,0,0,0,차대사람 - 기타,안전운전불이행,건조,맑음,단일로 - 기타,승용,여,52세,상해없음,보행자,남,58세,사망
2021101300100582,2021년 10월 13일 21시,수요일,전라북도 전주시 완산구 효자동1가,경상사고,0,0,2,0,차대차 - 정면충돌,신호위반,건조,맑음,교차로 - 교차로안,이륜,남,21세,경상,승용,남,18세,경상
2021101300100605,2021년 10월 13일 22시,수요일,전라북도 전주시 완산구 효자동2가,경상사고,0,0,2,0,차대차 - 기타,안전거리미확보,건조,맑음,교차로 - 교차로안,승용,남,66세,상해없음,승용,남,30세,경상
2021101300100606,2021년 10월 13일 22시,수요일,전라북도 전주시 완산구 효자동2가,경상사고,0,0,4,0,차대차 - 측면충돌,신호위반,건조,맑음,교차로 - 교차로안,승용,남,26세,경상,승용,남,26세,경상
2021101300100607,2021년 10월 13일 22시,수요일,전라북도 익산시 금강동,경상사고,0,0,1,0,차대차 - 추돌,안전운전불이행,건조,맑음,교차로 - 교차로안,승용,남,28세,상해없음,승용,여,32세,경상
2021101400100008,2021년 10월 14일 00시,목요일,전라북도 완주군 삼례읍,중상사고,0,1,0,0,차대차 - 추돌,안전운전불이행,건조,맑음,단일로 - 기타,승용,남,30세,상해없음,자전거,남,63세,중상
2021101400100014,2021년 10월 14일 01시,목요일,전라북도 전주시 완산구 효자동3가,경상사고,0,0,2,0,차대차 - 기타,안전운전불이행,건조,맑음,교차로 - 교차로부근,승용,여,33세,상해없음,승용,여,36세,경상
2021101400100015,2021년 10월 14일 01시,목요일,전라북도 전주시 덕진구 인후동1가,중상사고,0,1,0,0,차대사람 - 횡단중,안전운전불이행,건조,맑음,교차로 - 교차로부근,승용,남,53세,상해없음,보행자,여,17세,중상
2021101400100037,2021년 10월 14일 05시,목요일,전라북도 부안군 동진면,중상사고,0,1,0,0,차대차 - 후진중충돌,중앙선침범,젖음/습기,안개,단일로 - 기타,화물,남,63세,상해없음,이륜,남,70세,중상
2021101400100070,2021년 10월 14일 07시,목요일,전라북도 익산시 모현동1가,경상사고,0,0,2,0,차대차 - 측면충돌,신호위반,건조,맑음,교차로 - 교차로안,승용,남,48세,상해없음,승용,남,55세,경상
2021101400100113,2021년 10월 14일 08시,목요일,전라북도 전주시 덕진구 용정동,경상사고,0,0,2,0,차대차 - 측면충돌,안전거리미확보,건조,맑음,단일로 - 기타,승용,여,27세,기타불명,승용,여,30세,경상
2021101400100114,2021년 10월 14일 08시,목요일,전라북도 전주시 덕진구 반월동,경상사고,0,0,1,0,차대차 - 측면충돌,안전운전불이행,건조,맑음,단일로 - 기타,화물,남,56세,상해없음,승용,남,64세,경상
2021101400100115,2021년 10월 14일 08시,목요일,전라북도 익산시 신동,경상사고,0,0,1,0,차대차 - 측면충돌,신호위반,건조,맑음,교차로 - 교차로안,승용,남,58세,상해없음,자전거,남,61세,경상
2021101400100159,2021년 10월 14일 09시,목요일,전라북도 전주시 덕진구 인후동2가,경상사고,0,0,1,0,차대차 - 기타,안전운전불이행,건조,맑음,단일로 - 기타,승합,남,49세,상해없음,승용,남,75세,상해없음
2021101400100191,2021년 10월 14일 10시,목요일,전라북도 전주시 완산구 효자동3가,경상사고,0,0,1,0,차대차 - 추돌,안전운전불이행,건조,기타,단일로 - 터널,승용,여,40세,상해없음,승용,여,46세,경상
2021101400100225,2021년 10월 14일 11시,목요일,전라북도 군산시 수송동,중상사고,0,1,0,0,차대차 - 측면충돌,안전운전불이행,건조,맑음,기타 - 기타,승용,남,66세,상해없음,자전거,남,18세,중상
2021101400100294,2021년 10월 14일 13시,목요일,전라북도 남원시 신정동,경상사고,0,0,1,0,차량단독 - 공작물충돌,안전운전불이행,건조,맑음,단일로 - 기타,화물,남,53세,경상,,,,
2021101400100295,2021년 10월 14일 13시,목요일,전라북도 임실군 관촌면,중상사고,0,1,0,0,차대차 - 추돌,안전운전불이행,건조,맑음,단일로 - 기타,화물,남,62세,상해없음,승용,남,53세,중상
2021101400100375,2021년 10월 14일 15시,목요일,전라북도 남원시 도통동,경상사고,0,0,1,0,차대차 - 측면충돌,직진우회전진행방해,건조,맑음,교차로 - 교차로안,화물,남,73세,상해없음,이륜,남,60세,경상
2021101400100376,2021년 10월 14일 15시,목요일,전라북도 완주군 삼례읍,경상사고,0,0,1,0,차대차 - 추돌,안전운전불이행,건조,맑음,교차로 - 교차로부근,이륜,남,76세,상해없음,승용,여,62세,경상
2021101400100403,2021년 10월 14일 16시,목요일,전라북도 고창군 흥덕면,경상사고,0,0,2,0,차대차 - 측면충돌,신호위반,건조,맑음,교차로 - 교차로횡단보도내,건설기계,남,29세,상해없음,승용,남,26세,경상
2021101400100443,2021년 10월 14일 17시,목요일,전라북도 익산시 영등동,경상사고,0,0,1,0,차대사람 - 기타,안전운전불이행,건조,맑음,교차로 - 교차로안,승용,남,60세,상해없음,보행자,남,54세,경상
2021101400100444,2021년 10월 14일 17시,목요일,전라북도 고창군 흥덕면,경상사고,0,0,1,0,차대차 - 추돌,안전운전불이행,건조,맑음,단일로 - 기타,화물,남,60세,상해없음,승용,여,27세,경상
2021101400100445,2021년 10월 14일 17시,목요일,전라북도 진안군 진안읍,경상사고,0,0,1,0,차대차 - 측면충돌,안전운전불이행,건조,맑음,교차로 - 교차로부근,승용,남,69세,상해없음,이륜,남,72세,경상
2021101400100503,2021년 10월 14일 18시,목요일,전라북도 익산시 황등면,경상사고,0,0,1,0,차대차 - 정면충돌,안전운전불이행,건조,맑음,교차로 - 교차로안,화물,남,52세,상해없음,승용,남,40세,경상
2021101400100504,2021년 10월 14일 18시,목요일,전라북도 익산시 어양동,경상사고,0,0,1,0,차대차 - 측면충돌,차로위반,건조,맑음,단일로 - 기타,승용,여,50세,상해없음,승용,여,53세,경상
2021101400100545,2021년 10월 14일 19시,목요일,전라북도 전주시 덕진구 반월동,경상사고,0,0,1,0,차대차 - 측면충돌,안전운전불이행,건조,맑음,주차장 - 주차장,승용,남,54세,상해없음,승용,여,30세,경상
2021101400100546,2021년 10월 14일 19시,목요일,전라북도 전주시 덕진구 인후동1가,경상사고,0,0,1,0,차대차 - 측면충돌,신호위반,건조,맑음,교차로 - 교차로안,승용,여,68세,상해없음,이륜,남,39세,경상
2021101400100547,2021년 10월 14일 19시,목요일,전라북도 남원시 도통동,중상사고,0,1,0,0,차대차 - 측면충돌,안전운전불이행,건조,맑음,교차로 - 교차로안,승용,남,30세,상해없음,이륜,남,32세,중상
2021101400100586,2021년 10월 14일 20시,목요일,전라북도 군산시 미장동,중상사고,0,1,0,0,차대차 - 측면충돌,차로위반,건조,맑음,교차로 - 교차로안,승용,여,28세,상해없음,이륜,남,48세,중상
2021101400100629,2021년 10월 14일 22시,목요일,전라북도 익산시 영등동,중상사고,0,2,0,0,차대차 - 측면충돌,안전운전불이행,건조,맑음,단일로 - 기타,승용,여,29세,상해없음,승용,남,49세,중상
2021101400100647,2021년 10월 14일 23시,목요일,전라북도 전주시 덕진구 전미동2가,경상사고,0,0,1,0,차대차 - 측면충돌,신호위반,건조,맑음,교차로 - 교차로안,승용,남,33세,상해없음,승용,남,60세,경상
2021101500100088,2021년 10월 15일 08시,금요일,전라북도 전주시 완산구 효자동2가,경상사고,0,0,1,0,차대차 - 측면충돌,교차로운행방법위반,건조,맑음,교차로 - 교차로부근,승용,여,31세,상해없음,승용,여,31세,경상
2021101500100168,2021년 10월 15일 10시,금요일,전라북도 익산시 평화동,중상사고,0,1,0,0,차대사람 - 횡단중,안전운전불이행,건조,흐림,단일로 - 기타,화물,남,30세,상해없음,보행자,여,68세,중상
2021101500100169,2021년 10월 15일 10시,금요일,전라북도 정읍시 산내면,경상사고,0,0,1,0,차대차 - 측면충돌,안전운전불이행,젖음/습기,흐림,단일로 - 기타,원동기,남,70세,경상,승용,남,67세,상해없음
2021101500100170,2021년 10월 15일 10시,금요일,전라북도 김제시 신풍동,경상사고,0,0,1,0,차대사람 - 횡단중,보행자보호의무위반,건조,맑음,단일로 - 기타,승용,남,62세,상해없음,보행자,여,48세,경상
2021101500100253,2021년 10월 15일 12시,금요일,전라북도 무주군 무주읍,중상사고,0,3,0,0,차대차 - 측면충돌,신호위반,건조,맑음,교차로 - 교차로안,건설기계,남,61세,상해없음,승용,남,68세,중상
2021101500100313,2021년 10월 15일 14시,금요일,전라북도 전주시 덕진구 만성동,중상사고,0,1,1,0,차대차 - 기타,교차로운행방법위반,건조,맑음,교차로 - 교차로안,화물,남,69세,상해없음,승합,남,50세,경상
2021101500100380,2021년 10월 15일 16시,금요일,전라북도 익산시 오산면,중상사고,0,1,0,0,차대차 - 추돌,안전운전불이행,젖음/습기,비,교차로 - 교차로부근,화물,남,58세,상해없음,승용,남,56세,중상
2021101500100467,2021년 10월 15일 18시,금요일,전라북도 전주시 완산구 효자동1가,경상사고,0,0,1,1,차대차 - 기타,안전운전불이행,젖음/습기,비,단일로 - 기타,승합,남,46세,상해없음,승용,여,47세,경상
2021101500100531,2021년 10월 15일 19시,금요일,전라북도 군산시 수송동,경상사고,0,0,1,0,차대차 - 기타,안전거리미확보,젖음/습기,비,단일로 - 기타,승합,남,53세,상해없음,이륜,남,36세,경상
2021101500100532,2021년 10월 15일 19시,금요일,전라북도 익산시 신동,경상사고,0,0,1,0,차대차 - 측면충돌,안전운전불이행,젖음/습기,비,교차로 - 교차로부근,승용,남,20세,경상,승용,남,53세,상해없음
2021101500100576,2021년 10월 15일 20시,금요일,전라북도 군산시 나운동,중상사고,0,1,0,0,차대사람 - 횡단중,안전운전불이행,젖음/습기,맑음,교차로 - 교차로안,승용,여,20세,상해없음,보행자,남,58세,중상
2021101500100577,2021년 10월 15일 20시,금요일,전라북도 장수군 계북면,경상사고,0,0,1,0,차대차 - 추돌,안전운전불이행,젖음/습기,비,단일로 - 기타,승합,남,35세,상해없음,승용,남,35세,경상
2021101600100011,2021년 10월 16일 00시,토요일,전라북도 전주시 완산구 효자동2가,경상사고,0,0,2,0,차대차 - 기타,안전운전불이행,건조,맑음,교차로 - 교차로부근,승용,여,49세,상해없음,승용,여,26세,경상
2021101600100013,2021년 10월 16일 00시,토요일,전라북도 완주군 봉동읍,경상사고,0,0,1,0,차대사람 - 차도통행중,중앙선침범,젖음/습기,비,단일로 - 기타,화물,남,44세,상해없음,보행자,남,51세,경상
2021101600100088,2021년 10월 16일 08시,토요일,전라북도 전주시 덕진구 중동,경상사고,0,0,1,0,차대차 - 측면충돌,교차로운행방법위반,건조,흐림,교차로 - 교차로안,승용,여,49세,상해없음,이륜,남,34세,경상
2021101600100115,2021년 10월 16일 09시,토요일,전라북도 부안군 부안읍,경상사고,0,0,1,0,차대사람 - 횡단중,안전운전불이행,건조,흐림,교차로 - 교차로부근,승용,남,69세,상해없음,보행자,여,52세,경상
2021101600100196,2021년 10월 16일 12시,토요일,전라북도 전주시 완산구 서완산동1가,경상사고,0,0,1,0,차대차 - 기타,신호위반,건조,맑음,교차로 - 교차로안,승용,남,78세,상해없음,승용,남,53세,경상
2021101600100197,2021년 10월 16일 12시,토요일,전라북도 군산시 미장동,경상사고,0,0,1,0,차대차 - 기타,신호위반,건조,맑음,교차로 - 교차로안,이륜,여,19세,상해없음,승용,남,47세,경상
2021101600100198,2021년 10월 16일 12시,토요일,전라북도 무주군 설천면,경상사고,0,0,1,0,차대차 - 추돌,안전운전불이행,건조,맑음,단일로 - 지하차도(도로)내,승용,남,57세,상해없음,승용,남,50세,경상
2021101600100237,2021년 10월 16일 13시,토요일,전라북도 익산시 신동,경상사고,0,0,2,0,차대차 - 측면충돌,교차로운행방법위반,건조,맑음,교차로 - 교차로안,승용,남,70세,상해없음,승용,남,56세,경상
2021101600100309,2021년 10월 16일 15시,토요일,전라북도 익산시 용안면,경상사고,0,0,1,0,차대차 - 측면충돌,신호위반,건조,맑음,교차로 - 교차로안,승용,남,36세,상해없음,승용,남,28세,경상
2021101600100337,2021년 10월 16일 16시,토요일,전라북도 군산시 수송동,경상사고,0,0,1,0,차대사람 - 보도통행중,기타,건조,맑음,단일로 - 기타,개인형이동수단(PM),여,14세,상해없음,보행자,남,43세,경상
2021101600100400,2021년 10월 16일 18시,토요일,전라북도 익산시 어양동,경상사고,0,0,1,0,차대사람 - 횡단중,안전운전불이행,건조,맑음,교차로 - 교차로부근,이륜,남,16세,기타불명,보행자,남,30세,경상
2021101600100401,2021년 10월 16일 18시,토요일,전라북도 정읍시 수성동,경상사고,0,0,1,0,차대차 - 측면충돌,안전운전불이행,건조,맑음,단일로 - 기타,승용,남,38세,상해없음,승용,남,36세,경상
2021101600100441,2021년 10월 16일 19시,토요일,전라북도 전주시 덕진구 진북동,경상사고,0,0,2,0,차대차 - 정면충돌,신호위반,건조,흐림,교차로 - 교차로안,승용,남,48세,상해없음,승용,남,34세,경상
2021101600100442,2021년 10월 16일 19시,토요일,전라북도 군산시 산북동,경상사고,0,0,1,0,차대차 - 기타,중앙선침범,건조,맑음,단일로 - 기타,승용,남,79세,상해없음,승용,남,25세,경상
2021101600100479,2021년 10월 16일 21시,토요일,전라북도 군산시 오식도동,경상사고,0,0,1,0,차대차 - 기타,안전운전불이행,건조,흐림,교차로 - 교차로안,화물,남,61세,상해없음,승용,남,57세,경상
2021101600100510,2021년 10월 16일 22시,토요일,전라북도 군산시 수송동,경상사고,0,0,1,0,차대차 - 기타,안전운전불이행,건조,맑음,교차로 - 교차로부근,자전거,남,18세,상해없음,이륜,남,27세,경상
2021101600100511,2021년 10월 16일 22시,토요일,전라북도 군산시 수송동,경상사고,0,0,1,0,차대차 - 추돌,안전운전불이행,건조,흐림,교차로 - 교차로부근,승용,남,39세,상해없음,승용,남,36세,경상
2021101600100541,2021년 10월 16일 23시,토요일,전라북도 전주시 완산구 서신동,경상사고,0,0,1,0,차대차 - 추돌,안전운전불이행,건조,맑음,교차로 - 교차로부근,승용,남,56세,상해없음,화물,남,60세,경상
2021101700100023,2021년 10월 17일 02시,일요일,전라북도 군산시 신관동,중상사고,0,1,1,0,차대차 - 정면충돌,중앙선침범,건조,맑음,단일로 - 기타,승합,남,27세,상해없음,화물,남,46세,중상
2021101700100190,2021년 10월 17일 14시,일요일,전라북도 전주시 덕진구 여의동,경상사고,0,0,3,0,차대차 - 측면충돌,신호위반,건조,맑음,교차로 - 교차로부근,화물,남,53세,상해없음,승용,남,46세,경상
2021101700100191,2021년 10월 17일 14시,일요일,전라북도 군산시 나운동,경상사고,0,0,1,0,차대차 - 기타,안전운전불이행,건조,맑음,교차로 - 교차로안,자전거,남,12세,경상,승용,여,42세,상해없음
2021101700100249,2021년 10월 17일 16시,일요일,전라북도 군산시 서수면,경상사고,0,0,1,0,차량단독 - 기타,안전운전불이행,건조,맑음,단일로 - 기타,이륜,남,64세,경상,,,,
2021101700100283,2021년 10월 17일 17시,일요일,전라북도 전주시 완산구 서신동,경상사고,0,0,2,0,차대차 - 정면충돌,안전운전불이행,건조,맑음,교차로 - 교차로안,승용,남,63세,상해없음,승용,여,43세,경상
2021101700100324,2021년 10월 17일 18시,일요일,전라북도 군산시 대야면,경상사고,0,0,1,0,차대차 - 추돌,안전운전불이행,건조,맑음,교차로 - 교차로부근,승용,남,70세,상해없음,승용,남,65세,경상
2021101700100394,2021년 10월 17일 20시,일요일,전라북도 남원시 향교동,중상사고,0,1,0,0,차대차 - 측면충돌,신호위반,건조,맑음,교차로 - 교차로안,승합,남,51세,상해없음,이륜,남,50세,중상
2021101700100395,2021년 10월 17일 20시,일요일,전라북도 부안군 부안읍,중상사고,0,1,1,0,차대차 - 측면충돌,안전운전불이행,건조,맑음,단일로 - 기타,이륜,남,22세,중상,자전거,남,17세,경상
2021101700100422,2021년 10월 17일 21시,일요일,전라북도 전주시 덕진구 인후동1가,경상사고,0,0,1,0,차대사람 - 보도통행중,안전운전불이행,건조,맑음,단일로 - 기타,승용,남,69세,상해없음,보행자,여,22세,경상
2021101800100022,2021년 10월 18일 05시,월요일,전라북도 임실군 오수면,경상사고,0,0,2,0,차대차 - 추돌,안전거리미확보,건조,맑음,단일로 - 기타,승용,남,25세,상해없음,승용,남,65세,경상
2021101800100065,2021년 10월 18일 07시,월요일,전라북도 정읍시 시기동,경상사고,0,0,3,0,차대차 - 측면충돌,직진우회전진행방해,건조,맑음,교차로 - 교차로안,승용,남,75세,경상,승용,남,30세,경상