사고번호,사고일시,요일,시군구,사고내용,사망자수,중상자수,경상자수,부상신고자수,사고유형,법규위반,노면상태,기상상태,도로형태,가해운전자 차종,가해운전자 성별,가해운전자 연령,가해운전자 상해정도,피해운전자 차종,피해운전자 성별,피해운전자 연령,피해운전자 상해정도
2021102900100500,2021년 10월 29일 18시,금요일,전라북도 익산시 모현동1가,중상사고,0,1,0,0,차대사람 - 횡단중,안전운전불이행,건조,맑음,교차로 - 교차로안,화물,남,36세,상해없음,보행자,여,52세,중상
2021102900100501,2021년 10월 29일 18시,금요일,전라북도 부안군 줄포면,경상사고,0,0,1,0,차대차 - 추돌,안전운전불이행,건조,맑음,단일로 - 기타,승용,남,24세,경상,농기계,남,69세,기타불명
2021102900100557,2021년 10월 29일 19시,금요일,전라북도 군산시 지곡동,부상신고사고,0,0,0,1,차대차 - 정면충돌,신호위반,건조,맑음,교차로 - 교차로안,이륜,여,40세,부상신고,승용,남,62세,상해없음
2021102900100558,2021년 10월 29일 19시,금요일,전라북도 군산시 수송동,부상신고사고,0,0,0,1,차대차 - 측면충돌,안전운전불이행,건조,맑음,단일로 - 기타,원동기,남,26세,부상신고,승용,남,43세,상해없음
2021102900100657,2021년 10월 29일 22시,금요일,전라북도 전주시 덕진구 인후동1가,경상사고,0,0,1,0,차대차 - 추돌,안전운전불이행,건조,맑음,교차로 - 교차로부근,승용,남,29세,상해없음,승용,여,61세,경상
2021102900100658,2021년 10월 29일 22시,금요일,전라북도 익산시 동산동,중상사고,0,1,2,0,차대차 - 추돌,안전운전불이행,건조,맑음,단일로 - 기타,화물,남,48세,상해없음,승용,남,20세,중상
2021103000100012,2021년 10월 30일 00시,토요일,전라북도 전주시 완산구 효자동3가,경상사고,0,0,2,0,차대차 - 기타,교차로운행방법위반,건조,맑음,교차로 - 교차로안,승용,여,27세,경상,이륜,남,21세,경상
2021103000100013,2021년 10월 30일 00시,토요일,전라북도 전주시 완산구 효자동3가,중상사고,0,1,0,0,차대차 - 기타,안전운전불이행,건조,맑음,기타 - 기타,승용,남,31세,상해없음,이륜,남,21세,중상
2021103000100033,2021년 10월 30일 02시,토요일,전라북도 익산시 오산면,경상사고,0,0,1,0,차대차 - 측면충돌,신호위반,건조,맑음,교차로 - 교차로안,승용,남,24세,상해없음,승용,남,42세,경상
2021103000100042,2021년 10월 30일 04시,토요일,전라북도 익산시 모현동2가,중상사고,0,1,0,0,차대차 - 측면충돌,신호위반,건조,맑음,교차로 - 교차로안,승용,남,16세,상해없음,승용,여,50세,중상
2021103000100081,2021년 10월 30일 08시,토요일,전라북도 군산시 장미동,경상사고,0,0,1,0,차대차 - 측면충돌,안전운전불이행,건조,맑음,교차로 - 교차로안,승용,남,76세,상해없음,승용,여,48세,경상
2021103000100264,2021년 10월 30일 14시,토요일,전라북도 전주시 덕진구 반월동,경상사고,0,0,3,0,차대차 - 추돌,안전운전불이행,건조,맑음,단일로 - 기타,승용,남,22세,상해없음,승용,남,41세,경상
2021103000100265,2021년 10월 30일 14시,토요일,전라북도 남원시 주생면,경상사고,0,0,1,0,차대차 - 정면충돌,중앙선침범,젖음/습기,비,교차로 - 교차로부근,승용,남,66세,상해없음,화물,남,71세,경상
2021103000100288,2021년 10월 30일 15시,토요일,전라북도 전주시 덕진구 송천동2가,경상사고,0,0,2,0,차대차 - 추돌,안전운전불이행,건조,맑음,단일로 - 기타,승용,남,60세,상해없음,승용,여,35세,경상
2021103000100289,2021년 10월 30일 15시,토요일,전라북도 군산시 영화동,경상사고,0,0,1,0,차대차 - 측면충돌,교차로운행방법위반,건조,맑음,교차로 - 교차로부근,이륜,남,64세,상해없음,자전거,남,13세,경상
2021103000100290,2021년 10월 30일 15시,토요일,전라북도 김제시 진봉면,사망사고,1,0,0,0,차량단독 - 공작물충돌,안전운전불이행,건조,흐림,단일로 - 기타,이륜,남,31세,사망,,,,
2021103000100331,2021년 10월 30일 16시,토요일,전라북도 익산시 낭산면,경상사고,0,0,1,0,차대차 - 측면충돌,안전운전불이행,건조,맑음,단일로 - 기타,승용,남,30세,기타불명,화물,남,46세,기타불명
2021103000100370,2021년 10월 30일 17시,토요일,전라북도 정읍시 신태인읍,경상사고,0,0,1,0,차대차 - 측면충돌,직진우회전진행방해,건조,맑음,교차로 - 교차로안,승용,남,73세,상해없음,화물,남,61세,경상
2021103000100411,2021년 10월 30일 18시,토요일,전라북도 전주시 완산구 다가동4가,경상사고,0,0,2,1,차대차 - 기타,안전운전불이행,건조,맑음,교차로 - 교차로부근,기타불명,기타불명,미분류,기타불명,승합,남,46세,상해없음
2021103000100412,2021년 10월 30일 18시,토요일,전라북도 전주시 덕진구 용정동,경상사고,0,0,1,0,차대차 - 기타,신호위반,건조,맑음,교차로 - 교차로부근,기타불명,기타불명,미분류,기타불명,승용,여,33세,경상
2021103000100413,2021년 10월 30일 18시,토요일,전라북도 부안군 부안읍,중상사고,0,1,0,0,차대차 - 측면충돌,안전거리미확보,건조,맑음,교차로 - 교차로부근,화물,남,63세,상해없음,이륜,남,69세,중상
2021103000100460,2021년 10월 30일 19시,토요일,전라북도 익산시 부송동,중상사고,0,1,0,0,차대차 - 측면충돌,안전운전불이행,건조,맑음,단일로 - 기타,승용,남,57세,상해없음,이륜,남,26세,중상
2021103000100461,2021년 10월 30일 19시,토요일,전라북도 익산시 마동,중상사고,0,1,1,0,차대차 - 측면충돌,안전운전불이행,건조,맑음,교차로 - 교차로안,승용,남,60세,상해없음,이륜,남,37세,중상
2021103000100486,2021년 10월 30일 20시,토요일,전라북도 전주시 완산구 중화산동2가,경상사고,0,0,2,0,차대차 - 측면충돌,안전운전불이행,건조,맑음,교차로 - 교차로안,승용,여,53세,상해없음,승용,여,20세,경상
2021103000100518,2021년 10월 30일 21시,토요일,전라북도 전주시 덕진구 금암동,경상사고,0,0,1,0,차대차 - 후진중충돌,안전운전불이행,건조,맑음,교차로 - 교차로부근,승용,남,40세,상해없음,승용,남,65세,상해없음
2021103000100519,2021년 10월 30일 21시,토요일,전라북도 남원시 쌍교동,중상사고,0,1,0,0,차대차 - 측면충돌,신호위반,건조,맑음,교차로 - 교차로안,이륜,남,28세,중상,승용,남,42세,상해없음
2021103000100541,2021년 10월 30일 22시,토요일,전라북도 전주시 완산구 서신동,경상사고,0,0,5,0,차대차 - 측면충돌,직진우회전진행방해,건조,맑음,교차로 - 교차로안,승용,남,67세,상해없음,승용,여,38세,경상
2021103000100542,2021년 10월 30일 22시,토요일,전라북도 군산시 대야면,중상사고,0,1,0,0,차대차 - 기타,안전거리미확보,건조,흐림,교차로 - 교차로부근,화물,남,47세,상해없음,이륜,남,45세,중상
2021103000100543,2021년 10월 30일 22시,토요일,전라북도 군산시 소룡동,경상사고,0,0,2,0,차대차 - 추돌,안전운전불이행,건조,흐림,교차로 - 교차로부근,승용,남,50세,상해없음,승용,남,57세,경상
2021103100100011,2021년 10월 31일 00시,일요일,전라북도 남원시 도통동,경상사고,0,0,3,0,차대차 - 측면충돌,중앙선침범,건조,맑음,교차로 - 교차로안,승용,남,25세,상해없음,화물,여,56세,경상
2021103100100034,2021년 10월 31일 03시,일요일,전라북도 전주시 덕진구 덕진동2가,경상사고,0,0,1,0,차대차 - 추돌,기타,건조,맑음,단일로 - 기타,승용,남,28세,상해없음,이륜,남,25세,경상
2021103100100114,2021년 10월 31일 11시,일요일,전라북도 남원시 노암동,중상사고,0,2,0,0,차대차 - 측면충돌,안전운전불이행,건조,맑음,교차로 - 교차로안,승용,여,61세,상해없음,이륜,남,72세,중상
2021103100100214,2021년 10월 31일 14시,일요일,전라북도 전주시 덕진구 인후동1가,중상사고,0,1,0,0,차대사람 - 횡단중,보행자보호의무위반,건조,맑음,교차로 - 교차로횡단보도내,승용,여,32세,상해없음,보행자,여,71세,중상
2021103100100244,2021년 10월 31일 15시,일요일,전라북도 전주시 완산구 색장동,중상사고,0,1,0,0,차대사람 - 횡단중,보행자보호의무위반,건조,맑음,교차로 - 교차로횡단보도내,승용,남,73세,상해없음,보행자,남,69세,중상
2021103100100286,2021년 10월 31일 16시,일요일,전라북도 부안군 하서면,중상사고,0,1,0,0,차대차 - 추돌,안전운전불이행,건조,맑음,단일로 - 기타,화물,남,46세,상해없음,농기계,남,61세,중상
2021103100100312,2021년 10월 31일 17시,일요일,전라북도 전주시 완산구 효자동1가,경상사고,0,0,1,0,차대차 - 추돌,안전운전불이행,건조,맑음,교차로 - 교차로부근,승용,남,30세,상해없음,승용,남,25세,경상
2021103100100313,2021년 10월 31일 17시,일요일,전라북도 익산시 동산동,경상사고,0,0,1,0,차대차 - 측면충돌,안전운전불이행,건조,맑음,교차로 - 교차로부근,승용,남,27세,상해없음,자전거,남,13세,경상
2021103100100314,2021년 10월 31일 17시,일요일,전라북도 정읍시 하북동,중상사고,0,1,1,0,차대차 - 기타,신호위반,건조,맑음,교차로 - 교차로안,승용,남,73세,상해없음,승용,남,58세,경상
2021103100100368,2021년 10월 31일 18시,일요일,전라북도 김제시 요촌동,경상사고,0,0,5,0,차대차 - 측면충돌,직진우회전진행방해,건조,맑음,교차로 - 교차로안,승용,여,60세,상해없음,승용,여,59세,경상
2021103100100369,2021년 10월 31일 18시,일요일,전라북도 부안군 부안읍,경상사고,0,0,2,0,차대차 - 측면충돌,안전운전불이행,건조,맑음,교차로 - 교차로안,승용,남,27세,경상,승용,여,59세,경상
2021103100100425,2021년 10월 31일 20시,일요일,전라북도 군산시 경장동,중상사고,0,1,0,0,차대차 - 측면충돌,신호위반,건조,맑음,교차로 - 교차로안,화물,여,27세,상해없음,이륜,남,55세,중상
2021110100100132,2021년 11월 1일 09시,월요일,전라북도 무주군 설천면,경상사고,0,0,1,0,차대차 - 정면충돌,중앙선침범,건조,맑음,단일로 - 지하차도(도로)내,화물,남,56세,상해없음,승용,남,45세,경상
2021110100100158,2021년 11월 1일 10시,월요일,전라북도 군산시 나운동,경상사고,0,0,1,0,차대차 - 측면충돌,안전거리미확보,건조,맑음,교차로 - 교차로부근,승용,여,47세,기타불명,승용,남,45세,경상
2021110100100159,2021년 11월 1일 10시,월요일,전라북도 남원시 금지면,사망사고,1,0,0,0,차대차 - 측면충돌,직진우회전진행방해,건조,맑음,교차로 - 교차로안,이륜,남,77세,사망,화물,남,45세,상해없음
2021110100100198,2021년 11월 1일 11시,월요일,전라북도 전주시 덕진구 송천동2가,중상사고,0,1,0,0,차대차 - 측면충돌,신호위반,건조,맑음,교차로 - 교차로횡단보도내,승용,남,32세,상해없음,자전거,남,50세,중상
2021110100100200,2021년 11월 1일 11시,월요일,전라북도 군산시 미룡동,경상사고,0,0,1,0,차대차 - 측면충돌,안전운전불이행,건조,맑음,교차로 - 교차로안,승용,남,19세,상해없음,승용,남,27세,경상
2021110100100201,2021년 11월 1일 11시,월요일,전라북도 남원시 수지면,경상사고,0,0,1,0,차대차 - 추돌,안전운전불이행,건조,맑음,교차로 - 교차로부근,화물,남,26세,상해없음,승용,남,74세,경상
2021110100100202,2021년 11월 1일 11시,월요일,전라북도 순창군 동계면,중상사고,0,1,0,0,차대사람 - 기타,안전운전불이행,건조,맑음,기타 - 기타,화물,남,60세,상해없음,보행자,여,85세,중상
2021110100100233,2021년 11월 1일 12시,월요일,전라북도 전주시 덕진구 우아동1가,경상사고,0,0,2,0,차대차 - 측면충돌,신호위반,건조,맑음,교차로 - 교차로안,승용,여,38세,상해없음,승용,남,36세,경상
2021110100100234,2021년 11월 1일 12시,월요일,전라북도 고창군 심원면,경상사고,0,0,1,0,차대차 - 기타,안전운전불이행,건조,맑음,단일로 - 기타,화물,남,36세,상해없음,특수,남,59세,경상
2021110100100384,2021년 11월 1일 16시,월요일,전라북도 군산시 나운동,중상사고,0,1,0,0,차대차 - 기타,안전운전불이행,건조,맑음,교차로 - 교차로부근,승용,남,66세,상해없음,이륜,남,31세,중상
2021110100100385,2021년 11월 1일 16시,월요일,전라북도 남원시 동충동,경상사고,0,0,2,0,차대차 - 측면충돌,직진우회전진행방해,건조,맑음,교차로 - 교차로안,승용,남,51세,경상,승용,여,60세,경상
2021110100100386,2021년 11월 1일 16시,월요일,전라북도 장수군 계남면,중상사고,0,1,0,0,차대사람 - 차도통행중,안전운전불이행,건조,맑음,교차로 - 교차로안,화물,남,49세,상해없음,보행자,여,75세,중상
2021110100100426,2021년 11월 1일 17시,월요일,전라북도 전주시 완산구 효자동3가,경상사고,0,0,1,0,차대차 - 기타,신호위반,건조,맑음,교차로 - 교차로안,이륜,여,19세,상해없음,승용,남,35세,경상
2021110100100483,2021년 11월 1일 18시,월요일,전라북도 정읍시 부전동,경상사고,0,0,6,0,차대차 - 측면충돌,직진우회전진행방해,건조,맑음,교차로 - 교차로안,승용,여,71세,상해없음,승합,남,34세,경상
2021110100100521,2021년 11월 1일 19시,월요일,전라북도 전주시 덕진구 반월동,중상사고,0,1,0,0,차대사람 - 횡단중,보행자보호의무위반,건조,맑음,단일로 - 기타,승용,여,56세,상해없음,보행자,남,8세,중상
2021110100100546,2021년 11월 1일 20시,월요일,전라북도 전주시 완산구 서노송동,경상사고,0,0,1,0,차대사람 - 횡단중,보행자보호의무위반,건조,맑음,교차로 - 교차로횡단보도내,승용,여,61세,상해없음,보행자,남,59세,경상
2021110200100007,2021년 11월 2일 00시,화요일,전라북도 완주군 봉동읍,경상사고,0,0,1,0,차대차 - 추돌,신호위반,건조,맑음,교차로 - 교차로안,승용,여,29세,기타불명,승합,남,60세,상해없음
2021110200100022,2021년 11월 2일 01시,화요일,전라북도 전주시 완산구 효자동3가,경상사고,0,0,2,0,차대차 - 정면충돌,안전운전불이행,건조,맑음,단일로 - 기타,승용,남,22세,상해없음,승용,남,24세,경상
2021110200100061,2021년 11월 2일 06시,화요일,전라북도 익산시 남중동,경상사고,0,0,1,0,차대사람 - 기타,기타,건조,맑음,단일로 - 기타,승용,남,24세,상해없음,보행자,남,61세,경상
2021110200100080,2021년 11월 2일 07시,화요일,전라북도 전주시 덕진구 송천동2가,경상사고,0,0,1,0,차대차 - 측면충돌,안전운전불이행,건조,맑음,교차로 - 교차로부근,승용,여,71세,상해없음,승용,여,42세,경상
2021110200100145,2021년 11월 2일 09시,화요일,전라북도 부안군 상서면,사망사고,1,0,0,0,차대차 - 측면충돌,안전운전불이행,건조,맑음,교차로 - 교차로안,이륜,남,70세,사망,승용,남,46세,상해없음
2021110200100176,2021년 11월 2일 10시,화요일,전라북도 군산시 나운동,부상신고사고,0,0,0,1,차대사람 - 횡단중,신호위반,건조,맑음,교차로 - 교차로안,승용,여,59세,상해없음,보행자,여,49세,부상신고
2021110200100204,2021년 11월 2일 11시,화요일,전라북도 군산시 나운동,경상사고,0,0,3,0,차대차 - 기타,교차로운행방법위반,건조,맑음,교차로 - 교차로안,승용,여,56세,경상,승용,남,64세,경상
2021110200100205,2021년 11월 2일 11시,화요일,전라북도 부안군 동진면,경상사고,0,0,1,0,차대차 - 추돌,안전운전불이행,건조,맑음,교차로 - 교차로부근,건설기계,남,47세,상해없음,승용,남,56세,경상
2021110200100206,2021년 11월 2일 11시,화요일,전라북도 무주군 적상면,중상사고,0,2,0,0,차량단독 - 공작물충돌,안전운전불이행,건조,맑음,단일로 - 지하차도(도로)내,승용,여,54세,중상,,,,
2021110200100234,2021년 11월 2일 12시,화요일,전라북도 전주시 덕진구 덕진동2가,사망사고,1,0,0,0,차대차 - 측면충돌,신호위반,건조,맑음,교차로 - 교차로안,승용,여,43세,상해없음,자전거,여,77세,사망
2021110200100270,2021년 11월 2일 13시,화요일,전라북도 군산시 문화동,경상사고,0,0,1,0,차대차 - 기타,안전거리미확보,건조,맑음,단일로 - 기타,승용,남,66세,상해없음,이륜,남,34세,경상
2021110200100308,2021년 11월 2일 14시,화요일,전라북도 남원시 향교동,경상사고,0,0,1,0,차대차 - 측면충돌,안전운전불이행,기타,맑음,교차로 - 교차로횡단보도내,이륜,남,60세,상해없음,자전거,남,71세,경상
2021110200100309,2021년 11월 2일 14시,화요일,전라북도 고창군 공음면,사망사고,1,0,0,0,차대사람 - 보도통행중,안전운전불이행,건조,흐림,기타 - 기타,화물,남,55세,상해없음,보행자,남,73세,사망
2021110200100409,2021년 11월 2일 17시,화요일,전라북도 군산시 조촌동,중상사고,0,1,0,0,차대사람 - 길가장자리구역통행중,안전운전불이행,건조,맑음,교차로 - 교차로안,승용,여,55세,상해없음,보행자,여,47세,중상
2021110200100410,2021년 11월 2일 17시,화요일,전라북도 고창군 부안면,경상사고,0,0,3,0,차대차 - 정면충돌,교차로운행방법위반,건조,맑음,교차로 - 교차로안,화물,남,57세,상해없음,화물,남,43세,경상
2021110200100459,2021년 11월 2일 18시,화요일,전라북도 전주시 완산구 서노송동,경상사고,0,0,2,0,차대차 - 기타,교차로운행방법위반,건조,맑음,교차로 - 교차로안,승용,남,62세,상해없음,승용,남,54세,상해없음
2021110200100460,2021년 11월 2일 18시,화요일,전라북도 군산시 수송동,경상사고,0,0,1,0,차대차 - 기타,안전운전불이행,건조,맑음,단일로 - 기타,자전거,남,89세,경상,이륜,남,24세,상해없음
2021110200100461,2021년 11월 2일 18시,화요일,전라북도 완주군 이서면,경상사고,0,0,1,0,차대사람 - 횡단중,안전운전불이행,건조,맑음,단일로 - 기타,승용,남,71세,상해없음,보행자,여,74세,경상
2021110200100462,2021년 11월 2일 18시,화요일,전라북도 완주군 용진읍,경상사고,0,0,1,0,차대차 - 기타,안전운전불이행,건조,흐림,단일로 - 기타,기타불명,기타불명,미분류,기타불명,승용,여,34세,경상
2021110200100589,2021년 11월 2일 22시,화요일,전라북도 무주군 무주읍,중상사고,0,1,0,0,차량단독 - 도로외이탈 - 추락,안전운전불이행,건조,맑음,단일로 - 지하차도(도로)내,화물,남,74세,중상,,,,
2021110200100608,2021년 11월 2일 23시,화요일,전라북도 전주시 완산구 효자동1가,경상사고,0,0,2,0,차대차 - 기타,신호위반,건조,맑음,교차로 - 교차로안,승용,남,32세,상해없음,승용,남,68세,경상
2021110200100609,2021년 11월 2일 23시,화요일,전라북도 전주시 덕진구 덕진동1가,경상사고,0,0,2,0,차대차 - 추돌,안전운전불이행,건조,맑음,교차로 - 교차로안,승용,여,21세,상해없음,승용,남,59세,경상
2021110300100019,2021년 11월 3일 02시,수요일,전라북도 군산시 미룡동,중상사고,0,1,0,0,차량단독 - 공작물충돌,안전운전불이행,건조,맑음,단일로 - 기타,이륜,남,28세,중상,,,,
2021110300100027,2021년 11월 3일 04시,수요일,전라북도 김제시 신풍동,경상사고,0,0,1,0,차대차 - 측면충돌,안전운전불이행,건조,맑음,단일로 - 기타,승용,남,23세,상해없음,자전거,남,87세,경상
2021110300100146,2021년 11월 3일 09시,수요일,전라북도 익산시 목천동,부상신고사고,0,0,0,1,차대차 - 측면충돌,신호위반,건조,맑음,단일로 - 기타,화물,남,62세,부상신고,승합,남,42세,상해없음
2021110300100147,2021년 11월 3일 09시,수요일,전라북도 익산시 여산면,경상사고,0,0,1,0,차대사람 - 횡단중,불법유턴,건조,맑음,주차장 - 주차장,승용,여,55세,상해없음,보행자,여,61세,경상
2021110300100172,2021년 11월 3일 10시,수요일,전라북도 전주시 덕진구 만성동,중상사고,0,1,0,0,차대차 - 정면충돌,기타,건조,맑음,교차로 - 교차로횡단보도내,승용,남,61세,상해없음,자전거,남,65세,중상
2021110300100173,2021년 11월 3일 10시,수요일,전라북도 장수군 천천면,경상사고,0,0,1,0,차대차 - 추돌,안전운전불이행,건조,맑음,단일로 - 기타,농기계,남,74세,상해없음,화물,남,60세,경상
2021110300100217,2021년 11월 3일 11시,수요일,전라북도 익산시 신동,경상사고,0,0,1,0,차대차 - 측면충돌,안전운전불이행,건조,맑음,단일로 - 기타,자전거,남,22세,경상,승용,남,33세,상해없음
2021110300100285,2021년 11월 3일 13시,수요일,전라북도 남원시 이백면,중상사고,0,1,0,0,차량단독 - 공작물충돌,안전운전불이행,건조,맑음,단일로 - 기타,화물,남,65세,중상,,,,
2021110300100349,2021년 11월 3일 15시,수요일,전라북도 전주시 완산구 중화산동2가,중상사고,0,1,0,0,차대차 - 기타,신호위반,건조,맑음,교차로 - 교차로안,승용,남,29세,상해없음,원동기,남,41세,중상
2021110300100350,2021년 11월 3일 15시,수요일,전라북도 익산시 오산면,경상사고,0,0,3,0,차대차 - 측면충돌,중앙선침범,건조,맑음,교차로 - 교차로부근,승용,남,67세,경상,승용,남,51세,경상
2021110300100351,2021년 11월 3일 15시,수요일,전라북도 익산시 함라면,사망사고,1,0,0,0,차량단독 - 전도전복 - 전도,안전운전불이행,건조,맑음,단일로 - 기타,자전거,남,87세,사망,,,,
2021110300100352,2021년 11월 3일 15시,수요일,전라북도 완주군 봉동읍,경상사고,0,0,1,0,차대차 - 기타,신호위반,건조,맑음,교차로 - 교차로안,승용,남,26세,상해없음,승용,남,24세,경상
2021110300100418,2021년 11월 3일 17시,수요일,전라북도 정읍시 농소동,경상사고,0,0,1,0,차대차 - 측면충돌,직진우회전진행방해,건조,맑음,교차로 - 교차로안,승용,남,69세,상해없음,승용,남,33세,경상
2021110300100419,2021년 11월 3일 17시,수요일,전라북도 임실군 지사면,경상사고,0,0,1,0,차대차 - 측면충돌,중앙선침범,건조,맑음,단일로 - 지하차도(도로)내,화물,남,69세,상해없음,승용,여,51세,경상
2021110300100477,2021년 11월 3일 18시,수요일,전라북도 전주시 덕진구 장동,경상사고,0,0,1,0,차대차 - 측면충돌,직진우회전진행방해,건조,맑음,교차로 - 교차로안,승용,남,30세,상해없음,이륜,남,52세,경상
2021110300100478,2021년 11월 3일 18시,수요일,전라북도 전주시 덕진구 중동,중상사고,0,1,0,0,차대차 - 측면충돌,신호위반,건조,맑음,교차로 - 교차로안,승합,남,56세,상해없음,자전거,여,38세,중상
2021110300100479,2021년 11월 3일 18시,수요일,전라북도 부안군 하서면,사망사고,1,0,0,0,차대사람 - 길가장자리구역통행중,안전운전불이행,건조,맑음,단일로 - 기타,화물,남,66세,상해없음,보행자,남,50세,사망
2021110300100531,2021년 11월 3일 19시,수요일,전라북도 진안군 부귀면,중상사고,0,1,2,0,차대차 - 측면충돌,직진우회전진행방해,건조,흐림,교차로 - 교차로안,승용,여,48세,경상,승용,남,45세,경상
2021110300100631,2021년 11월 3일 23시,수요일,전라북도 전주시 덕진구 덕진동2가,경상사고,0,0,2,0,차대차 - 측면충돌,신호위반,건조,맑음,교차로 - 교차로안,승용,남,29세,상해없음,승용,남,61세,경상
2021110300100632,2021년 11월 3일 23시,수요일,전라북도 전주시 덕진구 진북동,경상사고,0,0,1,0,차대차 - 측면충돌,안전운전불이행,건조,맑음,교차로 - 교차로안,승용,남,64세,상해없음,승용,여,23세,경상
2021110400100003,2021년 11월 4일 00시,목요일,전라북도 익산시 망성면,경상사고,0,0,1,0,차대차 - 추돌,안전운전불이행,건조,맑음,교차로 - 교차로부근,승용,남,45세,기타불명,화물,남,40세,경상
2021110400100018,2021년 11월 4일 01시,목요일,전라북도 전주시 완산구 평화동2가,중상사고,0,1,0,0,차대차 - 정면충돌,중앙선침범,건조,맑음,단일로 - 기타,승용,남,30세,상해없음,승용,남,42세,중상
2021110400100118,2021년 11월 4일 08시,목요일,전라북도 전주시 덕진구 호성동1가,경상사고,0,0,1,0,차대차 - 추돌,안전운전불이행,건조,맑음,단일로 - 기타,승용,남,50세,상해없음,승용,남,33세,경상
2021110400100119,2021년 11월 4일 08시,목요일,전라북도 군산시 명산동,중상사고,0,1,0,0,차대차 - 측면충돌,신호위반,건조,맑음,교차로 - 교차로안,승용,남,30세,상해없음,화물,여,53세,중상
2021110400100120,2021년 11월 4일 08시,목요일,전라북도 익산시 금마면,경상사고,0,0,1,0,차대차 - 측면충돌,중앙선침범,건조,맑음,교차로 - 교차로부근,승용,남,56세,상해없음,승용,남,53세,경상
2021110400100121,2021년 11월 4일 08시,목요일,전라북도 정읍시 상동,중상사고,0,1,0,0,차대차 - 측면충돌,중앙선침범,건조,맑음,교차로 - 교차로부근,자전거,여,60세,중상,특수,남,34세,상해없음
2021110400100152,2021년 11월 4일 09시,목요일,전라북도 임실군 청웅면,중상사고,0,1,0,0,차대사람 - 차도통행중,안전운전불이행,건조,맑음,교차로 - 교차로안,승용,남,56세,상해없음,보행자,남,58세,중상
2021110400100203,2021년 11월 4일 11시,목요일,전라북도 전주시 완산구 서신동,경상사고,0,0,1,0,차대차 - 측면충돌,안전운전불이행,건조,맑음,교차로 - 교차로부근,승용,여,35세,상해없음,승용,여,22세,경상
2021110400100233,2021년 11월 4일 12시,목요일,전라북도 정읍시 하북동,중상사고,0,1,0,0,차대차 - 측면충돌,신호위반,건조,맑음,교차로 - 교차로부근,승용,남,40세,상해없음,이륜,남,49세,중상
2021110400100272,2021년 11월 4일 13시,목요일,전라북도 익산시 영등동,경상사고,0,0,1,0,차대차 - 측면충돌,직진우회전진행방해,건조,맑음,교차로 - 교차로안,승용,여,53세,상해없음,승용,남,67세,경상
2021110400100300,2021년 11월 4일 14시,목요일,전라북도 군산시 산북동,경상사고,0,0,1,0,차대차 - 기타,기타,기타,맑음,기타 - 기타,승용,남,23세,상해없음,자전거,남,70세,경상
2021110400100301,2021년 11월 4일 14시,목요일,전라북도 김제시 요촌동,중상사고,0,1,0,0,차대사람 - 횡단중,보행자보호의무위반,건조,맑음,교차로 - 교차로안,승용,여,38세,상해없음,보행자,여,66세,중상
2021110400100302,2021년 11월 4일 14시,목요일,전라북도 김제시 죽산면,경상사고,0,0,1,0,차대차 - 측면충돌,직진우회전진행방해,건조,맑음,교차로 - 교차로안,승용,남,65세,상해없음,승용,남,68세,경상
2021110400100330,2021년 11월 4일 15시,목요일,전라북도 전주시 완산구 서신동,경상사고,0,0,1,0,차대차 - 측면충돌,중앙선침범,건조,맑음,단일로 - 기타,승용,남,69세,상해없음,승용,남,34세,경상
2021110400100423,2021년 11월 4일 17시,목요일,전라북도 익산시 동산동,경상사고,0,0,1,0,차대차 - 측면충돌,직진우회전진행방해,건조,맑음,교차로 - 교차로안,승용,여,80세,상해없음,승용,남,35세,경상
2021110400100424,2021년 11월 4일 17시,목요일,전라북도 정읍시 입암면,경상사고,0,0,2,0,차대차 - 추돌,안전운전불이행,건조,맑음,단일로 - 기타,승용,남,39세,상해없음,승용,남,26세,경상
2021110400100477,2021년 11월 4일 18시,목요일,전라북도 전주시 완산구 효자동2가,경상사고,0,0,1,0,차대차 - 기타,차로위반,건조,맑음,기타 - 기타,승용,여,55세,상해없음,승합,남,54세,상해없음
2021110400100478,2021년 11월 4일 18시,목요일,전라북도 익산시 왕궁면,경상사고,0,0,1,0,차대사람 - 차도통행중,안전운전불이행,건조,맑음,단일로 - 기타,농기계,남,61세,상해없음,보행자,여,76세,경상
2021110400100479,2021년 11월 4일 18시,목요일,전라북도 완주군 이서면,경상사고,0,0,2,0,차대차 - 측면충돌,안전운전불이행,건조,맑음,단일로 - 기타,승용,남,50세,상해없음,승용,남,59세,경상
2021110400100540,2021년 11월 4일 19시,목요일,전라북도 전주시 덕진구 송천동2가,경상사고,0,0,3,0,차대차 - 기타,안전운전불이행,건조,맑음,교차로 - 교차로안,승용,여,52세,상해없음,승용,남,28세,경상