사고번호,사고일시,요일,시군구,사고내용,사망자수,중상자수,경상자수,부상신고자수,사고유형,법규위반,노면상태,기상상태,도로형태,가해운전자 차종,가해운전자 성별,가해운전자 연령,가해운전자 상해정도,피해운전자 차종,피해운전자 성별,피해운전자 연령,피해운전자 상해정도
2021110400100541,2021년 11월 4일 19시,목요일,전라북도 부안군 부안읍,경상사고,0,0,1,0,차대차 - 추돌,기타,건조,맑음,단일로 - 기타,승용,여,50세,경상,농기계,남,68세,기타불명
2021110400100568,2021년 11월 4일 20시,목요일,전라북도 군산시 경암동,경상사고,0,0,2,0,차대차 - 후진중충돌,안전운전불이행,건조,맑음,단일로 - 지하차도(도로)내,승용,남,51세,상해없음,승용,남,41세,경상
2021110400100585,2021년 11월 4일 21시,목요일,전라북도 익산시 신동,경상사고,0,0,1,0,차대사람 - 기타,안전운전불이행,건조,맑음,교차로 - 교차로안,승용,여,53세,상해없음,보행자,남,21세,경상
2021110400100608,2021년 11월 4일 22시,목요일,전라북도 부안군 변산면,경상사고,0,0,1,0,차량단독 - 공작물충돌,안전운전불이행,건조,맑음,단일로 - 기타,승용,여,35세,경상,,,,
2021110500100060,2021년 11월 5일 06시,금요일,전라북도 고창군 상하면,중상사고,0,1,0,0,차대차 - 정면충돌,중앙선침범,젖음/습기,안개,단일로 - 기타,승합,남,77세,상해없음,화물,남,46세,상해없음
2021110500100079,2021년 11월 5일 07시,금요일,전라북도 김제시 백산면,경상사고,0,0,1,0,차대차 - 측면충돌,신호위반,건조,맑음,교차로 - 교차로안,승용,여,28세,상해없음,승용,남,44세,경상
2021110500100208,2021년 11월 5일 11시,금요일,전라북도 전주시 완산구 중화산동2가,중상사고,0,1,0,0,차대차 - 기타,불법유턴,건조,맑음,교차로 - 교차로부근,승용,남,71세,상해없음,이륜,남,22세,중상
2021110500100282,2021년 11월 5일 13시,금요일,전라북도 군산시 경암동,중상사고,0,1,0,0,차대차 - 측면충돌,안전운전불이행,건조,맑음,교차로 - 교차로횡단보도내,승용,남,26세,상해없음,자전거,남,83세,중상
2021110500100283,2021년 11월 5일 13시,금요일,전라북도 김제시 금산면,사망사고,1,1,3,0,차대차 - 추돌,안전거리미확보,건조,맑음,단일로 - 기타,화물,남,66세,상해없음,화물,남,65세,사망
2021110500100321,2021년 11월 5일 14시,금요일,전라북도 전주시 완산구 동서학동,경상사고,0,0,2,0,차대차 - 기타,교차로운행방법위반,건조,맑음,교차로 - 교차로안,화물,남,59세,상해없음,승용,남,56세,경상
2021110500100322,2021년 11월 5일 14시,금요일,전라북도 익산시 성당면,사망사고,1,0,0,0,차대사람 - 기타,안전운전불이행,건조,맑음,단일로 - 기타,승용,남,65세,상해없음,보행자,여,82세,사망
2021110500100351,2021년 11월 5일 15시,금요일,전라북도 전주시 완산구 서신동,경상사고,0,0,1,0,차대차 - 기타,안전운전불이행,건조,맑음,교차로 - 교차로횡단보도내,승용,남,47세,상해없음,자전거,여,26세,경상
2021110500100352,2021년 11월 5일 15시,금요일,전라북도 전주시 덕진구 여의동,중상사고,0,1,0,0,차대사람 - 차도통행중,안전운전불이행,건조,맑음,기타 - 기타,승용,남,61세,상해없음,보행자,남,17세,중상
2021110500100440,2021년 11월 5일 17시,금요일,전라북도 전주시 완산구 효자동3가,경상사고,0,0,1,0,차대사람 - 기타,보행자보호의무위반,건조,맑음,단일로 - 기타,이륜,남,31세,상해없음,보행자,남,51세,경상
2021110500100441,2021년 11월 5일 17시,금요일,전라북도 전주시 완산구 삼천동1가,중상사고,0,1,1,0,차대차 - 기타,신호위반,건조,맑음,교차로 - 교차로횡단보도내,승용,남,27세,경상,이륜,남,24세,중상
2021110500100442,2021년 11월 5일 17시,금요일,전라북도 군산시 수송동,중상사고,0,1,1,0,차대차 - 측면충돌,신호위반,건조,맑음,교차로 - 교차로안,승용,남,22세,경상,이륜,남,47세,중상
2021110500100510,2021년 11월 5일 18시,금요일,전라북도 전주시 완산구 삼천동2가,경상사고,0,0,1,0,차대차 - 정면충돌,중앙선침범,건조,맑음,기타 - 기타,승용,남,59세,상해없음,승용,여,43세,경상
2021110500100511,2021년 11월 5일 18시,금요일,전라북도 전주시 완산구 효자동3가,경상사고,0,0,3,0,차대차 - 기타,안전운전불이행,건조,맑음,기타 - 기타,승용,남,49세,상해없음,승용,남,67세,경상
2021110500100512,2021년 11월 5일 18시,금요일,전라북도 전주시 덕진구 덕진동2가,경상사고,0,0,1,0,차대차 - 측면충돌,교차로운행방법위반,건조,맑음,교차로 - 교차로안,승용,여,42세,상해없음,승용,남,26세,경상
2021110500100513,2021년 11월 5일 18시,금요일,전라북도 군산시 미원동,경상사고,0,0,1,0,차대차 - 기타,안전운전불이행,건조,맑음,교차로 - 교차로안,승용,여,47세,상해없음,자전거,남,69세,경상
2021110500100514,2021년 11월 5일 18시,금요일,전라북도 완주군 삼례읍,중상사고,0,1,0,0,차대사람 - 횡단중,보행자보호의무위반,건조,맑음,교차로 - 교차로횡단보도내,승용,남,55세,상해없음,보행자,여,60세,중상
2021110500100564,2021년 11월 5일 19시,금요일,전라북도 전주시 덕진구 만성동,중상사고,0,1,0,0,차대차 - 측면충돌,안전운전불이행,건조,맑음,교차로 - 교차로안,승용,여,33세,상해없음,이륜,여,54세,중상
2021110500100694,2021년 11월 5일 23시,금요일,전라북도 전주시 덕진구 송천동2가,중상사고,0,1,0,0,차대차 - 추돌,안전운전불이행,젖음/습기,비,교차로 - 교차로안,승용,남,27세,상해없음,승용,남,20세,중상
2021110500100696,2021년 11월 5일 23시,금요일,전라북도 김제시 검산동,경상사고,0,0,1,0,차대차 - 측면충돌,신호위반,건조,맑음,교차로 - 교차로부근,승용,남,74세,상해없음,승용,남,26세,경상
2021110600100014,2021년 11월 6일 00시,토요일,전라북도 익산시 모현동1가,경상사고,0,0,2,0,차대차 - 측면충돌,차로위반,건조,맑음,단일로 - 기타,승용,남,35세,상해없음,승용,남,37세,경상
2021110600100048,2021년 11월 6일 03시,토요일,전라북도 전주시 덕진구 인후동2가,경상사고,0,0,6,0,차대차 - 추돌,안전운전불이행,건조,맑음,단일로 - 기타,승용,여,21세,상해없음,승용,남,51세,경상
2021110600100067,2021년 11월 6일 05시,토요일,전라북도 남원시 조산동,중상사고,0,1,0,0,차대차 - 기타,신호위반,건조,맑음,교차로 - 교차로안,승합,남,65세,상해없음,이륜,남,41세,중상
2021110600100072,2021년 11월 6일 06시,토요일,전라북도 김제시 성덕면,경상사고,0,0,4,0,차대차 - 정면충돌,중앙선침범,건조,맑음,단일로 - 기타,승용,남,65세,상해없음,화물,남,55세,경상
2021110600100073,2021년 11월 6일 06시,토요일,전라북도 완주군 이서면,중상사고,0,1,0,0,차대차 - 측면충돌,신호위반,건조,맑음,교차로 - 교차로안,승용,남,68세,기타불명,승용,남,48세,중상
2021110600100093,2021년 11월 6일 08시,토요일,전라북도 익산시 신흥동,경상사고,0,0,1,0,차대차 - 측면충돌,차로위반,건조,맑음,단일로 - 기타,승용,남,52세,상해없음,승용,남,24세,경상
2021110600100114,2021년 11월 6일 09시,토요일,전라북도 전주시 완산구 평화동1가,경상사고,0,0,1,0,차대차 - 측면충돌,안전운전불이행,건조,맑음,교차로 - 교차로안,승용,여,70세,상해없음,승용,남,61세,경상
2021110600100115,2021년 11월 6일 09시,토요일,전라북도 익산시 부송동,중상사고,0,1,0,0,차대사람 - 횡단중,보행자보호의무위반,건조,맑음,교차로 - 교차로횡단보도내,화물,남,59세,상해없음,보행자,남,78세,중상
2021110600100116,2021년 11월 6일 09시,토요일,전라북도 정읍시 내장동,경상사고,0,0,1,0,차대사람 - 횡단중,안전운전불이행,건조,맑음,단일로 - 기타,승용,남,54세,상해없음,보행자,남,59세,경상
2021110600100134,2021년 11월 6일 10시,토요일,전라북도 남원시 인월면,경상사고,0,0,1,0,차대차 - 측면충돌,직진우회전진행방해,건조,맑음,교차로 - 교차로안,원동기,여,79세,경상,화물,남,54세,상해없음
2021110600100167,2021년 11월 6일 11시,토요일,전라북도 전주시 완산구 평화동2가,경상사고,0,0,4,0,차대차 - 측면충돌,신호위반,건조,맑음,교차로 - 교차로부근,승용,남,74세,상해없음,승용,남,38세,경상
2021110600100168,2021년 11월 6일 11시,토요일,전라북도 전주시 덕진구 팔복동2가,경상사고,0,0,3,0,차대차 - 측면충돌,신호위반,건조,맑음,교차로 - 교차로안,승용,여,64세,상해없음,승용,남,29세,경상
2021110600100169,2021년 11월 6일 11시,토요일,전라북도 익산시 석암동,경상사고,0,0,1,0,차대차 - 측면충돌,안전운전불이행,건조,맑음,교차로 - 교차로안,승용,남,48세,상해없음,승용,남,61세,경상
2021110600100170,2021년 11월 6일 11시,토요일,전라북도 김제시 금구면,중상사고,0,2,1,0,차대차 - 측면충돌,중앙선침범,건조,맑음,교차로 - 교차로안,화물,남,66세,중상,농기계,남,49세,경상
2021110600100211,2021년 11월 6일 12시,토요일,전라북도 군산시 소룡동,중상사고,0,1,1,0,차대차 - 정면충돌,기타,건조,맑음,교차로 - 교차로안,승용,여,49세,경상,이륜,남,45세,중상
2021110600100212,2021년 11월 6일 12시,토요일,전라북도 순창군 순창읍,중상사고,0,1,0,0,차대사람 - 차도통행중,안전운전불이행,건조,맑음,교차로 - 교차로부근,승용,여,74세,상해없음,보행자,남,52세,중상
2021110600100241,2021년 11월 6일 13시,토요일,전라북도 전주시 완산구 효자동1가,경상사고,0,0,1,0,차대차 - 측면충돌,안전운전불이행,건조,맑음,교차로 - 교차로안,승용,여,47세,상해없음,이륜,남,22세,경상
2021110600100242,2021년 11월 6일 13시,토요일,전라북도 군산시 산북동,경상사고,0,0,1,0,차대차 - 추돌,안전운전불이행,건조,맑음,단일로 - 기타,이륜,남,20세,상해없음,자전거,남,56세,경상
2021110600100243,2021년 11월 6일 13시,토요일,전라북도 익산시 부송동,경상사고,0,0,1,0,차대차 - 측면충돌,차로위반,건조,맑음,단일로 - 기타,승용,여,57세,상해없음,이륜,남,31세,경상
2021110600100244,2021년 11월 6일 13시,토요일,전라북도 남원시 월락동,중상사고,0,1,0,0,차대차 - 측면충돌,안전운전불이행,건조,맑음,교차로 - 교차로안,승용,여,20세,상해없음,승용,여,36세,중상
2021110600100245,2021년 11월 6일 13시,토요일,전라북도 순창군 팔덕면,경상사고,0,0,2,0,차대차 - 측면충돌,안전운전불이행,건조,맑음,주차장 - 주차장,승용,남,72세,상해없음,승용,남,74세,경상
2021110600100288,2021년 11월 6일 14시,토요일,전라북도 정읍시 수성동,중상사고,0,1,0,0,차대사람 - 횡단중,보행자보호의무위반,건조,맑음,교차로 - 교차로횡단보도내,승용,여,41세,상해없음,보행자,여,79세,중상
2021110600100289,2021년 11월 6일 14시,토요일,전라북도 완주군 상관면,경상사고,0,0,2,0,차대차 - 기타,차로위반,건조,맑음,단일로 - 기타,승용,남,41세,상해없음,승용,여,29세,경상
2021110600100327,2021년 11월 6일 15시,토요일,전라북도 전주시 완산구 중화산동1가,부상신고사고,0,0,0,1,차대차 - 정면충돌,안전운전불이행,건조,맑음,단일로 - 기타,승용,여,20세,상해없음,원동기,남,22세,부상신고
2021110600100375,2021년 11월 6일 16시,토요일,전라북도 군산시 수송동,경상사고,0,0,1,0,차대차 - 측면충돌,안전운전불이행,건조,맑음,교차로 - 교차로안,승용,여,62세,상해없음,자전거,여,52세,경상
2021110600100462,2021년 11월 6일 18시,토요일,전라북도 고창군 대산면,경상사고,0,0,1,0,차대사람 - 횡단중,안전운전불이행,건조,맑음,교차로 - 교차로안,승용,여,58세,상해없음,보행자,여,90세,경상
2021110600100510,2021년 11월 6일 19시,토요일,전라북도 전주시 덕진구 송천동2가,경상사고,0,0,1,0,차대차 - 측면충돌,신호위반,건조,맑음,교차로 - 교차로안,이륜,남,21세,상해없음,자전거,남,21세,경상
2021110600100542,2021년 11월 6일 20시,토요일,전라북도 전주시 완산구 경원동3가,경상사고,0,0,1,0,차대사람 - 차도통행중,안전운전불이행,건조,맑음,기타 - 기타,승용,남,66세,상해없음,보행자,여,34세,경상
2021110600100608,2021년 11월 6일 22시,토요일,전라북도 정읍시 수성동,경상사고,0,0,2,0,차대차 - 측면충돌,안전운전불이행,건조,맑음,교차로 - 교차로안,승용,여,48세,상해없음,승용,남,50세,경상
2021110600100609,2021년 11월 6일 22시,토요일,전라북도 정읍시 상동,중상사고,0,1,0,0,차대차 - 추돌,안전운전불이행,건조,맑음,단일로 - 기타,원동기,남,44세,중상,화물,남,48세,기타불명
2021110700100010,2021년 11월 7일 00시,일요일,전라북도 전주시 완산구 효자동3가,중상사고,0,2,4,0,차대차 - 측면충돌,신호위반,건조,맑음,교차로 - 교차로안,승용,여,54세,경상,승용,여,34세,중상
2021110700100035,2021년 11월 7일 02시,일요일,전라북도 익산시 인화동1가,중상사고,0,1,0,0,차대차 - 측면충돌,직진우회전진행방해,건조,맑음,교차로 - 교차로안,승합,남,22세,상해없음,승용,남,48세,중상
2021110700100070,2021년 11월 7일 08시,일요일,전라북도 완주군 봉동읍,경상사고,0,0,1,0,차대차 - 기타,안전운전불이행,건조,맑음,교차로 - 교차로안,승용,남,74세,상해없음,승용,여,37세,경상
2021110700100097,2021년 11월 7일 10시,일요일,전라북도 진안군 진안읍,경상사고,0,0,1,0,차대차 - 정면충돌,중앙선침범,건조,맑음,교차로 - 교차로안,자전거,남,80세,경상,승용,여,46세,상해없음
2021110700100186,2021년 11월 7일 13시,일요일,전라북도 김제시 광활면,경상사고,0,0,1,0,차대차 - 측면충돌,기타,건조,맑음,교차로 - 교차로안,화물,남,49세,상해없음,승용,남,51세,경상
2021110700100218,2021년 11월 7일 14시,일요일,전라북도 전주시 완산구 다가동4가,경상사고,0,0,1,0,차대차 - 추돌,안전운전불이행,건조,맑음,단일로 - 기타,승용,남,26세,상해없음,승용,남,64세,경상
2021110700100219,2021년 11월 7일 14시,일요일,전라북도 전주시 덕진구 인후동2가,경상사고,0,0,2,0,차대차 - 측면충돌,교차로운행방법위반,건조,맑음,교차로 - 교차로안,승용,남,40세,상해없음,승용,남,31세,경상
2021110700100307,2021년 11월 7일 16시,일요일,전라북도 익산시 춘포면,경상사고,0,0,2,0,차대차 - 추돌,안전운전불이행,건조,맑음,단일로 - 기타,승용,여,28세,상해없음,이륜,남,59세,경상
2021110700100334,2021년 11월 7일 17시,일요일,전라북도 부안군 보안면,경상사고,0,0,2,0,차대차 - 측면충돌,중앙선침범,건조,맑음,단일로 - 지하차도(도로)내,승용,여,28세,경상,승합,여,41세,경상
2021110700100335,2021년 11월 7일 17시,일요일,전라북도 완주군 운주면,경상사고,0,0,2,0,차대차 - 측면충돌,안전운전불이행,건조,맑음,교차로 - 교차로부근,화물,남,55세,상해없음,승용,남,58세,경상
2021110700100368,2021년 11월 7일 18시,일요일,전라북도 전주시 완산구 평화동2가,중상사고,0,1,0,0,차대사람 - 횡단중,보행자보호의무위반,건조,맑음,교차로 - 교차로안,승용,여,57세,상해없음,보행자,여,70세,중상
2021110700100369,2021년 11월 7일 18시,일요일,전라북도 전주시 완산구 서신동,경상사고,0,0,1,0,차대차 - 추돌,안전운전불이행,건조,맑음,교차로 - 교차로부근,승용,남,50세,상해없음,승용,여,57세,경상
2021110700100370,2021년 11월 7일 18시,일요일,전라북도 전주시 덕진구 호성동1가,경상사고,0,0,1,0,차대차 - 측면충돌,교차로운행방법위반,건조,맑음,교차로 - 교차로안,승용,남,73세,상해없음,이륜,남,61세,경상
2021110700100371,2021년 11월 7일 18시,일요일,전라북도 군산시 나운동,경상사고,0,0,1,0,차대사람 - 차도통행중,안전운전불이행,건조,맑음,기타 - 기타,승용,남,21세,상해없음,보행자,남,38세,경상
2021110700100399,2021년 11월 7일 19시,일요일,전라북도 익산시 중앙동1가,경상사고,0,0,2,0,차대차 - 측면충돌,신호위반,건조,맑음,교차로 - 교차로안,승용,여,51세,상해없음,승용,남,60세,경상
2021110700100424,2021년 11월 7일 20시,일요일,전라북도 남원시 죽항동,경상사고,0,0,2,0,차대차 - 추돌,안전운전불이행,기타,맑음,단일로 - 기타,승용,남,54세,경상,건설기계,남,44세,경상
2021110700100447,2021년 11월 7일 21시,일요일,전라북도 전주시 완산구 효자동3가,중상사고,0,1,0,0,차대사람 - 횡단중,안전운전불이행,건조,맑음,단일로 - 기타,이륜,남,22세,상해없음,보행자,여,20세,중상
2021110700100448,2021년 11월 7일 21시,일요일,전라북도 익산시 황등면,경상사고,0,0,2,0,차대차 - 측면충돌,안전운전불이행,건조,맑음,단일로 - 기타,승합,남,55세,상해없음,승용,남,34세,경상
2021110700100471,2021년 11월 7일 22시,일요일,전라북도 전주시 덕진구 전미동1가,경상사고,0,0,2,0,차대차 - 측면충돌,신호위반,건조,맑음,교차로 - 교차로안,승용,남,61세,기타불명,이륜,남,16세,경상
2021110800100036,2021년 11월 8일 05시,월요일,전라북도 전주시 완산구 효자동3가,경상사고,0,0,1,0,차대차 - 측면충돌,안전운전불이행,젖음/습기,비,교차로 - 교차로안,승용,남,24세,상해없음,승용,남,36세,경상
2021110800100037,2021년 11월 8일 05시,월요일,전라북도 전주시 완산구 삼천동3가,경상사고,0,0,1,0,차대차 - 추돌,안전운전불이행,건조,흐림,단일로 - 기타,승용,여,62세,상해없음,승용,남,66세,경상
2021110800100053,2021년 11월 8일 06시,월요일,전라북도 김제시 순동,중상사고,0,1,0,0,차대차 - 측면충돌,신호위반,건조,맑음,교차로 - 교차로안,건설기계,남,52세,상해없음,승용,남,57세,중상
2021110800100084,2021년 11월 8일 07시,월요일,전라북도 군산시 미룡동,경상사고,0,0,3,0,차대차 - 측면충돌,안전운전불이행,젖음/습기,비,교차로 - 교차로안,승용,남,57세,상해없음,승용,여,44세,경상
2021110800100115,2021년 11월 8일 08시,월요일,전라북도 진안군 진안읍,경상사고,0,0,2,0,차대차 - 추돌,안전운전불이행,젖음/습기,비,교차로 - 교차로안,화물,남,53세,상해없음,승용,남,82세,경상
2021110800100163,2021년 11월 8일 09시,월요일,전라북도 전주시 완산구 상림동,경상사고,0,0,1,0,차대차 - 측면충돌,신호위반,젖음/습기,비,교차로 - 교차로안,기타불명,기타불명,미분류,기타불명,승용,여,32세,경상
2021110800100164,2021년 11월 8일 09시,월요일,전라북도 군산시 임피면,부상신고사고,0,0,0,1,차량단독 - 도로외이탈 - 추락,안전운전불이행,젖음/습기,비,단일로 - 기타,승용,남,18세,부상신고,,,,
2021110800100190,2021년 11월 8일 10시,월요일,전라북도 전주시 완산구 효자동2가,경상사고,0,0,1,0,차대차 - 측면충돌,안전운전불이행,젖음/습기,비,교차로 - 교차로부근,승용,남,70세,상해없음,승용,남,56세,경상
2021110800100191,2021년 11월 8일 10시,월요일,전라북도 전주시 덕진구 호성동1가,사망사고,1,0,0,0,차대사람 - 횡단중,안전운전불이행,젖음/습기,비,단일로 - 기타,승용,남,25세,상해없음,보행자,남,80세,사망
2021110800100192,2021년 11월 8일 10시,월요일,전라북도 정읍시 신태인읍,중상사고,0,1,0,0,차대사람 - 기타,중앙선침범,젖음/습기,비,교차로 - 교차로안,승용,남,60세,기타불명,보행자,여,81세,중상
2021110800100227,2021년 11월 8일 11시,월요일,전라북도 전주시 완산구 중화산동2가,경상사고,0,0,1,0,차대사람 - 횡단중,안전거리미확보,건조,맑음,단일로 - 기타,승용,여,73세,상해없음,보행자,남,39세,경상
2021110800100268,2021년 11월 8일 12시,월요일,전라북도 전주시 완산구 효자동2가,경상사고,0,0,1,0,차대차 - 측면충돌,신호위반,젖음/습기,흐림,교차로 - 교차로안,승용,남,47세,상해없음,승합,남,45세,경상
2021110800100337,2021년 11월 8일 14시,월요일,전라북도 전주시 완산구 서신동,경상사고,0,0,1,0,차대차 - 측면충돌,안전거리미확보,건조,맑음,단일로 - 기타,승용,여,61세,상해없음,승용,여,60세,경상
2021110800100338,2021년 11월 8일 14시,월요일,전라북도 익산시 낭산면,중상사고,0,1,0,0,차대차 - 측면충돌,신호위반,건조,맑음,교차로 - 교차로안,승용,여,25세,상해없음,승합,남,51세,중상
2021110800100367,2021년 11월 8일 15시,월요일,전라북도 익산시 모현동1가,경상사고,0,0,1,0,차대차 - 추돌,안전운전불이행,건조,맑음,주차장 - 주차장,승용,남,64세,상해없음,승용,여,27세,경상
2021110800100368,2021년 11월 8일 15시,월요일,전라북도 부안군 변산면,중상사고,0,1,0,0,차량단독 - 도로외이탈 - 기타,안전운전불이행,건조,흐림,교차로 - 교차로부근,사륜오토바이(ATV),남,53세,중상,,,,
2021110800100458,2021년 11월 8일 17시,월요일,전라북도 정읍시 수성동,경상사고,0,0,1,0,차대차 - 측면충돌,신호위반,젖음/습기,비,교차로 - 교차로안,승용,남,57세,상해없음,이륜,남,77세,경상
2021110800100519,2021년 11월 8일 18시,월요일,전라북도 전주시 덕진구 금암동,경상사고,0,0,1,0,차대사람 - 보도통행중,보행자보호의무위반,건조,맑음,교차로 - 교차로횡단보도내,승용,여,32세,상해없음,보행자,남,29세,경상
2021110800100520,2021년 11월 8일 18시,월요일,전라북도 김제시 입석동,중상사고,0,1,0,0,차대차 - 측면충돌,기타,건조,맑음,교차로 - 교차로안,승용,남,61세,상해없음,이륜,남,60세,중상
2021110800100521,2021년 11월 8일 18시,월요일,전라북도 부안군 부안읍,중상사고,0,1,0,0,차대사람 - 횡단중,안전운전불이행,건조,맑음,단일로 - 지하차도(도로)내,화물,남,57세,상해없음,보행자,여,64세,중상
2021110800100616,2021년 11월 8일 20시,월요일,전라북도 군산시 지곡동,경상사고,0,0,1,0,차대차 - 후진중충돌,안전운전불이행,젖음/습기,흐림,교차로 - 교차로안,승용,남,48세,상해없음,승용,여,46세,경상
2021110800100646,2021년 11월 8일 21시,월요일,전라북도 정읍시 수성동,경상사고,0,0,1,0,차대차 - 측면충돌,차로위반,건조,맑음,단일로 - 기타,승용,남,19세,상해없음,이륜,남,20세,경상
2021110900100010,2021년 11월 9일 00시,화요일,전라북도 전주시 완산구 삼천동1가,경상사고,0,0,1,0,차대차 - 추돌,안전운전불이행,건조,맑음,교차로 - 교차로안,이륜,남,20세,상해없음,이륜,여,20세,경상
2021110900100053,2021년 11월 9일 06시,화요일,전라북도 군산시 산북동,사망사고,1,0,0,0,차대차 - 측면충돌,불법유턴,건조,흐림,단일로 - 기타,화물,남,64세,상해없음,승용,남,31세,사망
2021110900100100,2021년 11월 9일 08시,화요일,전라북도 정읍시 시기동,경상사고,0,0,1,0,차대차 - 기타,신호위반,젖음/습기,흐림,교차로 - 교차로안,승용,남,70세,상해없음,승용,여,42세,경상
2021110900100207,2021년 11월 9일 11시,화요일,전라북도 익산시 영등동,중상사고,0,1,0,0,차대사람 - 기타,안전운전불이행,건조,맑음,단일로 - 기타,승용,남,55세,상해없음,보행자,남,79세,중상
2021110900100247,2021년 11월 9일 12시,화요일,전라북도 전주시 완산구 삼천동1가,경상사고,0,0,3,0,차대차 - 기타,안전운전불이행,건조,맑음,단일로 - 기타,승용,남,61세,상해없음,승용,남,65세,경상
2021110900100278,2021년 11월 9일 13시,화요일,전라북도 전주시 완산구 중화산동2가,중상사고,0,1,0,0,차대차 - 기타,중앙선침범,건조,맑음,교차로 - 교차로부근,화물,남,53세,상해없음,이륜,남,22세,중상
2021110900100315,2021년 11월 9일 14시,화요일,전라북도 익산시 춘포면,경상사고,0,0,1,0,차대사람 - 보도통행중,안전운전불이행,건조,맑음,교차로 - 교차로안,승용,남,69세,상해없음,보행자,여,73세,경상
2021110900100316,2021년 11월 9일 14시,화요일,전라북도 정읍시 상동,중상사고,0,1,0,0,차대사람 - 횡단중,안전운전불이행,젖음/습기,비,교차로 - 교차로안,승용,남,74세,상해없음,보행자,여,37세,중상
2021110900100342,2021년 11월 9일 15시,화요일,전라북도 남원시 도통동,경상사고,0,0,1,0,차대차 - 측면충돌,신호위반,젖음/습기,비,교차로 - 교차로안,승용,여,64세,상해없음,이륜,남,40세,경상
2021110900100379,2021년 11월 9일 16시,화요일,전라북도 전주시 덕진구 만성동,중상사고,0,1,0,0,차대차 - 추돌,안전운전불이행,건조,맑음,단일로 - 기타,화물,남,56세,상해없음,승용,남,29세,중상
2021110900100380,2021년 11월 9일 16시,화요일,전라북도 전주시 덕진구 송천동1가,경상사고,0,0,1,0,차대차 - 측면충돌,안전거리미확보,건조,흐림,단일로 - 기타,승합,남,65세,상해없음,승용,여,36세,경상
2021110900100434,2021년 11월 9일 17시,화요일,전라북도 익산시 영등동,경상사고,0,0,1,0,차대차 - 측면충돌,신호위반,건조,맑음,교차로 - 교차로안,이륜,남,20세,상해없음,승용,여,29세,경상
2021110900100494,2021년 11월 9일 18시,화요일,전라북도 전주시 덕진구 성덕동,경상사고,0,0,1,0,차대차 - 측면충돌,신호위반,젖음/습기,비,단일로 - 교량,승용,남,37세,상해없음,특수,남,48세,경상
2021110900100495,2021년 11월 9일 18시,화요일,전라북도 정읍시 시기동,경상사고,0,0,2,0,차대차 - 기타,중앙선침범,젖음/습기,비,교차로 - 교차로부근,승용,남,53세,상해없음,승용,남,44세,경상
2021110900100496,2021년 11월 9일 18시,화요일,전라북도 전주시 덕진구 금상동,경상사고,0,0,1,0,차대차 - 추돌,안전운전불이행,건조,맑음,기타 - 기타,승용,남,38세,상해없음,승용,여,42세,상해없음
2021110900100558,2021년 11월 9일 19시,화요일,전라북도 전주시 완산구 효자동3가,경상사고,0,0,1,0,차대차 - 추돌,안전운전불이행,건조,맑음,단일로 - 기타,승용,여,43세,상해없음,승용,남,68세,경상
2021110900100624,2021년 11월 9일 21시,화요일,전라북도 정읍시 상동,경상사고,0,0,2,0,차대차 - 추돌,안전운전불이행,건조,맑음,단일로 - 기타,승용,남,63세,상해없음,승합,남,59세,경상
2021110900100625,2021년 11월 9일 21시,화요일,전라북도 남원시 쌍교동,경상사고,0,0,2,0,차대차 - 기타,안전운전불이행,건조,맑음,기타 - 기타,승용,남,31세,상해없음,승용,여,23세,경상
2021110900100676,2021년 11월 9일 23시,화요일,전라북도 김제시 금구면,중상사고,0,1,0,0,차대차 - 기타,안전운전불이행,젖음/습기,비,단일로 - 기타,승용,남,48세,상해없음,화물,남,53세,상해없음
2021111000100125,2021년 11월 10일 08시,수요일,전라북도 전주시 완산구 중노송동,경상사고,0,0,1,0,차대차 - 측면충돌,안전운전불이행,건조,맑음,교차로 - 교차로안,승용,남,71세,상해없음,승용,남,44세,경상
2021111000100185,2021년 11월 10일 10시,수요일,전라북도 전주시 완산구 효자동2가,경상사고,0,0,1,0,차대차 - 측면충돌,신호위반,건조,맑음,교차로 - 교차로안,화물,남,63세,상해없음,승용,여,56세,경상
2021111000100186,2021년 11월 10일 10시,수요일,전라북도 군산시 나운동,경상사고,0,0,2,0,차대차 - 측면충돌,신호위반,젖음/습기,흐림,교차로 - 교차로안,화물,남,67세,상해없음,화물,남,32세,경상
2021111000100237,2021년 11월 10일 12시,수요일,전라북도 군산시 수송동,경상사고,0,0,1,0,차대차 - 측면충돌,안전운전불이행,젖음/습기,비,교차로 - 교차로부근,승용,남,64세,상해없음,승용,남,52세,경상
2021111000100238,2021년 11월 10일 12시,수요일,전라북도 김제시 공덕면,경상사고,0,0,1,0,차대차 - 측면충돌,기타,젖음/습기,비,단일로 - 기타,승용,남,36세,상해없음,승용,여,29세,경상
2021111000100262,2021년 11월 10일 13시,수요일,전라북도 전주시 덕진구 인후동1가,경상사고,0,0,1,0,차대사람 - 횡단중,안전운전불이행,젖음/습기,비,교차로 - 교차로부근,승합,남,49세,상해없음,보행자,여,10세,경상