사고번호,사고일시,요일,시군구,사고내용,사망자수,중상자수,경상자수,부상신고자수,사고유형,법규위반,노면상태,기상상태,도로형태,가해운전자 차종,가해운전자 성별,가해운전자 연령,가해운전자 상해정도,피해운전자 차종,피해운전자 성별,피해운전자 연령,피해운전자 상해정도
2021111000100263,2021년 11월 10일 13시,수요일,전라북도 순창군 복흥면,중상사고,0,1,3,0,차대차 - 측면충돌,안전운전불이행,젖음/습기,비,교차로 - 교차로안,승용,남,72세,경상,승용,남,62세,경상
2021111000100330,2021년 11월 10일 15시,수요일,전라북도 군산시 수송동,부상신고사고,0,0,0,1,차대차 - 추돌,안전운전불이행,젖음/습기,비,교차로 - 교차로부근,이륜,남,67세,부상신고,승용,여,49세,기타불명
2021111000100368,2021년 11월 10일 16시,수요일,전라북도 김제시 백산면,사망사고,1,9,3,0,차대차 - 측면충돌,신호위반,젖음/습기,비,교차로 - 교차로안,화물,남,61세,경상,화물,남,39세,중상
2021111000100406,2021년 11월 10일 17시,수요일,전라북도 전주시 완산구 중화산동2가,경상사고,0,0,1,0,차대차 - 측면충돌,안전거리미확보,건조,맑음,교차로 - 교차로부근,승용,남,50세,상해없음,이륜,남,25세,경상
2021111000100407,2021년 11월 10일 17시,수요일,전라북도 전주시 덕진구 덕진동1가,경상사고,0,0,1,0,차대차 - 추돌,안전운전불이행,젖음/습기,비,단일로 - 기타,승용,남,60세,상해없음,승용,남,26세,경상
2021111000100408,2021년 11월 10일 17시,수요일,전라북도 전주시 덕진구 우아동3가,경상사고,0,0,1,0,차대차 - 측면충돌,신호위반,젖음/습기,비,교차로 - 교차로안,이륜,남,50세,상해없음,승용,남,42세,경상
2021111000100409,2021년 11월 10일 17시,수요일,전라북도 익산시 영등동,중상사고,0,1,1,0,차대사람 - 기타,안전운전불이행,건조,맑음,단일로 - 기타,승용,남,57세,상해없음,보행자,남,42세,중상
2021111000100458,2021년 11월 10일 18시,수요일,전라북도 전주시 덕진구 우아동2가,경상사고,0,0,1,0,차대차 - 측면충돌,안전운전불이행,젖음/습기,비,단일로 - 기타,승용,남,61세,상해없음,승용,여,31세,경상
2021111000100516,2021년 11월 10일 19시,수요일,전라북도 전주시 완산구 효자동2가,경상사고,0,0,1,0,차대차 - 기타,안전운전불이행,건조,맑음,단일로 - 기타,승용,남,33세,상해없음,승용,남,41세,경상
2021111100100027,2021년 11월 11일 02시,목요일,전라북도 군산시 소룡동,부상신고사고,0,0,0,1,차대차 - 기타,안전운전불이행,건조,맑음,교차로 - 교차로부근,기타불명,기타불명,미분류,기타불명,원동기,남,20세,상해없음
2021111100100052,2021년 11월 11일 06시,목요일,전라북도 전주시 덕진구 팔복동1가,중상사고,0,1,0,0,차대차 - 측면충돌,신호위반,젖음/습기,맑음,교차로 - 교차로안,화물,남,50세,상해없음,승용,남,30세,중상
2021111100100129,2021년 11월 11일 08시,목요일,전라북도 익산시 성당면,중상사고,0,1,0,0,차대차 - 측면충돌,안전운전불이행,젖음/습기,흐림,단일로 - 기타,화물,남,47세,상해없음,특수,남,57세,중상
2021111100100130,2021년 11월 11일 08시,목요일,전라북도 장수군 계북면,경상사고,0,0,2,0,차대차 - 측면충돌,기타,건조,맑음,기타 - 기타,승용,여,53세,경상,승용,남,42세,경상
2021111100100193,2021년 11월 11일 10시,목요일,전라북도 남원시 금지면,중상사고,0,1,0,0,차대차 - 기타,안전운전불이행,건조,맑음,교차로 - 교차로안,화물,남,53세,상해없음,이륜,남,80세,중상
2021111100100194,2021년 11월 11일 10시,목요일,전라북도 완주군 경천면,중상사고,0,1,0,0,차대차 - 측면충돌,안전운전불이행,건조,맑음,단일로 - 기타,원동기,여,85세,중상,승용,남,69세,상해없음
2021111100100230,2021년 11월 11일 11시,목요일,전라북도 군산시 경장동,경상사고,0,0,1,0,차대차 - 측면충돌,중앙선침범,젖음/습기,비,교차로 - 교차로부근,승용,여,16세,상해없음,승용,남,65세,경상
2021111100100231,2021년 11월 11일 11시,목요일,전라북도 고창군 고창읍,중상사고,0,1,0,0,차대차 - 기타,교차로운행방법위반,건조,맑음,교차로 - 교차로부근,승용,남,82세,상해없음,이륜,남,72세,중상
2021111100100260,2021년 11월 11일 12시,목요일,전라북도 남원시 금동,중상사고,0,1,0,0,차대사람 - 횡단중,중앙선침범,건조,맑음,단일로 - 기타,승용,남,67세,상해없음,보행자,여,57세,중상
2021111100100294,2021년 11월 11일 13시,목요일,전라북도 군산시 구암동,부상신고사고,0,0,0,1,차량단독 - 공작물충돌,안전운전불이행,젖음/습기,비,단일로 - 기타,승합,남,70세,부상신고,,,,
2021111100100351,2021년 11월 11일 15시,목요일,전라북도 전주시 완산구 효자동3가,경상사고,0,0,1,0,차대사람 - 길가장자리구역통행중,안전운전불이행,건조,맑음,단일로 - 기타,승용,여,47세,상해없음,보행자,남,23세,경상
2021111100100352,2021년 11월 11일 15시,목요일,전라북도 고창군 고수면,경상사고,0,0,2,0,차대차 - 측면충돌,신호위반,젖음/습기,비,교차로 - 교차로안,승용,여,28세,상해없음,승용,남,40세,경상
2021111100100390,2021년 11월 11일 16시,목요일,전라북도 전주시 덕진구 송천동2가,경상사고,0,0,1,0,차대차 - 추돌,안전운전불이행,건조,맑음,단일로 - 기타,승용,여,30세,상해없음,승용,남,50세,상해없음
2021111100100391,2021년 11월 11일 16시,목요일,전라북도 부안군 보안면,경상사고,0,0,1,0,차대차 - 기타,안전거리미확보,건조,맑음,단일로 - 기타,기타불명,기타불명,미분류,기타불명,승용,남,26세,경상
2021111100100491,2021년 11월 11일 18시,목요일,전라북도 고창군 고창읍,경상사고,0,0,1,0,차대사람 - 횡단중,보행자보호의무위반,젖음/습기,비,교차로 - 교차로횡단보도내,이륜,남,28세,상해없음,보행자,남,36세,경상
2021111100100580,2021년 11월 11일 20시,목요일,전라북도 남원시 주천면,중상사고,0,1,1,0,차대차 - 측면충돌,안전운전불이행,젖음/습기,비,교차로 - 교차로안,승용,여,63세,경상,승용,여,29세,중상
2021111100100628,2021년 11월 11일 22시,목요일,전라북도 전주시 완산구 효자동3가,중상사고,0,2,0,0,차대차 - 측면충돌,신호위반,젖음/습기,비,교차로 - 교차로안,승용,남,27세,상해없음,승용,여,54세,중상
2021111100100629,2021년 11월 11일 22시,목요일,전라북도 익산시 남중동,중상사고,0,1,0,0,차대차 - 추돌,안전운전불이행,건조,흐림,단일로 - 기타,이륜,남,19세,중상,승용,남,54세,기타불명
2021111100100648,2021년 11월 11일 23시,목요일,전라북도 전주시 덕진구 장동,경상사고,0,0,1,0,차대차 - 측면충돌,안전운전불이행,젖음/습기,비,교차로 - 교차로안,승용,남,24세,상해없음,승용,남,55세,경상
2021111200100024,2021년 11월 12일 02시,금요일,전라북도 김제시 순동,경상사고,0,0,1,0,차대차 - 기타,안전운전불이행,젖음/습기,비,단일로 - 고가도로위,승용,남,63세,상해없음,승용,남,25세,경상
2021111200100060,2021년 11월 12일 06시,금요일,전라북도 전주시 완산구 효자동2가,중상사고,0,1,0,0,차대사람 - 횡단중,보행자보호의무위반,젖음/습기,비,교차로 - 교차로횡단보도내,화물,남,75세,상해없음,보행자,여,62세,중상
2021111200100061,2021년 11월 12일 06시,금요일,전라북도 무주군 무주읍,사망사고,1,1,0,0,차대차 - 측면충돌,교차로운행방법위반,젖음/습기,흐림,교차로 - 교차로안,화물,여,59세,상해없음,사륜오토바이(ATV),남,76세,중상
2021111200100078,2021년 11월 12일 07시,금요일,전라북도 군산시 삼학동,경상사고,0,0,1,0,차대사람 - 길가장자리구역통행중,안전운전불이행,젖음/습기,맑음,단일로 - 기타,승용,여,60세,상해없음,보행자,남,68세,경상
2021111200100102,2021년 11월 12일 08시,금요일,전라북도 전주시 완산구 효자동2가,경상사고,0,0,1,0,차대차 - 측면충돌,신호위반,건조,맑음,교차로 - 교차로안,화물,남,25세,상해없음,승용,여,42세,경상
2021111200100103,2021년 11월 12일 08시,금요일,전라북도 전주시 완산구 효자동1가,경상사고,0,0,1,0,차대사람 - 횡단중,보행자보호의무위반,젖음/습기,맑음,교차로 - 교차로부근,승용,남,54세,상해없음,보행자,여,50세,경상
2021111200100104,2021년 11월 12일 08시,금요일,전라북도 전주시 덕진구 덕진동2가,중상사고,0,1,0,0,차량단독 - 기타,안전운전불이행,건조,맑음,단일로 - 기타,승합,남,61세,상해없음,,,,
2021111200100105,2021년 11월 12일 08시,금요일,전라북도 군산시 소룡동,경상사고,0,0,1,1,차대차 - 측면충돌,안전운전불이행,젖음/습기,흐림,단일로 - 지하차도(도로)내,화물,남,63세,상해없음,승용,남,76세,경상
2021111200100106,2021년 11월 12일 08시,금요일,전라북도 익산시 영등동,중상사고,0,1,0,0,차대사람 - 횡단중,보행자보호의무위반,건조,맑음,교차로 - 교차로안,화물,남,64세,상해없음,보행자,여,82세,중상
2021111200100147,2021년 11월 12일 09시,금요일,전라북도 군산시 조촌동,중상사고,0,1,0,0,차대차 - 측면충돌,안전운전불이행,건조,맑음,교차로 - 교차로부근,승용,여,32세,상해없음,자전거,남,52세,중상
2021111200100148,2021년 11월 12일 09시,금요일,전라북도 군산시 임피면,부상신고사고,0,0,0,1,차대차 - 측면충돌,직진우회전진행방해,젖음/습기,비,교차로 - 교차로안,승용,여,33세,부상신고,승용,여,42세,상해없음
2021111200100319,2021년 11월 12일 14시,금요일,전라북도 전주시 덕진구 여의동,경상사고,0,0,2,0,차대차 - 측면충돌,중앙선침범,젖음/습기,비,교차로 - 교차로안,승용,남,36세,상해없음,승용,남,51세,경상
2021111200100320,2021년 11월 12일 14시,금요일,전라북도 전주시 덕진구 인후동2가,경상사고,0,0,1,0,차대차 - 정면충돌,중앙선침범,젖음/습기,비,단일로 - 기타,승용,여,58세,상해없음,승용,남,60세,경상
2021111200100321,2021년 11월 12일 14시,금요일,전라북도 군산시 소룡동,경상사고,0,0,1,0,차대차 - 기타,안전운전불이행,젖음/습기,비,단일로 - 지하차도(도로)내,승용,남,53세,상해없음,이륜,남,40세,경상
2021111200100364,2021년 11월 12일 15시,금요일,전라북도 정읍시 북면,경상사고,0,0,2,0,차대차 - 기타,직진우회전진행방해,젖음/습기,비,교차로 - 교차로안,승용,남,69세,경상,승용,남,37세,경상
2021111200100401,2021년 11월 12일 16시,금요일,전라북도 군산시 장미동,경상사고,0,0,1,0,차대차 - 추돌,안전거리미확보,건조,맑음,단일로 - 지하차도(도로)내,화물,남,62세,상해없음,화물,남,56세,경상
2021111200100402,2021년 11월 12일 16시,금요일,전라북도 군산시 대야면,부상신고사고,0,0,0,1,차량단독 - 전도전복 - 전도,안전운전불이행,젖음/습기,비,단일로 - 지하차도(도로)내,건설기계,남,60세,부상신고,,,,
2021111200100444,2021년 11월 12일 17시,금요일,전라북도 전주시 덕진구 덕진동1가,중상사고,0,1,0,0,차대차 - 측면충돌,신호위반,건조,맑음,단일로 - 기타,승용,여,38세,상해없음,이륜,남,42세,중상
2021111200100445,2021년 11월 12일 17시,금요일,전라북도 익산시 마동,경상사고,0,0,2,0,차대차 - 추돌,안전운전불이행,건조,맑음,교차로 - 교차로부근,승용,여,70세,상해없음,승용,남,23세,상해없음
2021111200100499,2021년 11월 12일 18시,금요일,전라북도 전주시 덕진구 우아동3가,사망사고,1,0,0,0,차대사람 - 횡단중,안전운전불이행,젖음/습기,흐림,교차로 - 교차로안,승용,남,61세,상해없음,보행자,남,81세,사망
2021111200100500,2021년 11월 12일 18시,금요일,전라북도 군산시 서흥남동,경상사고,0,0,2,0,차대차 - 추돌,안전운전불이행,건조,맑음,단일로 - 지하차도(도로)내,승용,남,61세,상해없음,승용,여,34세,경상
2021111200100501,2021년 11월 12일 18시,금요일,전라북도 익산시 왕궁면,경상사고,0,0,1,0,차대차 - 측면충돌,안전운전불이행,건조,맑음,교차로 - 교차로안,화물,남,38세,상해없음,승용,남,23세,경상
2021111200100502,2021년 11월 12일 18시,금요일,전라북도 익산시 신용동,중상사고,0,1,0,0,차대차 - 측면충돌,안전운전불이행,건조,맑음,교차로 - 교차로안,승용,여,61세,상해없음,승용,남,75세,중상
2021111200100503,2021년 11월 12일 18시,금요일,전라북도 정읍시 수성동,경상사고,0,0,4,0,차대차 - 측면충돌,직진우회전진행방해,건조,맑음,교차로 - 교차로안,승용,여,56세,상해없음,승용,남,45세,경상
2021111200100504,2021년 11월 12일 18시,금요일,전라북도 남원시 쌍교동,중상사고,0,1,1,0,차대차 - 기타,중앙선침범,기타,맑음,기타 - 기타,승용,여,68세,상해없음,화물,여,50세,중상
2021111200100505,2021년 11월 12일 18시,금요일,전라북도 부안군 부안읍,경상사고,0,0,1,0,차대사람 - 차도통행중,안전운전불이행,건조,맑음,단일로 - 기타,이륜,남,20세,상해없음,보행자,여,55세,경상
2021111200100554,2021년 11월 12일 19시,금요일,전라북도 익산시 모현동1가,경상사고,0,0,2,0,차대차 - 추돌,안전운전불이행,건조,맑음,단일로 - 기타,승용,여,26세,상해없음,승용,남,43세,경상
2021111200100623,2021년 11월 12일 21시,금요일,전라북도 전주시 덕진구 반월동,경상사고,0,0,1,0,차대사람 - 횡단중,보행자보호의무위반,건조,맑음,교차로 - 교차로횡단보도내,승용,남,49세,상해없음,보행자,여,21세,경상
2021111200100624,2021년 11월 12일 21시,금요일,전라북도 순창군 순창읍,중상사고,0,2,3,0,차대차 - 추돌,기타,건조,맑음,단일로 - 기타,승용,남,42세,상해없음,승합,남,32세,중상
2021111300100098,2021년 11월 13일 07시,토요일,전라북도 익산시 신동,경상사고,0,0,1,0,차대차 - 추돌,안전운전불이행,건조,맑음,교차로 - 교차로안,승용,남,52세,상해없음,화물,남,50세,경상
2021111300100176,2021년 11월 13일 10시,토요일,전라북도 군산시 경암동,경상사고,0,0,1,0,차대차 - 추돌,안전운전불이행,건조,맑음,교차로 - 교차로부근,승용,남,62세,상해없음,승용,남,31세,상해없음
2021111300100177,2021년 11월 13일 10시,토요일,전라북도 김제시 서암동,중상사고,0,1,0,0,차대차 - 측면충돌,직진우회전진행방해,건조,맑음,교차로 - 교차로안,승용,여,44세,상해없음,이륜,남,78세,중상
2021111300100178,2021년 11월 13일 10시,토요일,전라북도 고창군 고창읍,경상사고,0,0,1,0,차대차 - 측면충돌,안전운전불이행,건조,맑음,기타 - 기타,화물,여,63세,경상,승용,남,73세,상해없음
2021111300100256,2021년 11월 13일 12시,토요일,전라북도 군산시 수송동,경상사고,0,0,1,0,차대차 - 측면충돌,신호위반,건조,맑음,교차로 - 교차로안,승용,여,51세,상해없음,승용,남,61세,경상
2021111300100257,2021년 11월 13일 12시,토요일,전라북도 김제시 부량면,경상사고,0,0,3,0,차대차 - 측면충돌,안전운전불이행,건조,맑음,기타 - 기타,승용,남,66세,상해없음,승용,남,57세,경상
2021111300100289,2021년 11월 13일 13시,토요일,전라북도 익산시 왕궁면,경상사고,0,0,4,0,차대차 - 측면충돌,신호위반,건조,맑음,교차로 - 교차로안,화물,남,69세,상해없음,승용,남,36세,경상
2021111300100290,2021년 11월 13일 13시,토요일,전라북도 순창군 순창읍,경상사고,0,0,1,1,차대차 - 측면충돌,안전거리미확보,건조,맑음,단일로 - 기타,이륜,여,38세,부상신고,이륜,남,38세,경상
2021111300100332,2021년 11월 13일 14시,토요일,전라북도 군산시 경장동,중상사고,0,1,0,0,차대차 - 추돌,중앙선침범,건조,맑음,교차로 - 교차로안,자전거,남,70세,중상,화물,남,37세,상해없음
2021111300100333,2021년 11월 13일 14시,토요일,전라북도 김제시 봉남면,중상사고,0,1,0,0,차대사람 - 기타,안전운전불이행,건조,맑음,교차로 - 교차로부근,화물,남,29세,상해없음,보행자,남,83세,중상
2021111300100372,2021년 11월 13일 15시,토요일,전라북도 김제시 용지면,경상사고,0,0,2,0,차대차 - 추돌,안전거리미확보,건조,맑음,교차로 - 교차로부근,승용,남,18세,상해없음,승용,남,56세,경상
2021111300100403,2021년 11월 13일 16시,토요일,전라북도 군산시 해망동,중상사고,0,2,0,2,차대차 - 측면충돌,안전운전불이행,건조,맑음,단일로 - 기타,화물,남,63세,상해없음,승용,여,39세,부상신고
2021111300100404,2021년 11월 13일 16시,토요일,전라북도 군산시 문화동,경상사고,0,0,3,0,차대차 - 추돌,안전운전불이행,건조,맑음,교차로 - 교차로부근,승용,남,70세,상해없음,승용,여,58세,경상
2021111300100492,2021년 11월 13일 18시,토요일,전라북도 전주시 완산구 서신동,경상사고,0,0,1,0,차대사람 - 횡단중,신호위반,건조,맑음,기타 - 기타,이륜,남,25세,상해없음,보행자,여,26세,경상
2021111300100493,2021년 11월 13일 18시,토요일,전라북도 남원시 금동,중상사고,0,1,0,0,차대차 - 기타,안전운전불이행,건조,맑음,단일로 - 기타,승용,남,74세,중상,승용,남,67세,기타불명
2021111300100494,2021년 11월 13일 18시,토요일,전라북도 정읍시 감곡면,경상사고,0,0,2,0,차대차 - 추돌,안전거리미확보,건조,맑음,단일로 - 기타,승용,남,49세,상해없음,화물,남,34세,경상
2021111300100535,2021년 11월 13일 19시,토요일,전라북도 전주시 덕진구 만성동,경상사고,0,0,1,0,차대차 - 측면충돌,안전거리미확보,건조,맑음,단일로 - 기타,승용,남,63세,상해없음,승용,여,26세,경상
2021111300100536,2021년 11월 13일 19시,토요일,전라북도 전주시 덕진구 송천동2가,중상사고,0,1,0,0,차대차 - 기타,신호위반,건조,맑음,교차로 - 교차로안,원동기,남,26세,기타불명,개인형이동수단(PM),남,46세,중상
2021111300100570,2021년 11월 13일 20시,토요일,전라북도 전주시 덕진구 우아동3가,경상사고,0,0,1,0,차대차 - 측면충돌,신호위반,건조,맑음,교차로 - 교차로안,화물,남,64세,상해없음,특수,남,44세,경상
2021111300100571,2021년 11월 13일 20시,토요일,전라북도 익산시 어양동,경상사고,0,0,3,0,차대차 - 측면충돌,차로위반,건조,맑음,단일로 - 기타,승용,남,65세,상해없음,승용,남,48세,경상
2021111400100011,2021년 11월 14일 00시,일요일,전라북도 정읍시 수성동,경상사고,0,0,1,0,차대차 - 측면충돌,직진우회전진행방해,건조,맑음,교차로 - 교차로안,화물,남,28세,상해없음,이륜,남,19세,경상
2021111400100025,2021년 11월 14일 01시,일요일,전라북도 군산시 소룡동,경상사고,0,0,1,0,차대차 - 추돌,안전운전불이행,건조,맑음,교차로 - 교차로부근,승용,남,33세,상해없음,승용,남,63세,경상
2021111400100116,2021년 11월 14일 10시,일요일,전라북도 전주시 덕진구 호성동1가,경상사고,0,0,4,0,차대차 - 정면충돌,중앙선침범,건조,맑음,단일로 - 기타,승용,남,27세,기타불명,승용,남,24세,경상
2021111400100117,2021년 11월 14일 10시,일요일,전라북도 순창군 순창읍,경상사고,0,0,1,0,차대차 - 측면충돌,중앙선침범,건조,맑음,단일로 - 기타,승용,남,66세,상해없음,승용,여,61세,경상
2021111400100170,2021년 11월 14일 12시,일요일,전라북도 전주시 완산구 서신동,경상사고,0,0,2,0,차대차 - 추돌,안전운전불이행,건조,맑음,교차로 - 교차로부근,승용,남,54세,상해없음,승용,여,40세,경상
2021111400100171,2021년 11월 14일 12시,일요일,전라북도 군산시 금동,경상사고,0,0,1,0,차대차 - 기타,안전운전불이행,건조,맑음,교차로 - 교차로안,승용,남,85세,상해없음,자전거,남,76세,경상
2021111400100226,2021년 11월 14일 14시,일요일,전라북도 군산시 나운동,경상사고,0,0,3,0,차대차 - 측면충돌,안전운전불이행,건조,맑음,단일로 - 기타,승합,여,50세,상해없음,승용,남,30세,경상
2021111400100325,2021년 11월 14일 17시,일요일,전라북도 전주시 완산구 중노송동,경상사고,0,0,1,0,차대차 - 측면충돌,신호위반,건조,맑음,교차로 - 교차로횡단보도내,화물,남,48세,상해없음,자전거,남,29세,경상
2021111400100326,2021년 11월 14일 17시,일요일,전라북도 익산시 남중동,경상사고,0,0,3,0,차대차 - 측면충돌,차로위반,건조,맑음,교차로 - 교차로안,승용,남,43세,상해없음,승용,남,40세,경상
2021111400100327,2021년 11월 14일 17시,일요일,전라북도 익산시 석왕동,경상사고,0,0,3,0,차대차 - 측면충돌,안전운전불이행,건조,맑음,단일로 - 기타,승용,남,53세,상해없음,승용,남,23세,경상
2021111400100370,2021년 11월 14일 18시,일요일,전라북도 전주시 완산구 서신동,중상사고,0,1,0,0,차대차 - 측면충돌,중앙선침범,건조,맑음,단일로 - 기타,승합,남,57세,상해없음,이륜,남,38세,중상
2021111400100429,2021년 11월 14일 20시,일요일,전라북도 전주시 덕진구 송천동1가,중상사고,0,1,0,0,차대사람 - 길가장자리구역통행중,안전운전불이행,건조,맑음,단일로 - 기타,화물,남,67세,상해없음,보행자,남,48세,중상
2021111400100450,2021년 11월 14일 21시,일요일,전라북도 전주시 완산구 효자동3가,경상사고,0,0,1,0,차대차 - 추돌,안전운전불이행,건조,맑음,교차로 - 교차로부근,승용,여,58세,상해없음,승용,여,38세,경상
2021111400100479,2021년 11월 14일 23시,일요일,전라북도 전주시 덕진구 우아동3가,경상사고,0,0,1,0,차대사람 - 횡단중,안전운전불이행,건조,맑음,교차로 - 교차로부근,승용,남,68세,상해없음,보행자,남,48세,경상
2021111500100034,2021년 11월 15일 04시,월요일,전라북도 전주시 완산구 서신동,경상사고,0,0,2,0,차대차 - 측면충돌,신호위반,건조,맑음,교차로 - 교차로안,승용,남,25세,경상,승용,여,48세,경상
2021111500100102,2021년 11월 15일 08시,월요일,전라북도 군산시 수송동,경상사고,0,0,1,0,차대사람 - 기타,안전운전불이행,건조,맑음,단일로 - 기타,승용,남,63세,상해없음,보행자,여,79세,경상
2021111500100199,2021년 11월 15일 11시,월요일,전라북도 김제시 금구면,중상사고,0,2,0,0,차대차 - 후진중충돌,안전운전불이행,건조,맑음,주차장 - 주차장,승용,여,47세,상해없음,승용,남,41세,중상
2021111500100271,2021년 11월 15일 13시,월요일,전라북도 익산시 왕궁면,중상사고,0,1,0,0,차대차 - 추돌,안전운전불이행,건조,맑음,교차로 - 교차로안,승용,남,58세,중상,화물,남,43세,상해없음
2021111500100305,2021년 11월 15일 14시,월요일,전라북도 익산시 망성면,경상사고,0,0,1,0,차대차 - 측면충돌,신호위반,건조,맑음,교차로 - 교차로부근,승용,남,79세,상해없음,승용,여,63세,경상
2021111500100378,2021년 11월 15일 16시,월요일,전라북도 전주시 완산구 평화동2가,경상사고,0,0,1,0,차대차 - 추돌,안전운전불이행,건조,맑음,단일로 - 기타,승용,여,56세,상해없음,승합,남,39세,경상
2021111500100487,2021년 11월 15일 18시,월요일,전라북도 전주시 완산구 평화동2가,경상사고,0,0,1,0,차대차 - 추돌,안전운전불이행,건조,맑음,단일로 - 기타,승용,남,46세,상해없음,승용,여,46세,경상
2021111500100488,2021년 11월 15일 18시,월요일,전라북도 익산시 중앙동1가,경상사고,0,0,1,0,차대차 - 추돌,안전거리미확보,건조,맑음,교차로 - 교차로안,승합,남,44세,상해없음,승용,여,45세,경상
2021111500100572,2021년 11월 15일 20시,월요일,전라북도 전주시 완산구 색장동,중상사고,0,1,2,0,차대차 - 정면충돌,신호위반,건조,맑음,교차로 - 교차로안,화물,남,67세,상해없음,승용,남,62세,경상
2021111500100639,2021년 11월 15일 23시,월요일,전라북도 전주시 완산구 효자동2가,중상사고,0,1,0,0,차대차 - 측면충돌,안전운전불이행,건조,맑음,교차로 - 교차로부근,승용,남,42세,상해없음,승용,남,49세,중상
2021111600100022,2021년 11월 16일 01시,화요일,전라북도 정읍시 상동,중상사고,0,1,0,0,차대사람 - 기타,안전운전불이행,건조,맑음,단일로 - 기타,승용,남,24세,상해없음,보행자,남,41세,중상
2021111600100038,2021년 11월 16일 04시,화요일,전라북도 전주시 완산구 서서학동,경상사고,0,0,1,0,차대차 - 정면충돌,신호위반,건조,맑음,교차로 - 교차로안,승용,남,73세,상해없음,승용,남,29세,경상
2021111600100064,2021년 11월 16일 06시,화요일,전라북도 군산시 문화동,중상사고,0,1,0,0,차대사람 - 횡단중,안전운전불이행,건조,흐림,단일로 - 기타,승합,남,57세,상해없음,보행자,남,72세,중상
2021111600100084,2021년 11월 16일 07시,화요일,전라북도 군산시 나운동,경상사고,0,0,1,0,차대사람 - 횡단중,안전운전불이행,건조,흐림,교차로 - 교차로안,승용,여,50세,상해없음,보행자,남,66세,경상
2021111600100124,2021년 11월 16일 08시,화요일,전라북도 전주시 완산구 효자동2가,중상사고,0,1,1,0,차대차 - 측면충돌,불법유턴,건조,맑음,교차로 - 교차로부근,승용,여,40세,상해없음,승용,남,33세,중상
2021111600100125,2021년 11월 16일 08시,화요일,전라북도 전주시 완산구 효자동2가,경상사고,0,0,1,0,차대차 - 측면충돌,안전거리미확보,건조,맑음,교차로 - 교차로안,승용,여,39세,상해없음,승용,여,39세,경상
2021111600100166,2021년 11월 16일 09시,화요일,전라북도 전주시 완산구 효자동1가,경상사고,0,0,3,0,차대차 - 측면충돌,직진우회전진행방해,건조,맑음,교차로 - 교차로안,승용,남,47세,상해없음,승용,남,66세,경상
2021111600100274,2021년 11월 16일 12시,화요일,전라북도 익산시 영등동,경상사고,0,0,1,0,차대차 - 측면충돌,안전거리미확보,건조,맑음,교차로 - 교차로부근,이륜,남,73세,경상,승용,남,64세,상해없음
2021111600100310,2021년 11월 16일 13시,화요일,전라북도 전주시 완산구 효자동1가,경상사고,0,0,2,0,차대차 - 추돌,안전운전불이행,건조,맑음,교차로 - 교차로부근,승용,남,77세,상해없음,승용,남,54세,경상
2021111600100340,2021년 11월 16일 14시,화요일,전라북도 전주시 완산구 효자동1가,중상사고,0,1,0,0,차대사람 - 보도통행중,기타,건조,맑음,단일로 - 기타,화물,남,43세,상해없음,보행자,여,91세,중상
2021111600100372,2021년 11월 16일 15시,화요일,전라북도 익산시 함열읍,중상사고,0,1,0,0,차대차 - 추돌,안전거리미확보,건조,맑음,교차로 - 교차로안,화물,여,67세,상해없음,이륜,남,43세,중상
2021111600100405,2021년 11월 16일 16시,화요일,전라북도 정읍시 연지동,중상사고,0,1,0,0,차대차 - 기타,신호위반,건조,맑음,교차로 - 교차로안,이륜,남,72세,중상,승용,여,63세,상해없음
2021111600100454,2021년 11월 16일 17시,화요일,전라북도 정읍시 북면,경상사고,0,0,1,0,차대차 - 측면충돌,중앙선침범,건조,맑음,교차로 - 교차로부근,화물,남,71세,상해없음,승용,남,26세,경상
2021111600100455,2021년 11월 16일 17시,화요일,전라북도 남원시 덕과면,중상사고,0,1,0,0,차대차 - 추돌,안전운전불이행,건조,맑음,단일로 - 기타,화물,남,51세,상해없음,화물,남,47세,상해없음
2021111600100456,2021년 11월 16일 17시,화요일,전라북도 정읍시 입암면,경상사고,0,0,1,0,차대차 - 추돌,안전운전불이행,건조,맑음,단일로 - 기타,승용,남,53세,상해없음,승용,여,43세,경상
2021111600100506,2021년 11월 16일 18시,화요일,전라북도 군산시 수송동,경상사고,0,0,2,0,차대차 - 추돌,안전운전불이행,건조,맑음,교차로 - 교차로부근,화물,남,57세,상해없음,승용,남,53세,경상
2021111600100507,2021년 11월 16일 18시,화요일,전라북도 정읍시 수성동,경상사고,0,0,1,0,차대사람 - 횡단중,보행자보호의무위반,건조,맑음,교차로 - 교차로횡단보도내,승용,남,59세,상해없음,보행자,여,27세,경상