사고번호,사고일시,요일,시군구,사고내용,사망자수,중상자수,경상자수,부상신고자수,사고유형,법규위반,노면상태,기상상태,도로형태,가해운전자 차종,가해운전자 성별,가해운전자 연령,가해운전자 상해정도,피해운전자 차종,피해운전자 성별,피해운전자 연령,피해운전자 상해정도
2021112300100200,2021년 11월 23일 11시,화요일,전라북도 군산시 명산동,경상사고,0,0,1,0,차대차 - 측면충돌,신호위반,젖음/습기,비,교차로 - 교차로안,승용,여,23세,상해없음,승용,남,51세,경상
2021112300100201,2021년 11월 23일 11시,화요일,전라북도 김제시 백구면,경상사고,0,0,1,0,차대차 - 측면충돌,안전거리미확보,젖음/습기,눈,단일로 - 기타,승용,남,73세,상해없음,화물,남,51세,경상
2021112300100257,2021년 11월 23일 13시,화요일,전라북도 군산시 수송동,경상사고,0,0,1,0,차대차 - 측면충돌,안전거리미확보,건조,맑음,단일로 - 기타,승용,여,71세,상해없음,승용,남,76세,경상
2021112300100316,2021년 11월 23일 15시,화요일,전라북도 완주군 봉동읍,경상사고,0,0,1,0,차대차 - 측면충돌,신호위반,건조,맑음,교차로 - 교차로안,화물,남,64세,상해없음,화물,남,48세,경상
2021112300100350,2021년 11월 23일 16시,화요일,전라북도 부안군 부안읍,경상사고,0,0,2,0,차대차 - 측면충돌,안전운전불이행,건조,맑음,교차로 - 교차로안,승용,여,64세,상해없음,화물,남,54세,경상
2021112300100392,2021년 11월 23일 17시,화요일,전라북도 익산시 영등동,경상사고,0,0,1,0,차대차 - 추돌,안전운전불이행,건조,흐림,교차로 - 교차로부근,승용,남,35세,상해없음,승용,남,49세,경상
2021112300100393,2021년 11월 23일 17시,화요일,전라북도 고창군 고창읍,중상사고,0,1,1,0,차대차 - 정면충돌,중앙선침범,젖음/습기,비,교차로 - 교차로안,승용,여,42세,경상,승용,여,52세,중상
2021112300100394,2021년 11월 23일 17시,화요일,전라북도 완주군 봉동읍,중상사고,0,1,1,0,차대사람 - 횡단중,보행자보호의무위반,젖음/습기,비,교차로 - 교차로부근,승용,여,40세,상해없음,보행자,여,15세,중상
2021112300100451,2021년 11월 23일 18시,화요일,전라북도 전주시 완산구 중화산동2가,경상사고,0,0,1,0,차대차 - 측면충돌,직진우회전진행방해,젖음/습기,비,교차로 - 교차로안,승용,여,48세,상해없음,이륜,남,36세,경상
2021112300100452,2021년 11월 23일 18시,화요일,전라북도 전주시 완산구 중화산동2가,경상사고,0,0,1,0,차대차 - 측면충돌,안전운전불이행,젖음/습기,비,단일로 - 기타,승용,남,67세,상해없음,승용,여,58세,경상
2021112300100497,2021년 11월 23일 19시,화요일,전라북도 전주시 덕진구 금암동,경상사고,0,0,1,0,차대사람 - 횡단중,안전운전불이행,젖음/습기,비,교차로 - 교차로횡단보도내,이륜,남,50세,상해없음,보행자,여,22세,경상
2021112300100498,2021년 11월 23일 19시,화요일,전라북도 군산시 나운동,경상사고,0,0,1,0,차대차 - 측면충돌,신호위반,젖음/습기,비,교차로 - 교차로안,승용,여,29세,상해없음,이륜,남,45세,경상
2021112300100499,2021년 11월 23일 19시,화요일,전라북도 익산시 삼기면,중상사고,0,1,0,0,차대차 - 측면충돌,신호위반,젖음/습기,비,교차로 - 교차로안,화물,남,58세,상해없음,화물,남,35세,중상
2021112300100531,2021년 11월 23일 20시,화요일,전라북도 전주시 덕진구 송천동2가,경상사고,0,0,1,0,차대사람 - 횡단중,보행자보호의무위반,젖음/습기,비,교차로 - 교차로횡단보도내,승용,여,46세,상해없음,보행자,여,50세,경상
2021112300100576,2021년 11월 23일 22시,화요일,전라북도 전주시 완산구 평화동1가,중상사고,0,1,0,0,차대사람 - 횡단중,보행자보호의무위반,젖음/습기,비,교차로 - 교차로횡단보도내,승합,남,49세,상해없음,보행자,여,54세,중상
2021112300100577,2021년 11월 23일 22시,화요일,전라북도 군산시 오식도동,경상사고,0,0,1,0,차대차 - 기타,안전운전불이행,젖음/습기,비,기타 - 기타,승용,남,50세,상해없음,승용,여,31세,경상
2021112300100595,2021년 11월 23일 23시,화요일,전라북도 전주시 완산구 효자동2가,중상사고,0,1,0,0,차대차 - 정면충돌,중앙선침범,젖음/습기,비,단일로 - 기타,승용,남,29세,상해없음,이륜,남,31세,중상
2021112400100046,2021년 11월 24일 06시,수요일,전라북도 전주시 완산구 평화동1가,중상사고,0,1,1,0,차대차 - 후진중충돌,신호위반,건조,맑음,단일로 - 기타,승용,남,73세,상해없음,승용,남,56세,중상
2021112400100047,2021년 11월 24일 06시,수요일,전라북도 전주시 완산구 효자동3가,경상사고,0,0,1,0,차대차 - 측면충돌,직진우회전진행방해,건조,맑음,교차로 - 교차로안,특수,남,30세,상해없음,승용,여,24세,경상
2021112400100067,2021년 11월 24일 07시,수요일,전라북도 전주시 완산구 서신동,경상사고,0,0,1,0,차대차 - 추돌,안전운전불이행,건조,맑음,단일로 - 기타,승용,남,50세,상해없음,승용,남,57세,상해없음
2021112400100068,2021년 11월 24일 07시,수요일,전라북도 정읍시 교암동,경상사고,0,0,1,0,차량단독 - 전도전복 - 전도,안전운전불이행,젖음/습기,흐림,단일로 - 기타,자전거,남,15세,경상,,,,
2021112400100123,2021년 11월 24일 09시,수요일,전라북도 김제시 백구면,경상사고,0,0,1,0,차대차 - 추돌,안전운전불이행,건조,맑음,단일로 - 기타,승용,남,31세,상해없음,승용,남,61세,경상
2021112400100150,2021년 11월 24일 10시,수요일,전라북도 임실군 관촌면,경상사고,0,0,1,0,차대차 - 추돌,안전거리미확보,건조,맑음,교차로 - 교차로부근,화물,남,75세,상해없음,승용,여,29세,경상
2021112400100247,2021년 11월 24일 13시,수요일,전라북도 전주시 덕진구 인후동2가,경상사고,0,0,1,0,차대차 - 기타,중앙선침범,건조,맑음,단일로 - 기타,자전거,남,46세,상해없음,승용,남,33세,경상
2021112400100270,2021년 11월 24일 14시,수요일,전라북도 익산시 평화동,중상사고,0,1,0,0,차대차 - 측면충돌,안전운전불이행,건조,맑음,교차로 - 교차로안,승용,남,35세,상해없음,이륜,남,92세,중상
2021112400100293,2021년 11월 24일 15시,수요일,전라북도 전주시 덕진구 우아동1가,경상사고,0,0,1,0,차대차 - 추돌,기타,건조,맑음,단일로 - 기타,승용,남,34세,상해없음,승용,남,22세,경상
2021112400100294,2021년 11월 24일 15시,수요일,전라북도 군산시 산북동,부상신고사고,0,0,0,2,차대차 - 측면충돌,불법유턴,건조,맑음,단일로 - 기타,승용,남,75세,부상신고,승용,남,53세,부상신고
2021112400100295,2021년 11월 24일 15시,수요일,전라북도 익산시 신동,경상사고,0,0,1,0,차대차 - 추돌,안전거리미확보,건조,맑음,단일로 - 기타,승용,남,71세,상해없음,화물,남,53세,경상
2021112400100330,2021년 11월 24일 16시,수요일,전라북도 전주시 완산구 중화산동2가,경상사고,0,0,1,0,차대차 - 측면충돌,안전거리미확보,건조,맑음,단일로 - 기타,화물,남,62세,상해없음,승용,남,38세,경상
2021112400100331,2021년 11월 24일 16시,수요일,전라북도 군산시 나운동,경상사고,0,0,1,0,차대사람 - 횡단중,보행자보호의무위반,건조,맑음,교차로 - 교차로안,승용,남,52세,상해없음,보행자,남,9세,경상
2021112400100367,2021년 11월 24일 17시,수요일,전라북도 완주군 봉동읍,경상사고,0,0,1,0,차대차 - 기타,신호위반,건조,맑음,교차로 - 교차로안,승용,남,58세,상해없음,승용,남,37세,경상
2021112400100435,2021년 11월 24일 18시,수요일,전라북도 전주시 덕진구 덕진동2가,중상사고,0,1,0,0,차대사람 - 횡단중,안전운전불이행,건조,맑음,교차로 - 교차로부근,승용,남,39세,상해없음,보행자,여,58세,중상
2021112400100436,2021년 11월 24일 18시,수요일,전라북도 익산시 모현동1가,중상사고,0,1,0,0,차대사람 - 기타,보행자보호의무위반,건조,맑음,교차로 - 교차로안,승용,남,49세,상해없음,보행자,남,53세,중상
2021112400100437,2021년 11월 24일 18시,수요일,전라북도 남원시 월락동,경상사고,0,0,1,0,차대차 - 측면충돌,안전운전불이행,건조,맑음,교차로 - 교차로안,승용,여,27세,상해없음,승용,남,23세,경상
2021112400100540,2021년 11월 24일 21시,수요일,전라북도 전주시 완산구 색장동,경상사고,0,0,2,0,차대차 - 측면충돌,신호위반,건조,맑음,교차로 - 교차로안,승용,남,68세,상해없음,승용,남,37세,경상
2021112500100043,2021년 11월 25일 05시,목요일,전라북도 군산시 대야면,중상사고,0,1,0,0,차대사람 - 횡단중,안전운전불이행,건조,맑음,단일로 - 기타,이륜,남,81세,상해없음,보행자,여,68세,중상
2021112500100061,2021년 11월 25일 06시,목요일,전라북도 익산시 창인동2가,경상사고,0,0,2,0,차대차 - 측면충돌,안전운전불이행,건조,맑음,단일로 - 기타,승용,남,63세,경상,승용,남,46세,경상
2021112500100119,2021년 11월 25일 08시,목요일,전라북도 전주시 완산구 평화동2가,중상사고,0,1,0,0,차대차 - 기타,신호위반,건조,맑음,교차로 - 교차로안,승합,여,54세,상해없음,이륜,여,65세,중상
2021112500100120,2021년 11월 25일 08시,목요일,전라북도 남원시 신정동,경상사고,0,0,1,0,차대차 - 측면충돌,교차로운행방법위반,건조,맑음,교차로 - 교차로안,승용,여,66세,상해없음,승용,여,36세,경상
2021112500100187,2021년 11월 25일 10시,목요일,전라북도 군산시 서수면,중상사고,0,1,0,0,차대차 - 정면충돌,안전운전불이행,건조,맑음,단일로 - 지하차도(도로)내,화물,여,65세,상해없음,화물,남,28세,중상
2021112500100227,2021년 11월 25일 11시,목요일,전라북도 무주군 무주읍,경상사고,0,0,1,0,차대차 - 측면충돌,안전운전불이행,건조,맑음,교차로 - 교차로안,화물,남,67세,상해없음,자전거,남,66세,경상
2021112500100288,2021년 11월 25일 13시,목요일,전라북도 군산시 성산면,경상사고,0,0,1,0,차대차 - 기타,신호위반,건조,맑음,단일로 - 기타,화물,남,62세,상해없음,승용,남,29세,경상
2021112500100330,2021년 11월 25일 14시,목요일,전라북도 부안군 부안읍,중상사고,0,1,0,0,차대사람 - 횡단중,보행자보호의무위반,건조,맑음,교차로 - 교차로횡단보도내,승용,여,70세,상해없음,보행자,여,65세,중상
2021112500100331,2021년 11월 25일 14시,목요일,전라북도 완주군 용진읍,경상사고,0,0,2,2,차대차 - 기타,신호위반,건조,맑음,교차로 - 교차로안,승용,여,45세,상해없음,승용,남,25세,경상
2021112500100462,2021년 11월 25일 17시,목요일,전라북도 전주시 완산구 삼천동1가,경상사고,0,0,1,0,차대사람 - 횡단중,보행자보호의무위반,건조,맑음,교차로 - 교차로안,승용,여,25세,상해없음,보행자,남,71세,경상
2021112500100463,2021년 11월 25일 17시,목요일,전라북도 군산시 나운동,경상사고,0,0,1,0,차대사람 - 횡단중,안전운전불이행,건조,맑음,교차로 - 교차로부근,승용,남,67세,상해없음,보행자,남,14세,경상
2021112500100464,2021년 11월 25일 17시,목요일,전라북도 김제시 검산동,경상사고,0,0,1,0,차대차 - 측면충돌,신호위반,건조,맑음,교차로 - 교차로안,승용,남,60세,상해없음,승용,여,30세,경상
2021112500100465,2021년 11월 25일 17시,목요일,전라북도 김제시 도장동,경상사고,0,0,1,0,차대차 - 측면충돌,교차로운행방법위반,건조,맑음,교차로 - 교차로안,승용,남,56세,상해없음,화물,남,62세,경상
2021112500100602,2021년 11월 25일 20시,목요일,전라북도 전주시 완산구 평화동2가,경상사고,0,0,1,0,차대사람 - 횡단중,안전운전불이행,건조,맑음,교차로 - 교차로횡단보도내,승용,남,61세,상해없음,보행자,남,65세,경상
2021112500100631,2021년 11월 25일 21시,목요일,전라북도 전주시 완산구 삼천동1가,경상사고,0,0,2,0,차대차 - 측면충돌,교차로운행방법위반,건조,맑음,교차로 - 교차로안,승용,남,42세,상해없음,이륜,남,24세,경상
2021112500100656,2021년 11월 25일 22시,목요일,전라북도 전주시 완산구 서서학동,경상사고,0,0,1,0,차량단독 - 기타,안전운전불이행,건조,맑음,단일로 - 기타,승용,남,61세,상해없음,,,,
2021112600100011,2021년 11월 26일 00시,금요일,전라북도 전주시 덕진구 덕진동1가,중상사고,0,1,0,0,차대차 - 측면충돌,안전운전불이행,건조,맑음,교차로 - 교차로부근,승용,남,31세,상해없음,자전거,남,53세,중상
2021112600100031,2021년 11월 26일 02시,금요일,전라북도 군산시 해망동,부상신고사고,0,0,0,1,차량단독 - 공작물충돌,안전운전불이행,건조,맑음,단일로 - 기타,승용,여,31세,부상신고,,,,
2021112600100060,2021년 11월 26일 06시,금요일,전라북도 군산시 경암동,중상사고,0,1,0,0,차대차 - 기타,안전운전불이행,건조,맑음,교차로 - 교차로횡단보도내,승용,남,65세,상해없음,자전거,남,61세,중상
2021112600100086,2021년 11월 26일 07시,금요일,전라북도 무주군 무주읍,경상사고,0,0,1,0,차대차 - 측면충돌,안전운전불이행,건조,맑음,교차로 - 교차로안,승용,여,26세,상해없음,승용,남,66세,경상
2021112600100206,2021년 11월 26일 10시,금요일,전라북도 군산시 나운동,부상신고사고,0,0,0,1,차대차 - 측면충돌,안전운전불이행,건조,맑음,교차로 - 교차로안,승용,여,41세,상해없음,자전거,남,66세,부상신고
2021112600100274,2021년 11월 26일 12시,금요일,전라북도 전주시 덕진구 우아동3가,중상사고,0,1,0,0,차대사람 - 횡단중,안전운전불이행,건조,맑음,교차로 - 교차로횡단보도내,승용,남,69세,상해없음,보행자,여,76세,중상
2021112600100275,2021년 11월 26일 12시,금요일,전라북도 군산시 소룡동,경상사고,0,0,1,0,차대차 - 정면충돌,안전운전불이행,건조,맑음,교차로 - 교차로안,승용,여,40세,상해없음,이륜,남,45세,경상
2021112600100276,2021년 11월 26일 12시,금요일,전라북도 익산시 함열읍,경상사고,0,0,1,0,차대차 - 측면충돌,안전운전불이행,건조,맑음,단일로 - 기타,화물,남,82세,상해없음,이륜,남,56세,경상
2021112600100317,2021년 11월 26일 13시,금요일,전라북도 군산시 대야면,경상사고,0,0,2,0,차대차 - 추돌,안전운전불이행,건조,맑음,교차로 - 교차로부근,승용,여,39세,경상,승용,남,57세,경상
2021112600100318,2021년 11월 26일 13시,금요일,전라북도 익산시 영등동,경상사고,0,0,1,0,차대차 - 기타,안전운전불이행,건조,맑음,교차로 - 교차로안,승용,남,59세,상해없음,승용,남,24세,경상
2021112600100319,2021년 11월 26일 13시,금요일,전라북도 익산시 신용동,중상사고,0,1,0,0,차대차 - 측면충돌,안전운전불이행,건조,맑음,단일로 - 기타,승용,여,69세,상해없음,승용,남,59세,중상
2021112600100341,2021년 11월 26일 14시,금요일,전라북도 전주시 덕진구 반월동,경상사고,0,0,2,0,차대사람 - 횡단중,안전운전불이행,건조,맑음,교차로 - 교차로안,승용,남,19세,상해없음,보행자,여,73세,경상
2021112600100391,2021년 11월 26일 15시,금요일,전라북도 전주시 덕진구 덕진동2가,중상사고,0,1,0,0,차대차 - 추돌,안전운전불이행,건조,맑음,단일로 - 기타,승용,여,22세,상해없음,자전거,남,83세,중상
2021112600100392,2021년 11월 26일 15시,금요일,전라북도 익산시 함열읍,중상사고,0,1,0,0,차대차 - 추돌,안전거리미확보,건조,맑음,단일로 - 기타,화물,남,34세,상해없음,승용,여,33세,중상
2021112600100430,2021년 11월 26일 16시,금요일,전라북도 전주시 덕진구 금암동,경상사고,0,0,1,0,차대차 - 측면충돌,신호위반,건조,맑음,교차로 - 교차로안,승용,남,70세,상해없음,이륜,남,28세,경상
2021112600100431,2021년 11월 26일 16시,금요일,전라북도 군산시 경암동,중상사고,0,2,0,0,차대차 - 추돌,안전운전불이행,건조,맑음,교차로 - 교차로부근,승용,남,65세,상해없음,승용,남,58세,중상
2021112600100432,2021년 11월 26일 16시,금요일,전라북도 군산시 금암동,경상사고,0,0,1,0,차대차 - 기타,안전운전불이행,건조,맑음,교차로 - 교차로부근,승용,여,64세,상해없음,승용,남,31세,경상
2021112600100433,2021년 11월 26일 16시,금요일,전라북도 완주군 이서면,중상사고,0,1,0,0,차대차 - 측면충돌,신호위반,건조,맑음,교차로 - 교차로안,건설기계,남,64세,상해없음,승용,여,51세,중상
2021112600100498,2021년 11월 26일 17시,금요일,전라북도 전주시 덕진구 팔복동1가,경상사고,0,0,1,0,차대차 - 기타,안전운전불이행,건조,맑음,교차로 - 교차로부근,승용,여,26세,상해없음,특수,남,27세,경상
2021112600100499,2021년 11월 26일 17시,금요일,전라북도 군산시 죽성동,경상사고,0,0,1,0,차대차 - 측면충돌,안전운전불이행,건조,맑음,교차로 - 교차로안,승용,남,53세,상해없음,이륜,남,69세,경상
2021112600100500,2021년 11월 26일 17시,금요일,전라북도 군산시 장재동,부상신고사고,0,0,0,1,차대차 - 측면충돌,안전운전불이행,젖음/습기,흐림,교차로 - 교차로안,승용,여,35세,상해없음,자전거,남,8세,부상신고
2021112600100501,2021년 11월 26일 17시,금요일,전라북도 군산시 미장동,경상사고,0,0,1,0,차대차 - 정면충돌,안전운전불이행,건조,맑음,교차로 - 교차로안,승용,여,35세,상해없음,승용,여,46세,경상
2021112600100630,2021년 11월 26일 19시,금요일,전라북도 군산시 경암동,경상사고,0,0,1,0,차대차 - 정면충돌,신호위반,건조,맑음,교차로 - 교차로부근,승용,남,60세,상해없음,승용,남,61세,경상
2021112600100631,2021년 11월 26일 19시,금요일,전라북도 군산시 수송동,경상사고,0,0,1,0,차대차 - 측면충돌,불법유턴,건조,맑음,교차로 - 교차로안,화물,남,40세,상해없음,승용,남,41세,경상
2021112600100700,2021년 11월 26일 21시,금요일,전라북도 익산시 마동,경상사고,0,0,1,0,차대차 - 측면충돌,차로위반,건조,맑음,교차로 - 교차로안,승용,남,66세,상해없음,이륜,여,19세,경상
2021112600100719,2021년 11월 26일 22시,금요일,전라북도 전주시 덕진구 송천동2가,경상사고,0,0,2,0,차대차 - 추돌,안전운전불이행,건조,맑음,교차로 - 교차로부근,이륜,남,42세,상해없음,승용,여,52세,경상
2021112600100739,2021년 11월 26일 23시,금요일,전라북도 전주시 덕진구 송천동1가,경상사고,0,0,1,0,차대차 - 측면충돌,신호위반,건조,맑음,교차로 - 교차로안,승용,여,18세,상해없음,승용,남,53세,경상
2021112700100031,2021년 11월 27일 02시,토요일,전라북도 군산시 개사동,사망사고,1,2,0,0,차량단독 - 도로외이탈 - 추락,기타,건조,맑음,단일로 - 기타,승용,남,21세,상해없음,,,,
2021112700100044,2021년 11월 27일 04시,토요일,전라북도 부안군 부안읍,중상사고,0,1,0,0,차량단독 - 공작물충돌,안전운전불이행,건조,맑음,단일로 - 기타,이륜,남,17세,중상,,,,
2021112700100100,2021년 11월 27일 09시,토요일,전라북도 전주시 덕진구 덕진동2가,경상사고,0,0,2,0,차대차 - 측면충돌,신호위반,건조,맑음,교차로 - 교차로안,승용,남,68세,상해없음,승용,여,37세,경상
2021112700100173,2021년 11월 27일 11시,토요일,전라북도 전주시 덕진구 팔복동3가,경상사고,0,0,2,0,차대차 - 정면충돌,중앙선침범,건조,맑음,교차로 - 교차로부근,승용,여,49세,상해없음,승용,여,60세,경상
2021112700100209,2021년 11월 27일 12시,토요일,전라북도 전주시 덕진구 팔복동1가,경상사고,0,0,2,0,차대차 - 추돌,안전운전불이행,건조,맑음,교차로 - 교차로부근,승용,남,70세,상해없음,화물,남,65세,경상
2021112700100210,2021년 11월 27일 12시,토요일,전라북도 군산시 임피면,경상사고,0,0,1,0,차대차 - 기타,안전운전불이행,건조,맑음,단일로 - 기타,승용,남,60세,상해없음,화물,남,22세,경상
2021112700100300,2021년 11월 27일 14시,토요일,전라북도 정읍시 연지동,중상사고,0,1,0,0,차대차 - 기타,직진우회전진행방해,건조,맑음,교차로 - 교차로안,승용,남,55세,상해없음,이륜,남,72세,중상
2021112700100341,2021년 11월 27일 15시,토요일,전라북도 임실군 임실읍,중상사고,0,1,1,0,차대차 - 정면충돌,교차로운행방법위반,건조,맑음,교차로 - 교차로안,승용,남,42세,상해없음,승용,여,57세,경상
2021112700100383,2021년 11월 27일 16시,토요일,전라북도 완주군 이서면,경상사고,0,0,2,0,차대차 - 측면충돌,안전운전불이행,건조,맑음,단일로 - 기타,화물,남,47세,상해없음,승용,남,49세,경상
2021112700100425,2021년 11월 27일 17시,토요일,전라북도 전주시 완산구 풍남동3가,중상사고,0,1,0,0,차대차 - 기타,안전운전불이행,건조,맑음,교차로 - 교차로횡단보도내,승용,남,72세,기타불명,자전거,남,79세,중상
2021112700100426,2021년 11월 27일 17시,토요일,전라북도 김제시 검산동,중상사고,0,3,3,0,차대차 - 측면충돌,중앙선침범,건조,맑음,교차로 - 교차로부근,승용,남,49세,상해없음,승용,남,29세,중상
2021112700100469,2021년 11월 27일 18시,토요일,전라북도 전주시 완산구 다가동4가,중상사고,0,1,0,0,차대차 - 추돌,중앙선침범,건조,맑음,단일로 - 기타,승용,여,40세,상해없음,이륜,남,37세,중상
2021112700100470,2021년 11월 27일 18시,토요일,전라북도 전주시 덕진구 덕진동2가,경상사고,0,0,2,0,차대차 - 측면충돌,안전운전불이행,건조,맑음,교차로 - 교차로안,승용,여,42세,상해없음,승용,남,48세,경상
2021112700100546,2021년 11월 27일 20시,토요일,전라북도 익산시 어양동,경상사고,0,0,1,0,차대차 - 측면충돌,신호위반,건조,맑음,교차로 - 교차로안,승용,남,30세,상해없음,이륜,남,19세,경상
2021112700100599,2021년 11월 27일 23시,토요일,전라북도 전주시 완산구 효자동3가,경상사고,0,0,3,0,차대차 - 정면충돌,불법유턴,건조,맑음,교차로 - 교차로횡단보도내,이륜,남,20세,상해없음,승용,남,31세,경상
2021112800100011,2021년 11월 28일 00시,일요일,전라북도 전주시 덕진구 우아동2가,중상사고,0,1,0,0,차대사람 - 횡단중,보행자보호의무위반,건조,맑음,교차로 - 교차로횡단보도내,승용,남,66세,상해없음,보행자,남,55세,중상
2021112800100071,2021년 11월 28일 07시,일요일,전라북도 익산시 팔봉동,경상사고,0,0,1,0,차대차 - 추돌,안전운전불이행,건조,맑음,교차로 - 교차로부근,승용,여,49세,상해없음,승용,남,26세,경상
2021112800100082,2021년 11월 28일 08시,일요일,전라북도 전주시 덕진구 인후동1가,중상사고,0,1,3,0,차대차 - 측면충돌,안전운전불이행,건조,맑음,교차로 - 교차로안,승용,남,52세,상해없음,이륜,남,40세,중상
2021112800100115,2021년 11월 28일 10시,일요일,전라북도 김제시 백산면,경상사고,0,0,2,0,차대차 - 측면충돌,직진우회전진행방해,건조,맑음,교차로 - 교차로안,건설기계,남,48세,상해없음,화물,남,71세,경상
2021112800100141,2021년 11월 28일 11시,일요일,전라북도 김제시 부량면,경상사고,0,0,2,0,차대차 - 측면충돌,직진우회전진행방해,건조,맑음,교차로 - 교차로안,승용,남,70세,상해없음,화물,남,55세,상해없음
2021112800100173,2021년 11월 28일 12시,일요일,전라북도 군산시 문화동,경상사고,0,0,2,0,차대차 - 측면충돌,신호위반,건조,맑음,교차로 - 교차로안,승용,남,52세,상해없음,승합,남,74세,경상
2021112800100273,2021년 11월 28일 15시,일요일,전라북도 전주시 덕진구 송천동2가,경상사고,0,0,2,0,차대차 - 정면충돌,신호위반,건조,맑음,교차로 - 교차로안,승용,남,35세,경상,이륜,남,21세,경상
2021112800100356,2021년 11월 28일 18시,일요일,전라북도 군산시 수송동,경상사고,0,0,1,0,차대차 - 추돌,안전운전불이행,건조,맑음,단일로 - 지하차도(도로)내,승용,남,23세,상해없음,승용,여,50세,경상
2021112900100045,2021년 11월 29일 06시,월요일,전라북도 무주군 무주읍,중상사고,0,1,0,0,차대사람 - 차도통행중,안전운전불이행,건조,맑음,교차로 - 교차로안,화물,남,51세,상해없음,보행자,여,66세,중상
2021112900100117,2021년 11월 29일 08시,월요일,전라북도 정읍시 교암동,경상사고,0,0,1,0,차대차 - 측면충돌,신호위반,건조,맑음,교차로 - 교차로안,화물,여,59세,상해없음,승용,여,37세,경상
2021112900100211,2021년 11월 29일 11시,월요일,전라북도 전주시 완산구 석구동,경상사고,0,0,1,0,차대차 - 기타,기타,건조,맑음,단일로 - 기타,화물,남,79세,상해없음,승용,여,48세,경상
2021112900100213,2021년 11월 29일 11시,월요일,전라북도 정읍시 이평면,사망사고,1,0,0,0,차대사람 - 기타,안전운전불이행,건조,맑음,단일로 - 기타,화물,남,52세,상해없음,보행자,여,84세,사망
2021112900100214,2021년 11월 29일 11시,월요일,전라북도 남원시 대강면,경상사고,0,0,1,0,차대차 - 정면충돌,중앙선침범,기타,맑음,단일로 - 기타,승합,여,41세,경상,건설기계,남,53세,상해없음
2021112900100241,2021년 11월 29일 12시,월요일,전라북도 전주시 완산구 효자동3가,경상사고,0,0,6,0,차대차 - 기타,안전운전불이행,건조,맑음,교차로 - 교차로안,승용,여,43세,경상,승용,여,69세,경상
2021112900100279,2021년 11월 29일 13시,월요일,전라북도 김제시 교동,중상사고,0,1,1,0,차대차 - 측면충돌,교차로운행방법위반,건조,맑음,교차로 - 교차로안,승용,여,48세,상해없음,이륜,남,85세,경상
2021112900100367,2021년 11월 29일 15시,월요일,전라북도 전주시 완산구 평화동2가,경상사고,0,0,1,0,차대사람 - 보도통행중,기타,건조,맑음,단일로 - 기타,개인형이동수단(PM),여,75세,상해없음,보행자,여,74세,경상
2021112900100368,2021년 11월 29일 15시,월요일,전라북도 정읍시 신월동,중상사고,0,1,0,0,차대차 - 추돌,신호위반,건조,맑음,단일로 - 터널,화물,남,43세,상해없음,승용,남,27세,중상
2021112900100447,2021년 11월 29일 17시,월요일,전라북도 익산시 춘포면,중상사고,0,1,0,0,차대사람 - 횡단중,안전운전불이행,건조,맑음,단일로 - 기타,승용,남,39세,상해없음,보행자,여,81세,중상
2021112900100497,2021년 11월 29일 18시,월요일,전라북도 군산시 조촌동,경상사고,0,0,1,0,차대차 - 측면충돌,신호위반,건조,맑음,교차로 - 교차로안,건설기계,남,64세,기타불명,승용,여,66세,경상
2021112900100498,2021년 11월 29일 18시,월요일,전라북도 고창군 성내면,중상사고,0,1,0,0,차대차 - 추돌,안전운전불이행,건조,맑음,단일로 - 기타,특수,남,57세,상해없음,농기계,남,46세,중상
2021112900100499,2021년 11월 29일 18시,월요일,전라북도 완주군 봉동읍,중상사고,0,1,0,0,차대사람 - 횡단중,안전운전불이행,건조,맑음,단일로 - 기타,승용,여,51세,기타불명,보행자,여,62세,중상
2021113000100017,2021년 11월 30일 01시,화요일,전라북도 정읍시 신태인읍,경상사고,0,0,2,0,차량단독 - 기타,안전운전불이행,건조,맑음,단일로 - 기타,승용,남,68세,상해없음,,,,
2021113000100056,2021년 11월 30일 06시,화요일,전라북도 전주시 덕진구 금암동,경상사고,0,0,1,0,차대차 - 추돌,안전운전불이행,젖음/습기,비,단일로 - 기타,화물,남,33세,상해없음,승용,남,40세,경상
2021113000100100,2021년 11월 30일 07시,화요일,전라북도 전주시 완산구 효자동1가,경상사고,0,0,1,0,차량단독 - 기타,안전운전불이행,젖음/습기,비,단일로 - 기타,승용,남,62세,상해없음,,,,
2021113000100101,2021년 11월 30일 07시,화요일,전라북도 정읍시 상동,경상사고,0,0,1,0,차대차 - 기타,중앙선침범,젖음/습기,비,단일로 - 기타,승용,남,22세,상해없음,화물,남,64세,경상
2021113000100145,2021년 11월 30일 08시,화요일,전라북도 익산시 망성면,중상사고,0,1,0,0,차대사람 - 횡단중,기타,젖음/습기,비,단일로 - 기타,승용,여,42세,상해없음,보행자,여,62세,중상