사고번호,사고일시,요일,시군구,사고내용,사망자수,중상자수,경상자수,부상신고자수,사고유형,법규위반,노면상태,기상상태,도로형태,가해운전자 차종,가해운전자 성별,가해운전자 연령,가해운전자 상해정도,피해운전자 차종,피해운전자 성별,피해운전자 연령,피해운전자 상해정도
2021120700100267,2021년 12월 7일 13시,화요일,전라북도 익산시 영등동,경상사고,0,0,1,0,차대차 - 측면충돌,안전거리미확보,건조,맑음,단일로 - 기타,승용,남,80세,상해없음,이륜,남,24세,경상
2021120700100268,2021년 12월 7일 13시,화요일,전라북도 익산시 용안면,중상사고,0,1,0,0,차대사람 - 기타,안전운전불이행,건조,기타,기타 - 기타,기타불명,기타불명,미분류,기타불명,보행자,남,79세,중상
2021120700100338,2021년 12월 7일 15시,화요일,전라북도 군산시 삼학동,경상사고,0,0,1,0,차대차 - 측면충돌,안전운전불이행,건조,맑음,교차로 - 교차로부근,승용,남,25세,상해없음,이륜,남,79세,경상
2021120700100339,2021년 12월 7일 15시,화요일,전라북도 진안군 진안읍,경상사고,0,0,3,0,차대차 - 기타,안전거리미확보,건조,맑음,단일로 - 터널,화물,남,69세,상해없음,승용,남,54세,경상
2021120700100421,2021년 12월 7일 17시,화요일,전라북도 정읍시 상동,경상사고,0,0,1,0,차대차 - 측면충돌,중앙선침범,건조,맑음,기타 - 기타,승용,여,24세,상해없음,승용,여,33세,경상
2021120700100477,2021년 12월 7일 18시,화요일,전라북도 전주시 완산구 효자동1가,경상사고,0,0,1,0,차대차 - 측면충돌,안전운전불이행,건조,맑음,교차로 - 교차로부근,승용,남,57세,상해없음,승용,여,30세,경상
2021120700100478,2021년 12월 7일 18시,화요일,전라북도 완주군 구이면,중상사고,0,1,0,0,차대사람 - 기타,안전운전불이행,건조,맑음,단일로 - 기타,승용,남,62세,상해없음,보행자,남,53세,중상
2021120700100518,2021년 12월 7일 19시,화요일,전라북도 무주군 무주읍,중상사고,0,1,0,0,차대차 - 정면충돌,안전운전불이행,건조,맑음,교차로 - 교차로횡단보도내,승합,남,66세,상해없음,승용,남,52세,중상
2021120700100519,2021년 12월 7일 19시,화요일,전라북도 장수군 장계면,중상사고,0,1,1,0,차대차 - 기타,안전운전불이행,건조,맑음,단일로 - 교량,기타불명,기타불명,미분류,기타불명,승용,남,60세,중상
2021120700100545,2021년 12월 7일 20시,화요일,전라북도 익산시 동산동,경상사고,0,0,1,0,차대차 - 기타,안전운전불이행,건조,맑음,교차로 - 교차로부근,승용,남,59세,상해없음,이륜,남,26세,경상
2021120700100546,2021년 12월 7일 20시,화요일,전라북도 부안군 보안면,경상사고,0,0,1,0,차대차 - 추돌,안전운전불이행,건조,맑음,단일로 - 지하차도(도로)내,승용,여,29세,경상,화물,남,44세,기타불명
2021120800100027,2021년 12월 8일 04시,수요일,전라북도 전주시 완산구 남노송동,중상사고,0,1,0,0,차대차 - 측면충돌,안전운전불이행,건조,맑음,교차로 - 교차로안,승용,남,29세,상해없음,화물,남,51세,중상
2021120800100058,2021년 12월 8일 06시,수요일,전라북도 군산시 문화동,사망사고,1,0,0,0,차대사람 - 기타,안전운전불이행,건조,기타,주차장 - 주차장,승용,남,30세,상해없음,보행자,남,85세,사망
2021120800100201,2021년 12월 8일 11시,수요일,전라북도 전주시 덕진구 덕진동1가,경상사고,0,0,1,0,차대사람 - 기타,안전운전불이행,건조,맑음,단일로 - 기타,승용,남,64세,상해없음,보행자,남,48세,경상
2021120800100202,2021년 12월 8일 11시,수요일,전라북도 익산시 신동,경상사고,0,0,1,0,차대차 - 추돌,안전운전불이행,건조,맑음,교차로 - 교차로부근,승용,남,55세,상해없음,승용,남,61세,경상
2021120800100267,2021년 12월 8일 13시,수요일,전라북도 정읍시 연지동,경상사고,0,0,1,0,차대사람 - 기타,기타,건조,맑음,단일로 - 터널,이륜,남,91세,상해없음,보행자,남,58세,경상
2021120800100304,2021년 12월 8일 14시,수요일,전라북도 전주시 완산구 상림동,중상사고,0,1,2,1,차대차 - 측면충돌,안전운전불이행,건조,맑음,단일로 - 기타,화물,남,66세,상해없음,승용,남,72세,중상
2021120800100305,2021년 12월 8일 14시,수요일,전라북도 익산시 모현동1가,경상사고,0,0,1,0,차대사람 - 보도통행중,안전운전불이행,건조,맑음,단일로 - 기타,자전거,여,79세,상해없음,보행자,여,83세,경상
2021120800100306,2021년 12월 8일 14시,수요일,전라북도 익산시 금마면,경상사고,0,0,2,0,차대차 - 추돌,안전운전불이행,건조,맑음,단일로 - 기타,화물,남,32세,상해없음,화물,남,69세,경상
2021120800100307,2021년 12월 8일 14시,수요일,전라북도 김제시 백학동,경상사고,0,0,1,0,차대차 - 후진중충돌,안전운전불이행,건조,맑음,주차장 - 주차장,승합,남,20세,상해없음,승용,여,33세,경상
2021120800100338,2021년 12월 8일 15시,수요일,전라북도 전주시 덕진구 인후동1가,경상사고,0,0,1,0,차대차 - 측면충돌,교차로운행방법위반,건조,맑음,교차로 - 교차로안,승용,여,74세,상해없음,승용,여,30세,경상
2021120800100339,2021년 12월 8일 15시,수요일,전라북도 군산시 경암동,경상사고,0,0,1,0,차대차 - 측면충돌,안전운전불이행,건조,맑음,교차로 - 교차로안,승용,남,19세,상해없음,승용,남,61세,경상
2021120800100340,2021년 12월 8일 15시,수요일,전라북도 정읍시 부전동,경상사고,0,0,2,0,차대차 - 정면충돌,안전운전불이행,건조,맑음,단일로 - 교량,화물,남,81세,경상,특수,기타불명,미분류,기타불명
2021120800100378,2021년 12월 8일 16시,수요일,전라북도 전주시 완산구 평화동2가,경상사고,0,0,1,0,차대차 - 추돌,안전운전불이행,건조,맑음,단일로 - 기타,승용,남,73세,상해없음,승용,남,39세,경상
2021120800100379,2021년 12월 8일 16시,수요일,전라북도 군산시 미룡동,중상사고,0,1,0,0,차대사람 - 횡단중,안전운전불이행,건조,맑음,기타 - 기타,승용,여,62세,상해없음,보행자,여,79세,중상
2021120800100428,2021년 12월 8일 17시,수요일,전라북도 전주시 덕진구 송천동2가,경상사고,0,0,1,0,차대차 - 측면충돌,교차로운행방법위반,건조,맑음,교차로 - 교차로안,승용,남,36세,상해없음,승용,남,67세,경상
2021120800100429,2021년 12월 8일 17시,수요일,전라북도 익산시 영등동,중상사고,0,1,0,0,차대차 - 측면충돌,안전운전불이행,건조,맑음,교차로 - 교차로횡단보도내,승용,여,46세,상해없음,자전거,남,74세,중상
2021120800100431,2021년 12월 8일 17시,수요일,전라북도 정읍시 상동,경상사고,0,0,1,0,차대차 - 측면충돌,안전거리미확보,건조,맑음,교차로 - 교차로안,승용,남,52세,상해없음,승용,남,66세,상해없음
2021120800100476,2021년 12월 8일 18시,수요일,전라북도 전주시 완산구 효자동2가,경상사고,0,0,5,0,차대차 - 정면충돌,안전운전불이행,건조,맑음,교차로 - 교차로안,승용,여,36세,경상,승용,남,31세,경상
2021120800100477,2021년 12월 8일 18시,수요일,전라북도 익산시 오산면,경상사고,0,0,1,0,차대차 - 추돌,안전운전불이행,건조,맑음,단일로 - 기타,승용,남,29세,기타불명,승용,남,55세,경상
2021120800100478,2021년 12월 8일 18시,수요일,전라북도 김제시 장화동,중상사고,0,1,3,0,차대차 - 측면충돌,중앙선침범,건조,맑음,단일로 - 기타,승용,남,71세,경상,승용,여,31세,경상
2021120900100019,2021년 12월 9일 02시,목요일,전라북도 군산시 미룡동,부상신고사고,0,0,0,1,차량단독 - 기타,안전운전불이행,건조,맑음,교차로 - 교차로부근,승용,남,36세,부상신고,,,,
2021120900100100,2021년 12월 9일 08시,목요일,전라북도 군산시 나운동,중상사고,0,1,0,0,차대차 - 측면충돌,신호위반,건조,맑음,교차로 - 교차로안,자전거,남,82세,중상,승용,남,49세,상해없음
2021120900100101,2021년 12월 9일 08시,목요일,전라북도 익산시 마동,경상사고,0,0,1,0,차대차 - 측면충돌,차로위반,건조,맑음,단일로 - 기타,승용,여,61세,상해없음,승용,여,37세,경상
2021120900100123,2021년 12월 9일 09시,목요일,전라북도 군산시 경장동,경상사고,0,0,1,0,차대차 - 측면충돌,안전거리미확보,건조,맑음,단일로 - 기타,승용,남,73세,상해없음,승용,남,43세,경상
2021120900100124,2021년 12월 9일 09시,목요일,전라북도 정읍시 연지동,중상사고,0,1,1,0,차대차 - 기타,직진우회전진행방해,건조,맑음,교차로 - 교차로안,승용,여,74세,상해없음,화물,남,76세,경상
2021120900100169,2021년 12월 9일 11시,목요일,전라북도 김제시 용지면,중상사고,0,1,0,0,차대차 - 측면충돌,신호위반,건조,맑음,교차로 - 교차로안,화물,남,54세,상해없음,승용,여,74세,중상
2021120900100214,2021년 12월 9일 13시,목요일,전라북도 전주시 완산구 효자동1가,경상사고,0,0,1,0,차대사람 - 횡단중,보행자보호의무위반,건조,맑음,단일로 - 기타,승용,여,62세,상해없음,보행자,남,7세,경상
2021120900100295,2021년 12월 9일 16시,목요일,전라북도 군산시 나운동,중상사고,0,1,0,0,차대사람 - 기타,안전운전불이행,건조,맑음,단일로 - 기타,승용,여,55세,상해없음,보행자,여,70세,중상
2021120900100331,2021년 12월 9일 17시,목요일,전라북도 전주시 덕진구 송천동2가,경상사고,0,0,1,0,차대사람 - 길가장자리구역통행중,안전운전불이행,건조,맑음,단일로 - 기타,승용,여,23세,상해없음,보행자,남,51세,경상
2021120900100332,2021년 12월 9일 17시,목요일,전라북도 진안군 진안읍,중상사고,0,1,0,0,차대차 - 추돌,안전운전불이행,건조,맑음,교차로 - 교차로안,자전거,남,83세,중상,특수,남,39세,기타불명
2021120900100392,2021년 12월 9일 18시,목요일,전라북도 전주시 완산구 효자동3가,경상사고,0,0,1,0,차대차 - 측면충돌,안전운전불이행,건조,맑음,교차로 - 교차로부근,승용,남,43세,상해없음,승용,남,25세,경상
2021120900100393,2021년 12월 9일 18시,목요일,전라북도 익산시 영등동,경상사고,0,0,1,0,차대사람 - 기타,안전운전불이행,건조,맑음,단일로 - 기타,화물,남,50세,상해없음,보행자,남,48세,경상
2021120900100394,2021년 12월 9일 18시,목요일,전라북도 익산시 모현동2가,중상사고,0,1,0,0,차대차 - 측면충돌,안전운전불이행,건조,맑음,단일로 - 기타,승용,여,59세,상해없음,이륜,남,38세,중상
2021120900100431,2021년 12월 9일 19시,목요일,전라북도 진안군 동향면,사망사고,1,0,0,0,차량단독 - 공작물충돌,안전운전불이행,건조,맑음,단일로 - 터널,농기계,남,73세,사망,,,,
2021120900100513,2021년 12월 9일 22시,목요일,전라북도 전주시 덕진구 덕진동1가,경상사고,0,0,1,0,차대차 - 측면충돌,신호위반,건조,맑음,교차로 - 교차로안,승용,여,27세,상해없음,승용,여,26세,경상
2021120900100514,2021년 12월 9일 22시,목요일,전라북도 김제시 요촌동,경상사고,0,0,1,0,차대차 - 추돌,안전운전불이행,건조,맑음,단일로 - 기타,승용,여,42세,상해없음,승용,남,57세,경상
2021120900100532,2021년 12월 9일 23시,목요일,전라북도 전주시 덕진구 인후동1가,경상사고,0,0,1,0,차대사람 - 기타,안전운전불이행,건조,맑음,단일로 - 기타,승용,남,71세,상해없음,보행자,남,43세,경상
2021120900100533,2021년 12월 9일 23시,목요일,전라북도 정읍시 시기동,경상사고,0,0,2,0,차대차 - 측면충돌,신호위반,건조,맑음,교차로 - 교차로안,승용,남,29세,상해없음,승용,여,53세,경상
2021121000100041,2021년 12월 10일 05시,금요일,전라북도 전주시 덕진구 송천동2가,경상사고,0,0,1,0,차대차 - 측면충돌,신호위반,건조,맑음,교차로 - 교차로안,승용,남,29세,상해없음,승용,여,45세,경상
2021121000100166,2021년 12월 10일 10시,금요일,전라북도 김제시 요촌동,경상사고,0,0,1,0,차대차 - 추돌,안전운전불이행,젖음/습기,흐림,단일로 - 기타,승용,남,41세,상해없음,승용,남,48세,경상
2021121000100202,2021년 12월 10일 11시,금요일,전라북도 전주시 완산구 중화산동2가,경상사고,0,0,1,0,차대차 - 측면충돌,직진우회전진행방해,건조,맑음,교차로 - 교차로안,승용,남,65세,상해없음,승용,남,38세,경상
2021121000100264,2021년 12월 10일 13시,금요일,전라북도 전주시 덕진구 인후동1가,경상사고,0,0,2,0,차대차 - 측면충돌,안전거리미확보,건조,맑음,단일로 - 기타,특수,남,55세,상해없음,승용,여,54세,경상
2021121000100300,2021년 12월 10일 14시,금요일,전라북도 전주시 완산구 삼천동1가,경상사고,0,0,3,0,차대차 - 측면충돌,중앙선침범,건조,맑음,단일로 - 기타,화물,남,66세,상해없음,승용,남,72세,경상
2021121000100301,2021년 12월 10일 14시,금요일,전라북도 전주시 덕진구 용정동,경상사고,0,0,2,0,차대차 - 기타,안전거리미확보,건조,맑음,단일로 - 기타,승용,남,61세,상해없음,화물,남,50세,경상
2021121000100302,2021년 12월 10일 14시,금요일,전라북도 익산시 함열읍,경상사고,0,0,1,0,차대차 - 측면충돌,중앙선침범,건조,맑음,교차로 - 교차로부근,화물,남,47세,상해없음,화물,남,36세,경상
2021121000100303,2021년 12월 10일 14시,금요일,전라북도 익산시 영등동,경상사고,0,0,2,0,차대차 - 후진중충돌,안전운전불이행,건조,맑음,단일로 - 기타,화물,남,54세,상해없음,승용,여,27세,경상
2021121000100330,2021년 12월 10일 15시,금요일,전라북도 진안군 진안읍,중상사고,0,2,1,0,차량단독 - 공작물충돌,안전운전불이행,건조,흐림,단일로 - 기타,화물,남,63세,경상,,,,
2021121000100406,2021년 12월 10일 17시,금요일,전라북도 전주시 완산구 중화산동2가,경상사고,0,0,2,0,차대차 - 측면충돌,신호위반,건조,맑음,교차로 - 교차로안,승용,여,39세,상해없음,승용,남,25세,경상
2021121000100407,2021년 12월 10일 17시,금요일,전라북도 남원시 어현동,경상사고,0,0,1,0,차대차 - 측면충돌,직진우회전진행방해,기타,맑음,교차로 - 교차로안,승용,남,30세,상해없음,승용,남,40세,경상
2021121000100468,2021년 12월 10일 18시,금요일,전라북도 정읍시 시기동,사망사고,1,0,0,0,차대사람 - 기타,보행자보호의무위반,건조,맑음,교차로 - 교차로안,승용,남,44세,상해없음,보행자,여,68세,사망
2021121000100578,2021년 12월 10일 20시,금요일,전라북도 전주시 덕진구 송천동2가,경상사고,0,0,1,0,차대차 - 기타,안전운전불이행,건조,맑음,교차로 - 교차로안,승용,여,61세,상해없음,이륜,남,23세,경상
2021121000100596,2021년 12월 10일 21시,금요일,전라북도 전주시 덕진구 송천동1가,경상사고,0,0,2,0,차대차 - 측면충돌,안전거리미확보,건조,맑음,교차로 - 교차로부근,승용,남,58세,상해없음,승용,남,35세,경상
2021121000100597,2021년 12월 10일 21시,금요일,전라북도 완주군 봉동읍,경상사고,0,0,2,0,차대차 - 추돌,안전운전불이행,건조,맑음,교차로 - 교차로부근,승용,남,22세,상해없음,승용,남,26세,경상
2021121100100017,2021년 12월 11일 00시,토요일,전라북도 전주시 완산구 효자동3가,중상사고,0,1,0,0,차대사람 - 기타,기타,건조,맑음,교차로 - 교차로안,승용,남,36세,상해없음,보행자,남,61세,중상
2021121100100053,2021년 12월 11일 04시,토요일,전라북도 군산시 수송동,경상사고,0,0,1,0,차대사람 - 횡단중,안전운전불이행,젖음/습기,안개,교차로 - 교차로횡단보도내,승용,남,57세,기타불명,보행자,여,43세,경상
2021121100100202,2021년 12월 11일 12시,토요일,전라북도 전주시 덕진구 덕진동1가,경상사고,0,0,1,0,차대차 - 측면충돌,신호위반,건조,맑음,교차로 - 교차로안,승용,남,27세,상해없음,이륜,남,27세,경상
2021121100100203,2021년 12월 11일 12시,토요일,전라북도 정읍시 상동,경상사고,0,0,2,0,차대차 - 측면충돌,직진우회전진행방해,건조,맑음,교차로 - 교차로안,승용,남,63세,경상,화물,남,43세,경상
2021121100100257,2021년 12월 11일 14시,토요일,전라북도 군산시 장미동,경상사고,0,0,1,0,차대사람 - 기타,안전운전불이행,건조,맑음,교차로 - 교차로안,화물,남,68세,상해없음,보행자,남,71세,경상
2021121100100318,2021년 12월 11일 16시,토요일,전라북도 전주시 덕진구 금암동,경상사고,0,0,2,0,차대차 - 측면충돌,안전거리미확보,건조,맑음,교차로 - 교차로안,승용,남,54세,상해없음,승용,남,75세,경상
2021121100100405,2021년 12월 11일 18시,토요일,전라북도 전주시 완산구 서신동,경상사고,0,0,1,0,차대차 - 측면충돌,직진우회전진행방해,건조,맑음,교차로 - 교차로안,승용,남,37세,상해없음,이륜,남,50세,경상
2021121100100406,2021년 12월 11일 18시,토요일,전라북도 군산시 대야면,경상사고,0,0,1,0,차대차 - 추돌,안전운전불이행,건조,맑음,단일로 - 기타,화물,남,65세,상해없음,승용,남,47세,경상
2021121100100407,2021년 12월 11일 18시,토요일,전라북도 김제시 죽산면,경상사고,0,0,2,0,차대사람 - 기타,안전운전불이행,건조,맑음,교차로 - 교차로안,승용,여,69세,상해없음,보행자,여,22세,경상
2021121100100408,2021년 12월 11일 18시,토요일,전라북도 부안군 위도면,중상사고,0,1,0,0,차량단독 - 공작물충돌,안전운전불이행,건조,맑음,단일로 - 기타,승용,여,35세,중상,,,,
2021121100100472,2021년 12월 11일 20시,토요일,전라북도 순창군 순창읍,경상사고,0,0,1,0,차량단독 - 공작물충돌,안전운전불이행,건조,맑음,단일로 - 기타,승용,여,36세,경상,,,,
2021121100100532,2021년 12월 11일 23시,토요일,전라북도 전주시 완산구 삼천동3가,사망사고,1,0,0,0,차대사람 - 길가장자리구역통행중,안전운전불이행,건조,맑음,단일로 - 기타,승용,남,46세,상해없음,보행자,남,52세,사망
2021121200100012,2021년 12월 12일 00시,일요일,전라북도 군산시 나운동,경상사고,0,0,2,0,차대차 - 추돌,안전운전불이행,건조,맑음,교차로 - 교차로부근,승용,남,45세,상해없음,승용,남,21세,경상
2021121200100133,2021년 12월 12일 12시,일요일,전라북도 전주시 완산구 서노송동,경상사고,0,0,1,0,차대사람 - 길가장자리구역통행중,안전운전불이행,건조,맑음,단일로 - 기타,승용,여,55세,상해없음,보행자,여,58세,경상
2021121200100134,2021년 12월 12일 12시,일요일,전라북도 전주시 완산구 효자동1가,중상사고,0,1,0,0,차대사람 - 횡단중,안전운전불이행,건조,맑음,교차로 - 교차로횡단보도내,이륜,남,55세,상해없음,보행자,남,32세,중상
2021121200100160,2021년 12월 12일 13시,일요일,전라북도 전주시 완산구 서완산동1가,부상신고사고,0,0,0,1,차대차 - 정면충돌,직진우회전진행방해,건조,맑음,교차로 - 교차로안,원동기,여,62세,부상신고,승용,남,25세,상해없음
2021121200100188,2021년 12월 12일 14시,일요일,전라북도 익산시 남중동,경상사고,0,0,3,0,차대차 - 측면충돌,직진우회전진행방해,건조,맑음,교차로 - 교차로안,승용,남,46세,상해없음,승용,남,25세,경상
2021121300100115,2021년 12월 13일 08시,월요일,전라북도 순창군 순창읍,경상사고,0,0,1,1,차대차 - 측면충돌,신호위반,건조,맑음,교차로 - 교차로부근,승용,남,79세,부상신고,승용,남,52세,경상
2021121300100153,2021년 12월 13일 09시,월요일,전라북도 전주시 덕진구 금암동,중상사고,0,1,0,0,차대차 - 측면충돌,신호위반,건조,맑음,교차로 - 교차로안,승용,여,47세,상해없음,승용,여,30세,중상
2021121300100189,2021년 12월 13일 10시,월요일,전라북도 부안군 하서면,경상사고,0,0,1,0,차대차 - 기타,기타,건조,맑음,교차로 - 교차로안,화물,남,82세,상해없음,원동기,남,80세,경상
2021121300100327,2021년 12월 13일 14시,월요일,전라북도 진안군 진안읍,사망사고,1,0,0,0,차대사람 - 횡단중,안전운전불이행,건조,맑음,교차로 - 교차로안,승용,여,32세,상해없음,보행자,남,81세,사망
2021121300100354,2021년 12월 13일 15시,월요일,전라북도 전주시 완산구 효자동3가,경상사고,0,0,1,0,차대차 - 측면충돌,차로위반,서리/결빙,맑음,단일로 - 기타,승용,여,67세,상해없음,승용,여,57세,경상
2021121300100355,2021년 12월 13일 15시,월요일,전라북도 무주군 부남면,경상사고,0,0,2,0,차대차 - 추돌,안전운전불이행,건조,맑음,단일로 - 지하차도(도로)내,화물,남,33세,상해없음,농기계,남,54세,경상
2021121300100389,2021년 12월 13일 16시,월요일,전라북도 익산시 황등면,경상사고,0,0,2,0,차대차 - 측면충돌,안전운전불이행,건조,맑음,교차로 - 교차로안,승용,여,44세,경상,화물,남,53세,경상
2021121300100459,2021년 12월 13일 18시,월요일,전라북도 전주시 완산구 서신동,경상사고,0,0,1,0,차대차 - 정면충돌,신호위반,건조,맑음,교차로 - 교차로안,화물,남,21세,상해없음,승용,여,25세,경상
2021121300100460,2021년 12월 13일 18시,월요일,전라북도 익산시 영등동,경상사고,0,0,1,0,차대사람 - 기타,보행자보호의무위반,건조,맑음,교차로 - 교차로횡단보도내,승용,남,42세,상해없음,보행자,여,18세,경상
2021121300100542,2021년 12월 13일 20시,월요일,전라북도 정읍시 입암면,경상사고,0,0,1,0,차대차 - 측면충돌,안전거리미확보,건조,맑음,단일로 - 기타,승용,여,27세,상해없음,화물,남,44세,경상
2021121300100579,2021년 12월 13일 22시,월요일,전라북도 익산시 모현동1가,경상사고,0,0,1,0,차대차 - 측면충돌,중앙선침범,건조,맑음,단일로 - 기타,승용,여,65세,상해없음,승용,여,50세,경상
2021121300100592,2021년 12월 13일 23시,월요일,전라북도 전주시 덕진구 금암동,중상사고,0,1,0,0,차대사람 - 횡단중,안전운전불이행,건조,맑음,단일로 - 기타,승합,남,67세,상해없음,보행자,여,64세,중상
2021121400100004,2021년 12월 14일 00시,화요일,전라북도 전주시 완산구 서노송동,중상사고,0,1,0,0,차대차 - 정면충돌,신호위반,건조,맑음,교차로 - 교차로안,승용,남,26세,상해없음,이륜,남,18세,중상
2021121400100043,2021년 12월 14일 06시,화요일,전라북도 전주시 완산구 서노송동,중상사고,0,1,0,0,차대차 - 정면충돌,안전운전불이행,건조,맑음,교차로 - 교차로횡단보도내,승용,남,69세,상해없음,자전거,남,69세,중상
2021121400100063,2021년 12월 14일 07시,화요일,전라북도 전주시 덕진구 팔복동2가,중상사고,0,1,0,0,차대차 - 추돌,안전운전불이행,건조,맑음,단일로 - 기타,승용,남,34세,상해없음,이륜,남,68세,중상
2021121400100064,2021년 12월 14일 07시,화요일,전라북도 익산시 용동면,경상사고,0,0,1,0,차대차 - 측면충돌,기타,건조,맑음,교차로 - 교차로안,승용,여,46세,상해없음,승용,남,60세,경상
2021121400100091,2021년 12월 14일 08시,화요일,전라북도 완주군 용진읍,중상사고,0,2,0,0,차대차 - 측면충돌,신호위반,건조,맑음,교차로 - 교차로안,승용,남,42세,상해없음,승용,여,45세,중상
2021121400100119,2021년 12월 14일 09시,화요일,전라북도 정읍시 수성동,중상사고,0,1,0,0,차대사람 - 횡단중,보행자보호의무위반,건조,맑음,교차로 - 교차로횡단보도내,승용,남,58세,상해없음,보행자,여,46세,중상
2021121400100300,2021년 12월 14일 16시,화요일,전라북도 군산시 수송동,경상사고,0,0,1,0,차대사람 - 차도통행중,안전운전불이행,건조,맑음,교차로 - 교차로안,승용,여,33세,상해없음,보행자,여,18세,경상
2021121400100301,2021년 12월 14일 16시,화요일,전라북도 군산시 수송동,경상사고,0,0,2,0,차대차 - 측면충돌,안전운전불이행,건조,흐림,교차로 - 교차로안,승용,남,53세,상해없음,승용,남,49세,경상
2021121400100302,2021년 12월 14일 16시,화요일,전라북도 군산시 중동,중상사고,0,1,0,0,차대차 - 측면충돌,안전운전불이행,건조,맑음,단일로 - 지하차도(도로)내,승용,여,59세,상해없음,자전거,남,82세,중상
2021121400100349,2021년 12월 14일 17시,화요일,전라북도 군산시 오식도동,경상사고,0,0,1,0,차대차 - 측면충돌,신호위반,건조,흐림,교차로 - 교차로안,승용,남,54세,상해없음,승용,남,56세,경상
2021121400100350,2021년 12월 14일 17시,화요일,전라북도 정읍시 고부면,중상사고,0,1,0,0,차대차 - 측면충돌,신호위반,건조,맑음,교차로 - 교차로안,승용,남,45세,상해없음,승용,남,41세,중상
2021121400100412,2021년 12월 14일 18시,화요일,전라북도 진안군 진안읍,중상사고,0,1,0,0,차량단독 - 공작물충돌,안전운전불이행,건조,맑음,단일로 - 기타,승용,남,55세,중상,,,,
2021121500100008,2021년 12월 15일 00시,수요일,전라북도 전주시 덕진구 금암동,중상사고,0,1,1,0,차대차 - 측면충돌,신호위반,건조,맑음,교차로 - 교차로안,승용,여,23세,상해없음,승용,남,58세,경상
2021121500100009,2021년 12월 15일 00시,수요일,전라북도 정읍시 연지동,사망사고,1,0,1,0,차대차 - 정면충돌,기타,건조,맑음,교차로 - 교차로부근,승용,남,23세,경상,이륜,남,17세,사망
2021121500100044,2021년 12월 15일 05시,수요일,전라북도 정읍시 농소동,중상사고,0,2,0,0,차대차 - 측면충돌,신호위반,건조,맑음,교차로 - 교차로안,승용,여,60세,중상,승용,여,43세,중상
2021121500100065,2021년 12월 15일 06시,수요일,전라북도 익산시 영등동,경상사고,0,0,1,0,차대차 - 정면충돌,신호위반,건조,맑음,교차로 - 교차로안,승용,남,62세,상해없음,승용,남,50세,경상
2021121500100066,2021년 12월 15일 06시,수요일,전라북도 완주군 이서면,중상사고,0,1,0,0,차대차 - 측면충돌,안전운전불이행,건조,맑음,단일로 - 기타,건설기계,남,34세,상해없음,화물,남,38세,중상
2021121500100092,2021년 12월 15일 07시,수요일,전라북도 전주시 완산구 삼천동1가,중상사고,0,1,1,0,차대차 - 추돌,안전운전불이행,건조,맑음,교차로 - 교차로부근,승용,남,24세,상해없음,승용,남,70세,중상
2021121500100157,2021년 12월 15일 09시,수요일,전라북도 전주시 덕진구 호성동1가,중상사고,0,1,0,0,차대사람 - 횡단중,안전운전불이행,건조,맑음,교차로 - 교차로횡단보도내,화물,여,65세,상해없음,보행자,여,56세,중상
2021121500100185,2021년 12월 15일 10시,수요일,전라북도 임실군 임실읍,중상사고,0,1,0,0,차대차 - 측면충돌,안전운전불이행,건조,맑음,교차로 - 교차로안,농기계,남,40세,상해없음,원동기,남,84세,중상
2021121500100212,2021년 12월 15일 11시,수요일,전라북도 군산시 소룡동,경상사고,0,0,1,0,차대차 - 기타,교차로운행방법위반,건조,맑음,교차로 - 교차로안,화물,남,59세,상해없음,건설기계,남,39세,경상
2021121500100271,2021년 12월 15일 13시,수요일,전라북도 전주시 덕진구 송천동2가,중상사고,0,1,0,0,차대사람 - 기타,기타,건조,맑음,단일로 - 기타,승합,남,58세,상해없음,보행자,여,75세,중상
2021121500100325,2021년 12월 15일 15시,수요일,전라북도 고창군 해리면,중상사고,0,1,0,0,차대사람 - 보도통행중,안전운전불이행,건조,맑음,단일로 - 기타,건설기계,남,70세,상해없음,보행자,여,77세,중상
2021121500100326,2021년 12월 15일 15시,수요일,전라북도 무주군 설천면,경상사고,0,0,2,0,차대차 - 정면충돌,중앙선침범,건조,맑음,단일로 - 지하차도(도로)내,화물,남,78세,상해없음,건설기계,남,51세,경상
2021121500100387,2021년 12월 15일 17시,수요일,전라북도 완주군 상관면,경상사고,0,0,1,0,차대차 - 추돌,안전거리미확보,건조,맑음,단일로 - 기타,승용,남,51세,상해없음,승용,여,54세,경상
2021121500100450,2021년 12월 15일 18시,수요일,전라북도 전주시 덕진구 우아동3가,경상사고,0,0,2,0,차대차 - 측면충돌,안전거리미확보,건조,맑음,단일로 - 기타,건설기계,남,57세,상해없음,승용,여,53세,경상