사고번호,사고일시,요일,시군구,사고내용,사망자수,중상자수,경상자수,부상신고자수,사고유형,법규위반,노면상태,기상상태,도로형태,가해운전자 차종,가해운전자 성별,가해운전자 연령,가해운전자 상해정도,피해운전자 차종,피해운전자 성별,피해운전자 연령,피해운전자 상해정도
2021122200100181,2021년 12월 22일 11시,수요일,전라북도 남원시 고죽동,중상사고,0,1,1,0,차대차 - 추돌,안전거리미확보,건조,맑음,교차로 - 교차로부근,승용,남,40세,상해없음,승용,여,53세,경상
2021122200100215,2021년 12월 22일 12시,수요일,전라북도 전주시 덕진구 송천동2가,경상사고,0,0,1,0,차대차 - 측면충돌,안전운전불이행,건조,맑음,단일로 - 기타,승용,여,55세,상해없음,이륜,남,24세,경상
2021122200100286,2021년 12월 22일 14시,수요일,전라북도 김제시 백구면,중상사고,0,1,0,0,차대차 - 측면충돌,중앙선침범,건조,맑음,교차로 - 교차로안,자전거,남,81세,중상,승용,남,44세,상해없음
2021122200100323,2021년 12월 22일 15시,수요일,전라북도 남원시 월락동,중상사고,0,2,1,0,차대차 - 정면충돌,안전운전불이행,건조,맑음,교차로 - 교차로안,승합,남,58세,상해없음,승용,남,80세,중상
2021122200100405,2021년 12월 22일 17시,수요일,전라북도 익산시 신동,중상사고,0,1,0,0,차대차 - 측면충돌,안전운전불이행,건조,맑음,단일로 - 기타,이륜,남,25세,상해없음,이륜,남,41세,중상
2021122200100448,2021년 12월 22일 18시,수요일,전라북도 전주시 덕진구 덕진동1가,경상사고,0,0,1,0,차대차 - 추돌,안전운전불이행,건조,맑음,단일로 - 기타,승용,여,68세,상해없음,승용,남,31세,경상
2021122200100449,2021년 12월 22일 18시,수요일,전라북도 정읍시 북면,경상사고,0,0,2,0,차대차 - 정면충돌,신호위반,건조,맑음,교차로 - 교차로안,승용,여,65세,경상,화물,남,36세,경상
2021122200100541,2021년 12월 22일 20시,수요일,전라북도 부안군 부안읍,경상사고,0,0,1,0,차대차 - 정면충돌,안전운전불이행,건조,맑음,교차로 - 교차로안,화물,남,65세,상해없음,이륜,남,18세,경상
2021122200100629,2021년 12월 22일 23시,수요일,전라북도 정읍시 칠보면,중상사고,0,1,0,0,차량단독 - 기타,안전운전불이행,건조,맑음,교차로 - 교차로안,승용,남,61세,중상,,,,
2021122300100114,2021년 12월 23일 09시,목요일,전라북도 전주시 덕진구 중동,중상사고,0,1,0,0,차대사람 - 횡단중,신호위반,건조,맑음,교차로 - 교차로횡단보도내,승합,남,59세,상해없음,보행자,여,83세,중상
2021122300100223,2021년 12월 23일 13시,목요일,전라북도 군산시 수송동,부상신고사고,0,0,0,1,차대차 - 기타,신호위반,건조,맑음,교차로 - 교차로안,이륜,남,22세,부상신고,승용,남,41세,상해없음
2021122300100256,2021년 12월 23일 14시,목요일,전라북도 남원시 월락동,중상사고,0,1,0,0,차대차 - 후진중충돌,안전운전불이행,건조,맑음,단일로 - 기타,승용,남,39세,상해없음,자전거,남,21세,중상
2021122300100288,2021년 12월 23일 15시,목요일,전라북도 전주시 덕진구 인후동2가,경상사고,0,0,1,0,차대차 - 추돌,안전운전불이행,건조,맑음,단일로 - 기타,화물,남,56세,상해없음,승용,여,27세,경상
2021122300100421,2021년 12월 23일 18시,목요일,전라북도 전주시 덕진구 덕진동1가,중상사고,0,2,0,0,차대사람 - 기타,안전운전불이행,건조,맑음,단일로 - 기타,화물,남,53세,상해없음,보행자,남,60세,중상
2021122300100466,2021년 12월 23일 19시,목요일,전라북도 전주시 덕진구 중동,경상사고,0,0,1,0,차대차 - 추돌,안전거리미확보,건조,맑음,단일로 - 기타,승용,남,19세,상해없음,승용,여,55세,경상
2021122400100062,2021년 12월 24일 07시,금요일,전라북도 익산시 팔봉동,중상사고,0,1,0,0,차대차 - 측면충돌,중앙선침범,건조,맑음,교차로 - 교차로안,자전거,남,54세,중상,승용,남,30세,상해없음
2021122400100090,2021년 12월 24일 08시,금요일,전라북도 전주시 완산구 서신동,중상사고,0,1,0,0,차대차 - 측면충돌,신호위반,건조,맑음,교차로 - 교차로횡단보도내,승용,남,42세,상해없음,자전거,남,24세,중상
2021122400100119,2021년 12월 24일 09시,금요일,전라북도 순창군 인계면,부상신고사고,0,0,0,1,차대차 - 추돌,안전운전불이행,건조,맑음,단일로 - 기타,승용,남,27세,부상신고,화물,남,46세,기타불명
2021122400100165,2021년 12월 24일 11시,금요일,전라북도 전주시 덕진구 인후동1가,경상사고,0,0,1,0,차대차 - 측면충돌,안전운전불이행,건조,맑음,교차로 - 교차로안,승용,남,63세,상해없음,화물,남,66세,경상
2021122400100166,2021년 12월 24일 11시,금요일,전라북도 군산시 임피면,중상사고,0,1,0,0,차대차 - 측면충돌,불법유턴,건조,맑음,단일로 - 기타,화물,남,53세,상해없음,화물,남,64세,중상
2021122400100195,2021년 12월 24일 12시,금요일,전라북도 익산시 왕궁면,중상사고,0,1,1,0,차대차 - 측면충돌,직진우회전진행방해,건조,맑음,교차로 - 교차로안,승용,남,61세,상해없음,승용,남,19세,경상
2021122400100196,2021년 12월 24일 12시,금요일,전라북도 정읍시 수성동,경상사고,0,0,1,0,차대차 - 측면충돌,신호위반,건조,맑음,교차로 - 교차로안,승용,여,70세,상해없음,승용,남,51세,경상
2021122400100224,2021년 12월 24일 13시,금요일,전라북도 전주시 완산구 고사동,경상사고,0,0,1,0,차대차 - 측면충돌,신호위반,건조,맑음,교차로 - 교차로안,승용,남,88세,상해없음,승용,남,60세,경상
2021122400100225,2021년 12월 24일 13시,금요일,전라북도 군산시 수송동,부상신고사고,0,0,0,1,차대차 - 측면충돌,기타,건조,맑음,교차로 - 교차로안,이륜,남,29세,부상신고,승용,남,45세,상해없음
2021122400100366,2021년 12월 24일 17시,금요일,전라북도 전주시 완산구 평화동1가,경상사고,0,0,1,0,차대차 - 추돌,안전운전불이행,건조,맑음,교차로 - 교차로부근,승용,남,59세,상해없음,승용,여,55세,경상
2021122400100423,2021년 12월 24일 18시,금요일,전라북도 익산시 모현동2가,중상사고,0,1,0,0,차대차 - 기타,신호위반,건조,맑음,교차로 - 교차로안,화물,남,75세,상해없음,이륜,남,48세,중상
2021122400100487,2021년 12월 24일 19시,금요일,전라북도 익산시 동산동,경상사고,0,0,1,0,차대차 - 추돌,안전운전불이행,건조,맑음,교차로 - 교차로부근,승용,여,52세,상해없음,이륜,남,28세,경상
2021122400100539,2021년 12월 24일 20시,금요일,전라북도 군산시 신풍동,경상사고,0,0,1,0,차대차 - 측면충돌,중앙선침범,건조,맑음,교차로 - 교차로안,자전거,남,72세,경상,이륜,남,30세,상해없음
2021122400100540,2021년 12월 24일 20시,금요일,전라북도 군산시 나운동,중상사고,0,1,0,0,차대차 - 측면충돌,직진우회전진행방해,건조,맑음,교차로 - 교차로안,승용,남,27세,상해없음,이륜,남,45세,중상
2021122400100577,2021년 12월 24일 21시,금요일,전라북도 전주시 완산구 서노송동,중상사고,0,1,2,0,차대차 - 기타,교차로운행방법위반,건조,맑음,교차로 - 교차로안,승용,남,22세,경상,승용,남,42세,경상
2021122400100617,2021년 12월 24일 22시,금요일,전라북도 익산시 금강동,경상사고,0,0,1,0,차대차 - 추돌,안전운전불이행,건조,맑음,교차로 - 교차로부근,승용,남,24세,상해없음,승용,남,53세,경상
2021122500100039,2021년 12월 25일 06시,토요일,전라북도 군산시 소룡동,경상사고,0,0,1,0,차대사람 - 횡단중,보행자보호의무위반,건조,맑음,교차로 - 교차로안,승용,남,72세,상해없음,보행자,남,71세,경상
2021122500100043,2021년 12월 25일 07시,토요일,전라북도 군산시 나운동,경상사고,0,0,1,0,차대차 - 측면충돌,안전운전불이행,건조,맑음,단일로 - 기타,승용,남,30세,기타불명,자전거,남,63세,경상
2021122500100181,2021년 12월 25일 14시,토요일,전라북도 전주시 완산구 태평동,경상사고,0,0,1,0,차대차 - 측면충돌,신호위반,건조,맑음,교차로 - 교차로안,승용,남,78세,상해없음,승용,남,33세,경상
2021122500100182,2021년 12월 25일 14시,토요일,전라북도 임실군 임실읍,경상사고,0,0,3,0,차대차 - 추돌,안전운전불이행,건조,맑음,주차장 - 주차장,승용,남,54세,상해없음,승합,여,57세,경상
2021122500100210,2021년 12월 25일 15시,토요일,전라북도 군산시 나운동,경상사고,0,0,2,0,차대차 - 측면충돌,중앙선침범,건조,맑음,단일로 - 기타,승용,여,52세,상해없음,승용,남,36세,경상
2021122500100236,2021년 12월 25일 16시,토요일,전라북도 남원시 하정동,중상사고,0,1,0,0,차대사람 - 기타,안전운전불이행,건조,맑음,교차로 - 교차로안,승용,여,72세,상해없음,보행자,남,87세,중상
2021122500100259,2021년 12월 25일 17시,토요일,전라북도 김제시 신덕동,중상사고,0,2,0,0,차대차 - 정면충돌,중앙선침범,건조,맑음,단일로 - 기타,승용,남,25세,상해없음,승용,남,66세,중상
2021122500100295,2021년 12월 25일 18시,토요일,전라북도 전주시 완산구 서서학동,경상사고,0,0,1,0,차대차 - 기타,안전운전불이행,건조,맑음,단일로 - 기타,승용,남,41세,기타불명,승용,남,46세,경상
2021122500100296,2021년 12월 25일 18시,토요일,전라북도 정읍시 산외면,경상사고,0,0,1,0,차대사람 - 차도통행중,안전운전불이행,건조,맑음,단일로 - 기타,화물,남,67세,상해없음,보행자,여,76세,경상
2021122500100323,2021년 12월 25일 19시,토요일,전라북도 군산시 조촌동,경상사고,0,0,1,0,차대차 - 측면충돌,안전운전불이행,건조,흐림,단일로 - 기타,승용,남,37세,상해없음,이륜,남,22세,경상
2021122500100324,2021년 12월 25일 19시,토요일,전라북도 익산시 어양동,경상사고,0,0,3,0,차대차 - 측면충돌,직진우회전진행방해,건조,맑음,교차로 - 교차로안,승용,여,59세,상해없음,승용,남,60세,경상
2021122500100373,2021년 12월 25일 21시,토요일,전라북도 전주시 완산구 효자동3가,경상사고,0,0,2,0,차대차 - 측면충돌,신호위반,건조,맑음,교차로 - 교차로안,승용,남,36세,상해없음,승용,남,53세,경상
2021122500100401,2021년 12월 25일 22시,토요일,전라북도 익산시 인화동1가,중상사고,0,1,0,0,차대사람 - 차도통행중,안전운전불이행,건조,맑음,교차로 - 교차로안,승용,남,36세,상해없음,보행자,남,60세,중상
2021122500100402,2021년 12월 25일 22시,토요일,전라북도 고창군 고창읍,경상사고,0,0,5,0,차대차 - 정면충돌,안전운전불이행,적설,눈,교차로 - 교차로안,승용,여,59세,상해없음,승용,여,48세,경상
2021122600100005,2021년 12월 26일 00시,일요일,전라북도 순창군 풍산면,부상신고사고,0,0,0,1,차량단독 - 기타,안전운전불이행,건조,맑음,단일로 - 기타,승용,남,39세,부상신고,,,,
2021122600100016,2021년 12월 26일 03시,일요일,전라북도 전주시 덕진구 호성동1가,경상사고,0,0,1,0,차대사람 - 횡단중,보행자보호의무위반,건조,맑음,교차로 - 교차로부근,승용,여,27세,상해없음,보행자,남,49세,경상
2021122600100024,2021년 12월 26일 07시,일요일,전라북도 전주시 완산구 서신동,경상사고,0,0,2,0,차대차 - 측면충돌,불법유턴,건조,맑음,교차로 - 교차로부근,승용,남,70세,상해없음,화물,남,52세,경상
2021122600100030,2021년 12월 26일 08시,일요일,전라북도 군산시 소룡동,부상신고사고,0,0,0,1,차대차 - 측면충돌,안전운전불이행,건조,맑음,단일로 - 기타,승용,남,64세,부상신고,승용,남,43세,기타불명
2021122600100137,2021년 12월 26일 14시,일요일,전라북도 군산시 옥산면,경상사고,0,0,1,0,차대차 - 측면충돌,신호위반,건조,맑음,교차로 - 교차로안,화물,남,69세,상해없음,승용,남,42세,경상
2021122700100005,2021년 12월 27일 02시,월요일,전라북도 군산시 지곡동,경상사고,0,0,1,0,차대차 - 측면충돌,신호위반,건조,맑음,교차로 - 교차로안,승용,남,54세,상해없음,승용,남,26세,경상
2021122700100135,2021년 12월 27일 10시,월요일,전라북도 김제시 복죽동,중상사고,0,2,0,0,차대차 - 정면충돌,중앙선침범,건조,맑음,단일로 - 기타,승용,남,78세,상해없음,승용,남,72세,중상
2021122700100220,2021년 12월 27일 13시,월요일,전라북도 군산시 옥서면,중상사고,0,3,1,0,차대차 - 측면충돌,안전운전불이행,건조,맑음,교차로 - 교차로안,승용,남,55세,중상,승용,여,24세,중상
2021122700100333,2021년 12월 27일 16시,월요일,전라북도 전주시 덕진구 송천동2가,경상사고,0,0,1,0,차대차 - 측면충돌,안전운전불이행,건조,맑음,단일로 - 기타,승용,여,53세,상해없음,자전거,여,20세,경상
2021122700100372,2021년 12월 27일 17시,월요일,전라북도 전주시 덕진구 덕진동2가,경상사고,0,0,1,0,차대차 - 측면충돌,안전운전불이행,건조,맑음,교차로 - 교차로안,승용,여,39세,상해없음,승용,남,30세,경상
2021122700100373,2021년 12월 27일 17시,월요일,전라북도 전주시 덕진구 송천동2가,경상사고,0,0,1,0,차대차 - 측면충돌,신호위반,건조,맑음,교차로 - 교차로안,승용,여,36세,상해없음,승용,여,49세,경상
2021122700100374,2021년 12월 27일 17시,월요일,전라북도 김제시 요촌동,중상사고,0,1,1,0,차대차 - 측면충돌,직진우회전진행방해,건조,맑음,교차로 - 교차로안,화물,남,21세,상해없음,화물,남,66세,경상
2021122700100556,2021년 12월 27일 22시,월요일,전라북도 전주시 완산구 삼천동2가,경상사고,0,0,1,0,차대차 - 추돌,안전운전불이행,건조,맑음,교차로 - 교차로부근,승용,남,56세,상해없음,승용,남,62세,경상
2021122800100011,2021년 12월 28일 01시,화요일,전라북도 군산시 문화동,경상사고,0,0,2,0,차대차 - 기타,신호위반,건조,맑음,교차로 - 교차로안,승용,남,49세,상해없음,승용,여,27세,경상
2021122800100068,2021년 12월 28일 07시,화요일,전라북도 전주시 덕진구 송천동2가,경상사고,0,0,2,0,차대사람 - 횡단중,안전운전불이행,건조,맑음,단일로 - 기타,화물,남,53세,경상,보행자,여,88세,경상
2021122800100069,2021년 12월 28일 07시,화요일,전라북도 군산시 신관동,경상사고,0,0,2,0,차대차 - 추돌,안전거리미확보,건조,맑음,단일로 - 기타,승용,남,24세,상해없음,승용,남,30세,경상
2021122800100070,2021년 12월 28일 07시,화요일,전라북도 군산시 미장동,경상사고,0,0,1,0,차대사람 - 기타,안전운전불이행,건조,맑음,단일로 - 기타,승용,남,64세,기타불명,보행자,남,39세,경상
2021122800100103,2021년 12월 28일 08시,화요일,전라북도 군산시 해망동,경상사고,0,0,1,0,차대차 - 측면충돌,안전운전불이행,건조,맑음,교차로 - 교차로안,승용,여,37세,상해없음,자전거,남,83세,경상
2021122800100155,2021년 12월 28일 10시,화요일,전라북도 군산시 소룡동,경상사고,0,0,1,0,차대사람 - 보도통행중,안전운전불이행,건조,맑음,단일로 - 기타,승용,남,27세,상해없음,보행자,여,57세,경상
2021122800100156,2021년 12월 28일 10시,화요일,전라북도 정읍시 수성동,경상사고,0,0,1,0,차량단독 - 전도전복 - 전도,기타,건조,맑음,단일로 - 기타,이륜,남,16세,경상,,,,
2021122800100208,2021년 12월 28일 12시,화요일,전라북도 임실군 삼계면,부상신고사고,0,0,0,1,차대차 - 추돌,중앙선침범,건조,맑음,단일로 - 기타,승용,남,66세,부상신고,승용,남,68세,상해없음
2021122800100256,2021년 12월 28일 14시,화요일,전라북도 김제시 검산동,경상사고,0,0,1,0,차대차 - 측면충돌,교차로운행방법위반,건조,맑음,교차로 - 교차로안,승용,여,37세,상해없음,원동기,남,79세,경상
2021122800100257,2021년 12월 28일 14시,화요일,전라북도 부안군 줄포면,중상사고,0,2,2,0,차대차 - 추돌,안전운전불이행,건조,맑음,단일로 - 기타,화물,남,27세,경상,승용,남,68세,중상
2021122800100274,2021년 12월 28일 15시,화요일,전라북도 전주시 덕진구 만성동,경상사고,0,0,1,0,차대차 - 측면충돌,안전운전불이행,건조,맑음,교차로 - 교차로부근,승용,남,61세,기타불명,승용,남,52세,경상
2021122800100275,2021년 12월 28일 15시,화요일,전라북도 군산시 중앙로2가,경상사고,0,0,1,0,차대차 - 추돌,안전운전불이행,건조,맑음,교차로 - 교차로부근,승용,여,42세,상해없음,승용,남,73세,경상
2021122800100276,2021년 12월 28일 15시,화요일,전라북도 김제시 옥산동,경상사고,0,0,1,0,차대차 - 측면충돌,안전거리미확보,건조,맑음,단일로 - 기타,화물,남,80세,상해없음,이륜,남,84세,경상
2021122800100339,2021년 12월 28일 17시,화요일,전라북도 군산시 미룡동,경상사고,0,0,1,0,차대사람 - 횡단중,보행자보호의무위반,건조,맑음,교차로 - 교차로안,승용,여,42세,상해없음,보행자,남,25세,경상
2021122800100340,2021년 12월 28일 17시,화요일,전라북도 완주군 봉동읍,중상사고,0,1,0,0,차대사람 - 기타,중앙선침범,건조,흐림,교차로 - 교차로부근,승용,여,43세,상해없음,보행자,여,68세,중상
2021122800100381,2021년 12월 28일 18시,화요일,전라북도 전주시 완산구 전동,경상사고,0,0,1,0,차대사람 - 기타,보행자보호의무위반,건조,맑음,교차로 - 교차로부근,승합,남,71세,상해없음,보행자,여,79세,경상
2021122800100382,2021년 12월 28일 18시,화요일,전라북도 군산시 소룡동,경상사고,0,0,1,0,차대사람 - 횡단중,보행자보호의무위반,건조,맑음,교차로 - 교차로안,승용,여,53세,상해없음,보행자,남,55세,경상
2021122900100051,2021년 12월 29일 07시,수요일,전라북도 군산시 해망동,경상사고,0,0,1,0,차대차 - 추돌,안전운전불이행,건조,흐림,교차로 - 교차로부근,승용,남,34세,상해없음,승용,남,74세,경상
2021122900100052,2021년 12월 29일 07시,수요일,전라북도 고창군 신림면,경상사고,0,0,2,0,차대차 - 정면충돌,중앙선침범,젖음/습기,흐림,단일로 - 기타,승용,여,45세,경상,화물,남,54세,경상
2021122900100077,2021년 12월 29일 08시,수요일,전라북도 남원시 왕정동,경상사고,0,0,2,0,차대차 - 측면충돌,교차로운행방법위반,건조,맑음,교차로 - 교차로안,승용,여,46세,상해없음,승용,여,41세,경상
2021122900100101,2021년 12월 29일 09시,수요일,전라북도 전주시 덕진구 인후동1가,경상사고,0,0,1,0,차대차 - 정면충돌,안전운전불이행,젖음/습기,맑음,교차로 - 교차로안,승용,여,37세,상해없음,화물,남,57세,경상
2021122900100125,2021년 12월 29일 10시,수요일,전라북도 군산시 미룡동,경상사고,0,0,5,0,차대차 - 측면충돌,안전운전불이행,건조,맑음,교차로 - 교차로부근,승용,남,43세,상해없음,승용,남,29세,경상
2021122900100153,2021년 12월 29일 11시,수요일,전라북도 전주시 덕진구 팔복동2가,경상사고,0,0,2,0,차대차 - 측면충돌,신호위반,건조,맑음,교차로 - 교차로안,화물,남,46세,상해없음,승용,남,18세,경상
2021122900100240,2021년 12월 29일 14시,수요일,전라북도 군산시 개정동,중상사고,0,1,0,0,차대사람 - 길가장자리구역통행중,안전운전불이행,건조,맑음,단일로 - 기타,승합,남,49세,상해없음,보행자,여,86세,중상
2021122900100274,2021년 12월 29일 15시,수요일,전라북도 전주시 덕진구 진북동,경상사고,0,0,1,0,차대차 - 기타,안전운전불이행,건조,맑음,단일로 - 기타,승용,남,74세,상해없음,승용,여,58세,경상
2021122900100357,2021년 12월 29일 17시,수요일,전라북도 전주시 덕진구 호성동1가,사망사고,1,0,0,0,차대사람 - 기타,안전운전불이행,건조,흐림,단일로 - 기타,승용,남,62세,상해없음,보행자,남,89세,사망
2021122900100404,2021년 12월 29일 18시,수요일,전라북도 전주시 완산구 삼천동1가,경상사고,0,0,1,0,차대차 - 정면충돌,중앙선침범,건조,맑음,단일로 - 기타,승용,남,34세,상해없음,이륜,남,20세,경상
2021122900100405,2021년 12월 29일 18시,수요일,전라북도 전주시 덕진구 우아동3가,경상사고,0,0,1,0,차대차 - 측면충돌,신호위반,건조,맑음,교차로 - 교차로안,원동기,남,39세,상해없음,승용,남,25세,경상
2021122900100406,2021년 12월 29일 18시,수요일,전라북도 군산시 옥구읍,중상사고,0,1,0,0,차대차 - 기타,교차로운행방법위반,건조,맑음,교차로 - 교차로안,승용,여,60세,상해없음,이륜,여,65세,중상
2021122900100407,2021년 12월 29일 18시,수요일,전라북도 군산시 미장동,경상사고,0,0,1,0,차대차 - 정면충돌,신호위반,건조,맑음,교차로 - 교차로안,이륜,남,29세,상해없음,자전거,남,61세,경상
2021122900100408,2021년 12월 29일 18시,수요일,전라북도 익산시 오산면,중상사고,0,1,0,0,차대차 - 측면충돌,안전거리미확보,건조,맑음,단일로 - 기타,화물,남,26세,상해없음,승용,남,51세,중상
2021122900100409,2021년 12월 29일 18시,수요일,전라북도 김제시 신풍동,경상사고,0,0,1,0,차대차 - 기타,중앙선침범,건조,맑음,단일로 - 기타,승용,여,27세,상해없음,이륜,남,19세,경상
2021122900100464,2021년 12월 29일 19시,수요일,전라북도 전주시 완산구 경원동3가,중상사고,0,1,0,0,차대차 - 정면충돌,직진우회전진행방해,건조,맑음,교차로 - 교차로안,승용,남,30세,상해없음,승용,남,63세,중상
2021122900100465,2021년 12월 29일 19시,수요일,전라북도 전주시 완산구 효자동1가,경상사고,0,0,3,0,차대차 - 추돌,안전운전불이행,건조,맑음,교차로 - 교차로부근,승용,남,40세,상해없음,승용,남,56세,경상
2021122900100495,2021년 12월 29일 20시,수요일,전라북도 전주시 덕진구 용정동,경상사고,0,0,1,0,차량단독 - 기타,안전운전불이행,건조,맑음,단일로 - 기타,승합,남,57세,상해없음,,,,
2021123000100007,2021년 12월 30일 00시,목요일,전라북도 전주시 덕진구 우아동3가,중상사고,0,1,0,0,차대사람 - 횡단중,보행자보호의무위반,건조,맑음,단일로 - 기타,승용,남,26세,상해없음,보행자,남,43세,중상
2021123000100014,2021년 12월 30일 01시,목요일,전라북도 전주시 덕진구 인후동1가,경상사고,0,0,2,0,차대차 - 측면충돌,신호위반,건조,맑음,교차로 - 교차로안,승용,남,50세,상해없음,승용,남,31세,경상
2021123000100018,2021년 12월 30일 02시,목요일,전라북도 정읍시 북면,경상사고,0,0,1,0,차대차 - 추돌,안전운전불이행,젖음/습기,맑음,단일로 - 기타,승용,남,32세,상해없음,승용,남,57세,경상
2021123000100048,2021년 12월 30일 07시,목요일,전라북도 고창군 고창읍,중상사고,0,1,0,0,차대차 - 측면충돌,직진우회전진행방해,건조,맑음,교차로 - 교차로안,승용,여,34세,상해없음,자전거,남,82세,중상
2021123000100157,2021년 12월 30일 11시,목요일,전라북도 정읍시 칠보면,중상사고,0,1,1,0,차량단독 - 도로외이탈 - 추락,안전운전불이행,건조,맑음,단일로 - 기타,승용,여,59세,경상,,,,
2021123000100278,2021년 12월 30일 15시,목요일,전라북도 군산시 신창동,경상사고,0,0,3,0,차대차 - 기타,신호위반,건조,맑음,교차로 - 교차로안,승용,여,53세,상해없음,승용,남,65세,경상
2021123000100279,2021년 12월 30일 15시,목요일,전라북도 정읍시 연지동,경상사고,0,0,1,0,차대사람 - 횡단중,보행자보호의무위반,젖음/습기,눈,교차로 - 교차로횡단보도내,승용,남,66세,상해없음,보행자,여,57세,경상
2021123000100357,2021년 12월 30일 17시,목요일,전라북도 전주시 덕진구 인후동1가,경상사고,0,0,1,0,차대차 - 측면충돌,안전운전불이행,건조,맑음,교차로 - 교차로부근,승용,여,51세,상해없음,승용,여,25세,경상
2021123000100358,2021년 12월 30일 17시,목요일,전라북도 군산시 산북동,경상사고,0,0,1,0,차대차 - 추돌,안전운전불이행,건조,맑음,교차로 - 교차로부근,화물,남,49세,상해없음,화물,남,58세,경상
2021123000100423,2021년 12월 30일 18시,목요일,전라북도 전주시 완산구 평화동1가,중상사고,0,1,0,0,차대차 - 정면충돌,신호위반,건조,맑음,단일로 - 터널,승용,남,27세,상해없음,이륜,남,47세,중상
2021123000100424,2021년 12월 30일 18시,목요일,전라북도 익산시 송학동,경상사고,0,0,1,0,차대사람 - 횡단중,보행자보호의무위반,젖음/습기,눈,교차로 - 교차로횡단보도내,승용,여,31세,상해없음,보행자,여,60세,경상
2021123000100476,2021년 12월 30일 19시,목요일,전라북도 전주시 완산구 효자동3가,경상사고,0,0,1,0,차대사람 - 횡단중,보행자보호의무위반,건조,맑음,교차로 - 교차로횡단보도내,승용,남,61세,상해없음,보행자,남,45세,경상
2021123000100522,2021년 12월 30일 20시,목요일,전라북도 전주시 완산구 중화산동2가,경상사고,0,0,1,0,차대차 - 기타,차로위반,건조,맑음,단일로 - 기타,승용,남,56세,상해없음,승용,남,75세,상해없음
2021123000100571,2021년 12월 30일 21시,목요일,전라북도 전주시 완산구 서완산동1가,경상사고,0,0,1,0,차대차 - 추돌,안전운전불이행,건조,맑음,교차로 - 교차로부근,승용,남,56세,상해없음,승용,남,46세,경상
2021123000100572,2021년 12월 30일 21시,목요일,전라북도 정읍시 상동,경상사고,0,0,1,0,차대차 - 측면충돌,중앙선침범,젖음/습기,눈,교차로 - 교차로안,승용,남,29세,상해없음,이륜,남,22세,경상
2021123100100107,2021년 12월 31일 10시,금요일,전라북도 전주시 덕진구 인후동1가,경상사고,0,0,1,0,차대사람 - 횡단중,보행자보호의무위반,건조,맑음,교차로 - 교차로횡단보도내,승용,여,32세,상해없음,보행자,여,61세,경상
2021123100100134,2021년 12월 31일 11시,금요일,전라북도 전주시 덕진구 팔복동1가,중상사고,0,1,0,0,차대차 - 측면충돌,신호위반,건조,맑음,교차로 - 교차로안,화물,남,53세,상해없음,자전거,남,49세,중상
2021123100100135,2021년 12월 31일 11시,금요일,전라북도 익산시 황등면,중상사고,0,1,2,0,차대차 - 측면충돌,안전운전불이행,건조,맑음,단일로 - 기타,승용,남,61세,상해없음,승합,남,58세,중상
2021123100100210,2021년 12월 31일 13시,금요일,전라북도 익산시 어양동,경상사고,0,0,3,0,차대차 - 측면충돌,신호위반,건조,맑음,교차로 - 교차로안,화물,남,40세,상해없음,승용,남,36세,경상
2021123100100297,2021년 12월 31일 15시,금요일,전라북도 익산시 덕기동,중상사고,0,2,0,0,차대차 - 기타,안전거리미확보,건조,맑음,단일로 - 기타,승용,남,59세,상해없음,화물,남,51세,중상
2021123100100385,2021년 12월 31일 17시,금요일,전라북도 전주시 덕진구 인후동2가,경상사고,0,0,1,0,차대차 - 측면충돌,신호위반,건조,맑음,교차로 - 교차로부근,승용,여,49세,상해없음,원동기,남,19세,경상
2021123100100447,2021년 12월 31일 18시,금요일,전라북도 군산시 산북동,경상사고,0,0,1,0,차대차 - 기타,안전운전불이행,건조,맑음,교차로 - 교차로안,승용,남,70세,상해없음,자전거,남,32세,경상
2021123100100550,2021년 12월 31일 20시,금요일,전라북도 전주시 완산구 평화동2가,경상사고,0,0,1,0,차대사람 - 횡단중,보행자보호의무위반,건조,맑음,교차로 - 교차로부근,승용,남,44세,상해없음,보행자,여,57세,경상
2021123100100551,2021년 12월 31일 20시,금요일,전라북도 전주시 덕진구 덕진동2가,경상사고,0,0,1,0,차대차 - 측면충돌,안전운전불이행,건조,맑음,교차로 - 교차로안,승용,남,61세,상해없음,이륜,남,58세,경상
2021123100100552,2021년 12월 31일 20시,금요일,전라북도 익산시 송학동,경상사고,0,0,4,0,차대차 - 측면충돌,신호위반,건조,맑음,교차로 - 교차로안,승용,남,38세,상해없음,승용,남,50세,경상
2021123100100632,2021년 12월 31일 23시,금요일,전라북도 전주시 덕진구 덕진동2가,중상사고,0,1,0,0,차대차 - 측면충돌,신호위반,건조,맑음,교차로 - 교차로안,승합,남,50세,상해없음,승용,여,33세,중상